# This file was exported by Greenbyte at 2022-01-27 23:58:53. Please see https://www.greenbyte.com for more information about Greenbyte.,,,,,,,,,,,,,,,,,,,
#,,,,,,,,,,,,,,,,,,,
# Turbine: Kelmarsh 3,,,,,,,,,,,,,,,,,,,
# Turbine type: Senvion MM92,,,,,,,,,,,,,,,,,,,
# Time zone: UTC,,,,,,,,,,,,,,,,,,,
# Time interval: 2020-01-01 00:00:00 - 2021-01-01 00:00:00 (366 days),,,,,,,,,,,,,,,,,,,
#,,,,,,,,,,,,,,,,,,,
"# Data that is missing or is erroneous has been marked with the value ""NaN""",,,,,,,,,,,,,,,,,,,
#,,,,,,,,,,,,,,,,,,,
# Date and time,Wind speed (m/s),Energy Budget - Default (kWh),Power (kW),Potential power default PC (kW),Nacelle temperature (°C),Transformer temperature (°C),Gear oil temperature (°C),Transformer cell temperature (°C),Grid voltage (V),Rotor speed (RPM),Generator RPM (RPM),Capacity factor,Blade angle (pitch position) A (°),Yaw bearing angle (°),Grid frequency (Hz),Performance Index,Drive train acceleration (mm/ss),Tower Acceleration X (mm/ss),Tower Acceleration y (mm/ss)
01/02/20 0:00,9.647847676,119.2528736,1761.928891,1647.096024,15.13000035,89.64749908,49.99499989,17.87249985,401.9168198,15.13060042,1792.393639,0.781463415,0.752314946,227.3137512,50.00315533,1.011729014,10.81981754,93.25873852,53.41566267
01/02/20 0:10,9.808246279,119.2528736,1742.596826,1714.463437,15.13750033,90.5,50.0524992,18.21999998,401.956488,15.11957046,1790.247128,1.047804878,1.398610209,227.3137512,49.99042988,0.978141674,11.69101048,93.75656214,46.45241947
01/02/20 0:20,10.08464193,119.2528736,1753.522021,1812.351596,15.16000037,90.97500038,50.08249893,18.04750023,402.6953659,15.14540859,1794.392881,0.778536585,0.791698998,227.3137512,50.0343195,0.948537084,11.50934315,78.94102774,52.05084612
01/02/20 0:30,9.634352756,119.2528736,1501.634973,1641.428157,15.12000041,90.34249916,49.72750034,17.7375,401.7089493,15.10747692,1790.194777,0.667317073,0.2814654,227.3137512,49.92641945,0.863934879,11.05379868,80.51749682,41.29445009
01/02/20 0:40,9.274054599,119.2528736,1474.153717,1490.102931,15.05750022,89.33749962,49.58750038,17.78500004,402.1358887,15.11896205,1790.856955,0.869268293,0.036499759,227.3137512,49.9552494,0.911203325,11.94269943,83.4366415,43.67201142
01/02/20 0:50,7.748124409,119.2528736,1022.423672,894.8735525,14.96999989,87.21750069,48.69500027,18.00999975,402.7703201,14.17305373,1680.486757,0.447804878,0,227.3137512,49.99142971,0.978843181,11.33455276,120.9860493,52.57061749
01/02/20 1:00,7.094069898,119.2528736,856.6809292,676.419346,14.76874971,83.5843749,47.40625,17.74687505,402.3085022,13.44462812,1593.68567,0.39804878,0,227.3137512,49.94594336,1.062410418,12.76016617,118.5710549,54.9649142
01/02/20 1:10,6.721079755,119.2528736,852.1117859,574.1542577,17.31750011,80.10249977,48.73999939,19.14250021,403.4854813,13.52379759,1604.387363,0.474146341,0,225.3935861,50.01482067,1.271762872,12.73690128,143.5253929,47.27660856
01/02/20 1:20,6.773456865,119.2528736,776.2943285,587.4580437,19.94444434,77.13333299,51.77777799,19.83333333,403.7098711,13.37128421,1583.822467,0.36,0,221.8259277,50.0069224,1.127799129,12.81950474,147.2857627,47.72630458
01/02/20 1:30,6.897107935,119.2528736,810.0741669,618.8654155,20.91499987,74.58250008,53.02749939,20.46499968,400.9779984,13.42403358,1591.768175,0.365853659,0,221.8259277,50.04310513,1.107361545,13.26825237,132.241391,46.5822001
01/02/20 1:40,6.017449594,119.2528736,644.5656342,395.4321968,19.17999992,71.83250084,50.68000031,19.13499985,399.3564789,12.55568759,1488.19289,0.40097561,0,221.8259277,49.97396946,1.374890176,13.05056763,137.5701498,37.74000969
01/02/20 1:50,6.677959061,119.2528736,816.2204407,563.2016014,21.67250023,69.25750008,53.11249981,19.28249989,400.4629074,13.31547122,1577.232353,0.351219512,0,221.8259277,50.05110989,1.246221766,11.32855225,142.875861,42.37621114
01/02/20 2:00,8.130808902,119.2528736,1174.289188,1030.800325,20.35499992,67.68749924,52.78000011,18.26250029,400.8747513,14.58661929,1729.695047,0.474146341,0.027999619,221.8259277,50.01506977,1.00539141,11.25381279,94.77851276,34.80214524
01/02/20 2:10,7.500463557,119.2528736,893.8004822,812.1548281,17.0650002,67.20499954,50.91500015,17.5375,402.157402,13.54160629,1605.60161,0.564878049,0,221.8259277,50.06667023,0.917469712,11.95331669,113.5478857,42.17345467
01/02/20 2:20,6.044216681,119.2528736,584.8941574,402.2310369,15.61000018,65.37999878,49.32250023,17.21749992,403.0990677,12.11185835,1434.929283,0.257560976,0,221.8259277,50.03649426,1.229574194,12.043643,117.2765949,52.31400013
01/02/20 2:30,7.355100536,119.2528736,786.4775345,763.6035791,18.55500002,63.31499939,52.36499996,17.36000051,402.9838516,13.27394266,1573.423336,0.336585366,0,221.8259277,49.95134983,0.860287315,10.28787613,116.8156221,43.47874055
01/02/20 2:40,6.884392619,119.2528736,811.9148239,615.6357253,21.2875,62.30249901,54.23750038,17.82750006,403.3405151,13.19694865,1563.701757,0.485853659,0,221.8259277,50.01604996,1.116660132,11.55086899,111.7935549,34.9825067
01/02/20 2:50,7.154142964,119.2528736,916.8704926,696.4837499,19.11500006,61.5199995,51.87000046,17.20249987,404.4986664,13.71459572,1624.979261,0.412682927,0,221.8259277,50.05844479,1.103100686,11.26290703,92.43163168,34.63029177
01/02/20 3:00,7.445611262,119.2528736,932.1668777,793.8341616,21.19000025,60.74999962,53.26250019,17.16250019,402.2450684,13.53483537,1604.582537,0.39804878,0.004999998,221.8259277,49.98024998,0.979579764,11.20128918,78.26882157,36.78898716
01/02/20 3:10,8.806224012,119.2528736,1445.571243,1298.264709,20.05500002,61.00499992,53.91249981,16.94749985,401.1957031,15.06961106,1784.763445,0.781463415,0.069996972,221.8259277,50.07765999,1.006780393,10.65951633,92.32020502,46.4439137
01/02/20 3:20,8.991923237,119.2528736,1556.15144,1371.801602,16.3775002,62.9925005,52.14249992,16.57999983,401.0266235,14.98525397,1775.21759,0.673170732,0.676762097,221.8259277,50.06820068,1.031012533,11.78365326,90.50283375,37.75595102
01/02/20 3:30,9.726645541,119.2528736,1801.740082,1680.191127,15.57249994,66.00249958,51.82249947,16.4750001,400.8959351,15.13335742,1793.271212,0.763902439,1.252636314,221.8259277,50.00414028,1.023035447,11.16272736,84.63591909,43.76202273
01/02/20 3:40,10.254229,119.2528736,1854.690619,1847.116944,15.32000003,69.91000061,51.79250011,16.34500012,401.5405701,15.13552634,1793.70278,1.097560976,2.308020592,221.8259277,50.09321499,0.982749135,12.51233482,90.49371109,36.85025611
01/02/20 3:50,10.48182368,119.2528736,1943.711755,1893.773855,15.12500033,73.7724987,51.74000015,16.38999991,400.0230011,15.15095955,1795.14287,0.860487805,3.105248,223.3032692,49.9906147,1.002412332,10.84917068,81.73159566,47.07354321
01/02/20 4:00,10.55798569,119.2528736,1989.931262,1909.387066,15.15000038,77.95249939,51.79249992,16.50499997,398.6033829,15.17049614,1796.582233,0.88097561,3.887547444,231.70401,49.95192451,1.021159812,11.01620674,99.61045713,45.07499952
01/02/20 4:10,9.542672515,119.2528736,1893.182941,1602.922456,15.14500027,81.70499992,51.65499973,16.7124999,398.648616,15.13095514,1792.12203,1.12097561,2.085904662,231.70401,49.92427425,1.103735182,11.84817886,106.3569924,65.32381396
01/02/20 4:20,9.807540798,119.2528736,1766.748297,1714.167135,15.03250012,83.71750145,51.26250057,16.85749998,399.0281311,15.05107981,1784.437311,0.766829268,1.00707845,231.70401,49.94604988,0.99179623,13.50309753,118.797606,42.71728258
01/02/20 4:30,9.784541869,119.2528736,1685.676819,1704.507585,15.00250001,84.76750107,51.04249973,16.85750008,399.3897125,15.14620788,1794.90909,0.749268293,0.6853151,231.70401,49.91327515,0.949344596,13.55452728,100.5787979,56.03855619
01/02/20 4:40,9.724213886,119.2528736,1754.633881,1679.169832,14.92999973,85.61999969,50.81499996,16.88249989,399.3477966,15.16645834,1797.144773,1.012682927,1.184789906,231.70401,49.94966469,0.996631815,12.312047,99.32821331,49.56592636
01/02/20 4:50,9.313314295,119.2528736,1665.715186,1506.592004,14.84249959,86.34000015,50.68999996,16.98999977,398.7972458,15.0932668,1789.296175,0.76097561,0.373974392,231.70401,50.00237999,1.02010233,12.8915081,104.0341343,45.29061089
01/02/20 5:00,7.871212316,119.2528736,1268.017691,935.9849134,14.6499999,86.20750008,50.20750008,16.86250048,400.2876358,14.72747558,1745.246332,0.617560976,0.032999753,242.133742,49.93485966,1.174664708,13.4841814,115.4414587,41.19590673
01/02/20 5:10,8.234164858,119.2528736,1205.447021,1071.729284,14.39499965,84.05999985,49.18999958,16.94499989,401.1447678,14.69681141,1741.382526,0.684878049,0,242.679657,49.98693485,0.997027484,14.18357372,112.9293715,50.77996869
01/02/20 5:20,7.882906723,119.2528736,1115.414851,939.8908455,14.2599999,81.59499931,48.67999992,16.70999985,400.3958847,14.35705067,1699.216621,0.500487805,0.024499745,242.679657,49.94485893,1.030127947,15.00131321,120.168963,63.00586929
01/02/20 5:30,8.003235566,119.2528736,1080.212838,980.2812841,14.12631567,79.0263178,47.75,16.66315781,400.2298777,14.19103376,1681.191005,0.459512195,0.052630659,242.679657,49.93426233,0.966784777,13.62872314,136.349621,60.28063945
01/02/20 5:40,7.804108882,119.2528736,1053.131709,913.5723666,16.83250008,76.54999847,48.95500011,16.76999969,401.2642609,13.88027617,1644.851452,0.623414634,0.110489886,242.679657,49.92840538,0.993128217,13.69215202,120.243762,55.83900023
01/02/20 5:50,7.668751097,119.2528736,1107.121082,868.3628663,18.41000004,75.34749908,51.05249996,16.87249985,403.0298309,14.06979306,1668.046412,0.491707317,0.14744722,242.679657,49.94767017,1.083304432,11.69683838,133.7817392,47.19423156
01/02/20 6:00,6.951421809,119.2528736,989.8781433,632.6611395,16.96749973,73.19250069,49.06499996,16.53499994,403.2265137,14.11564024,1671.848139,0.421463415,0,242.679657,49.98504009,1.318932144,13.70890713,126.9488424,36.14066622
01/02/20 6:10,8.531907392,119.2528736,1247.409958,1189.635327,17.00250006,71.81499939,49.25999889,16.5375001,402.445433,14.70699473,1742.49301,0.728780488,0.108997762,242.679657,49.97528954,0.939845356,14.26369572,107.2849441,46.16809931
01/02/20 6:20,9.964208436,119.2528736,1655.639966,1779.967543,16.27000031,72.05499992,49.79500008,16.26250019,401.4479172,15.14658482,1793.405605,0.711219512,1.319188997,242.679657,50.03779469,0.909459215,14.13384438,104.8854069,56.45697961
01/02/20 6:30,10.5254827,119.2528736,1829.929364,1902.723954,14.82749996,74.40249939,50.07249908,16.05249982,401.3206848,15.16552649,1796.884987,0.816585366,1.962269112,242.679657,49.97609959,0.940548054,14.34597301,123.436445,49.47299662
01/02/20 6:40,10.45009481,119.2528736,844.0363522,1887.269435,14.52222215,76.81666565,47.86666573,15.99166669,402.6190525,7.045475054,838.1859775,0.661463415,49.25943207,242.679657,49.93517727,NaN,13.7357645,68.36045986,45.37144672
01/02/20 6:50,10.52534585,119.2528736,569.3240247,1902.695899,14.79499974,73.77249947,46.29749985,16.06750007,404.4340347,6.271919685,745.6930928,0.152195122,47.8628353,236.2555551,49.93105469,NaN,8.473413467,49.06891317,52.4318244
01/02/20 7:00,9.797944093,119.2528736,1926.654126,1710.136519,14.29249997,74.41749954,53.12749958,16.2250001,403.0961197,15.13847038,1793.927416,0.860487805,2.53146593,232.8015747,49.92261963,1.083018568,6.05708313,115.3415977,54.14234529
01/02/20 7:10,10.13528049,119.2528736,1902.615796,1822.7325,13.85749989,77.59749947,51.77000065,16.01250024,403.3499969,15.13103083,1792.935688,1.12097561,2.048413364,232.8015747,50.01810532,1.022811789,14.08135033,93.92937279,59.16082163
01/02/20 7:20,11.3283294,119.2528736,1980.787018,2013.133176,13.8250001,80.64000053,51.31250172,15.61500001,402.3932205,15.21995303,1801.435427,0.869268293,4.671749429,238.1815784,49.90868492,0.984428425,13.20009136,120.9724371,66.75632935
01/02/20 7:30,10.00356092,119.2528736,1835.194794,1795.72999,13.70750022,83.71250038,51.16250095,15.81750007,401.592952,15.15676412,1796.411264,0.84,2.521195128,240.4845276,49.95675488,1.00272348,16.51202965,127.4687293,57.85536394
01/02/20 7:40,10.60409484,119.2528736,1928.062183,1918.839442,13.74750028,85.56499939,51.00999947,15.9,400.8416885,15.22569756,1804.101311,1.100487805,3.20446946,240.4845276,49.9572443,0.987184355,15.91020584,101.3453851,53.03632375
01/02/20 7:50,10.13036139,119.2528736,1830.129974,1821.724085,13.6800004,87.62499924,50.96249962,15.8525001,398.9792313,15.14981787,1796.247992,0.822439024,2.280039387,241.0304425,49.94573021,0.984437071,16.12001419,116.6428139,62.33893776
01/02/20 8:00,9.761357474,119.2528736,1898.584424,1694.770139,13.62750034,88.63999977,50.65500011,15.94750009,399.3212311,15.12200215,1790.884741,0.807804878,2.178598213,240.0864076,49.98241959,1.072746675,15.56837177,126.2441066,59.24316835
01/02/20 8:10,8.026524734,119.2528736,1353.653024,989.5037949,13.46000009,88.76000023,50.12749996,16.11000004,397.7466965,14.82355236,1755.32733,0.848780488,0.148491295,240.1548989,49.93783455,1.201565407,15.38357925,108.9452517,47.75388994
01/02/20 8:20,7.911439193,119.2528736,1149.731111,949.4206904,13.26842112,86.66842009,48.94999996,16.07631578,401.7372469,14.2361304,1687.532971,0.488780488,0.067366175,243.7772217,49.9503734,1.053934722,14.04546261,112.2218561,47.50420351
01/02/20 8:30,9.407333422,119.2528736,1540.227054,1546.080037,13.30000005,84.57999954,48.89250011,15.98250022,403.2506668,14.95452797,1771.754173,0.664390244,0.316981782,243.7772217,49.89905968,0.922841533,13.23030758,122.7379122,55.44912047
01/02/20 8:40,9.823745894,119.2528736,1591.755688,1720.973276,13.25750003,83.56499901,48.9625,15.63249998,405.2658264,15.07792166,1788.067429,0.92195122,0.475798813,234.6628532,49.94302464,0.891536614,13.46871376,121.4336645,62.62802849
01/02/20 8:50,7.890129763,119.2528736,1169.626748,942.3033407,13.19705873,83.15000018,48.78823449,15.6852941,404.2346658,14.36669947,1701.911148,0.535609756,0.18116105,245.08649,49.93619358,1.07815257,13.1154623,115.1753938,52.83190559
01/02/20 9:00,8.453260077,119.2528736,1388.14644,1158.490991,13.17777771,81.03611035,47.7333338,16.03611114,399.283571,14.87129788,1760.291875,0.605853659,0.292037585,252.5577393,50.07175552,1.07105373,14.84321213,122.4260483,42.48637205
01/02/20 9:10,10.28242533,119.2528736,1662.060495,1852.897193,13.22249994,80.16999855,47.83750038,15.75749989,396.8623199,14.9459504,1770.11055,0.892682927,2.547213359,252.5577393,50.02663479,0.877696001,16.62138557,120.3034843,60.0762825
01/02/20 9:20,9.942044806,119.2528736,1768.12587,1770.658819,13.49500012,81.90249901,48.78750019,15.83000002,396.5603989,15.04936203,1786.624323,0.775609756,2.46197066,252.5577393,50.02672462,0.974209253,15.82521439,149.9182533,58.54606771
01/02/20 9:30,11.34878531,119.2528736,1867.952673,2013.951412,13.86749992,84.15000038,49.2699995,16.01499987,397.2645065,15.20504759,1797.65098,0.848780488,4.412005604,252.5577393,50.05211525,0.927739497,16.98096657,188.7741009,66.3086031
01/02/20 9:40,8.757980084,119.2528736,1381.149777,1279.160113,13.95749984,85.15000038,48.88250008,16.31749992,397.4658386,14.88560799,1766.448835,0.84,0.431921662,252.5577393,50.05391521,0.974879591,18.34896469,125.4992064,71.39065046
01/02/20 9:50,9.317360973,119.2528736,1670.874985,1508.291609,14.09500003,84.55999947,48.79250031,16.48749995,397.464003,15.08269224,1784.962292,0.72,1.712477371,252.5577393,50.07876511,1.022289092,17.25172997,136.5578817,76.00773811
01/02/20 10:00,9.583992624,119.2528736,1660.843521,1620.276902,14.3000001,85.12499962,48.92250042,16.62499981,397.8516983,15.0008499,1778.084129,0.673170732,2.275582572,252.5577393,50.11952457,0.962492833,16.06924057,136.2636823,59.79799914
01/02/20 10:10,10.22751171,119.2528736,1808.502917,1841.6399,14.54210527,85.97105287,49.22894709,16.66052628,397.0727378,15.10970367,1789.018647,1.071219512,3.224753267,252.5577393,50.05713152,0.961372351,15.0488987,142.1773471,84.2965631
01/02/20 10:20,11.05685287,119.2528736,1802.402225,2002.274115,14.67750006,87.72999954,49.50499954,16.74500008,397.2237518,15.12903012,1790.578783,0.804878049,4.572696509,252.5577393,50.07969971,0.903678846,15.47185612,132.5517893,57.59830031
01/02/20 10:30,10.67901306,119.2528736,1832.478552,1934.197678,14.95499983,89.31999969,49.6425005,17.01999998,397.6263016,15.08993639,1789.74622,0.778536585,3.637815352,252.5577393,49.99391041,0.934826657,16.96280098,147.2230852,64.2406498
01/02/20 10:40,10.64524791,119.2528736,1845.54054,1927.275822,14.99499998,90.79250069,49.82250023,17.38999977,398.235495,15.13515508,1793.772017,1.091707317,3.353684499,252.5577393,49.91526432,0.94303851,16.52981567,123.9905735,75.32421989
01/02/20 10:50,11.83525279,119.2528736,1971.154578,2033.410111,15.35499988,92.34499931,50.07749939,17.34000015,398.3366791,15.17657746,1797.465483,0.872195122,7.358684014,252.5577393,49.95497475,0.970193999,17.88305855,123.1810631,85.58893647
01/02/20 11:00,11.66729937,119.2528736,1955.709344,2026.691975,15.52250004,94.28000069,50.33999977,17.63250008,398.3373154,15.18225351,1800.95137,0.875121951,6.202808695,252.5577393,49.93414974,0.964604557,18.69579506,136.2277012,89.42446947
01/02/20 11:10,13.90751733,119.2528736,2023.513569,2050,15.76842117,95.85526316,50.52894753,17.66578915,399.2752236,15.10890202,1789.514851,1.156097561,9.466344614,264.9319462,49.98627331,0.987021065,19.5766983,126.3779845,93.02302632
01/02/20 11:20,15.21087862,119.2528736,2046.750409,2050,16.06315834,97.92631531,50.81315793,17.97631605,399.6371364,15.10746205,1786.940623,0.895609756,13.42155242,261.3382568,50.02447911,0.998964116,18.91387939,136.1629046,101.8011343
01/02/20 11:30,11.89363177,119.2528736,1953.532548,2035.745271,16.14500055,99.57749977,51.01499977,18.04499989,399.401915,15.16333844,1796.075712,0.886829268,6.328242161,261.3382568,50.0130846,0.960823679,19.30084229,136.9240476,85.67967653
01/02/20 11:40,11.3537601,119.2528736,1948.891821,2014.150404,16.20000038,100.4075005,50.90750008,18.43500004,399.0156418,15.17041701,1797.569469,1.129756098,4.501254415,261.3382568,49.96379471,0.967783782,17.60877228,137.3168432,67.07264376
01/02/20 11:50,11.99865837,119.2528736,1960.2849,2039.946335,16.44499979,101.3575008,51.07499924,18.7000001,399.0652481,15.07962576,1787.294512,0.872195122,6.262652277,261.3382568,49.91869488,0.962889333,16.44804192,151.7481438,62.37952404
01/02/20 12:00,11.00265043,119.2528736,1804.668127,2000.106017,16.41999989,102.1100006,50.98250008,18.88250027,398.1392319,15.050863,1784.867128,0.80195122,4.65291188,261.1736281,49.87211533,0.906412078,16.60377884,148.342794,69.36566734
01/02/20 12:10,12.59276991,119.2528736,1912.993066,2045.927699,16.52250013,102.1424995,51.01749935,18.8375,398.9924637,15.09940021,1793.179934,1.138536585,8.078008364,252.837929,49.97005463,0.936607522,17.75822258,156.7700163,81.77756939
01/02/20 12:20,11.77165749,119.2528736,1929.768958,2030.8663,16.29000015,102.6650002,51.17500038,19.04749994,399.2747162,15.18996696,1797.932545,0.825365854,6.112316054,257.5692221,49.94671516,0.950575169,17.79244423,131.1255306,65.46948366
01/02/20 12:30,12.67039819,119.2528736,1989.2526,2046.703982,16.25750046,103.0574989,51.11249943,18.91250029,399.1772797,15.1651272,1796.067896,0.872195122,9.259256803,255.2176721,49.94167938,0.973413903,18.34546089,115.5502476,75.13249474
01/02/20 12:40,11.28916259,119.2528736,1984.053326,2011.566504,16.35999985,103.8774994,51.26500149,19.10250025,399.7010803,15.20243226,1801.843277,1.15902439,5.08524777,259.1431274,49.99483452,0.987297851,18.43499184,172.3490593,61.82969017
01/02/20 12:50,12.04562168,119.2528736,2036.195038,2040.456217,16.33500023,104.2574989,51.3275013,18.98499994,400.0168488,15.23173812,1807.977722,0.872195122,6.572448722,259.1431274,50.00855446,0.999923483,17.15444756,152.7478888,69.39244165
01/02/20 13:00,12.3046056,119.2528736,1997.109406,2043.046056,16.52250013,104.8150009,51.47250061,18.67250042,400.9490524,15.17330441,1796.225647,0.866341463,8.021268678,259.1431274,49.94876976,0.979416636,17.27736092,131.3944943,59.00836048
01/02/20 13:10,10.58811247,119.2528736,1699.921637,1915.563057,16.30500011,104.15,50.96250019,18.97999992,400.9424347,14.92205344,1766.843147,1.003902439,4.699810919,257.7684994,49.95262947,0.871053875,15.77975178,132.3312341,64.12543483
01/02/20 13:20,12.73434596,119.2528736,1958.153986,2047.34346,16.39999981,103.7450008,51.14249992,18.9125001,400.9577377,15.16166711,1796.032047,0.863414634,7.47008387,269.5705962,49.94965992,0.95776644,18.29193497,107.8264133,74.90531979
01/02/20 13:30,10.4835501,119.2528736,1744.1745,1894.12777,16.15250082,103.772501,51.04999981,18.6125,400.7251877,15.13158301,1793.190382,0.810731707,3.134895322,264.6309509,49.96292992,0.899324651,17.89344978,130.3180683,75.45636101
01/02/20 13:40,10.48134117,119.2528736,1840.304944,1893.67494,16.12500057,103.0399998,50.93499947,18.72250032,400.8461685,15.13104053,1793.822748,1.056585366,3.150693114,264.6309509,49.94311447,0.949137043,17.29522705,131.8126392,81.47295637
01/02/20 13:50,8.628933597,119.2528736,1342.517661,1228.057704,16.00000005,101.2774994,50.21249981,18.74250011,401.0931717,14.50749309,1718.515131,0.544390244,0.850381042,263.8596775,49.89569988,0.983056204,17.42237282,135.5285217,64.76308937
01/02/20 14:00,10.12198755,119.2528736,1698.218916,1820.007449,15.87777768,99.1277771,50.10555479,18.83333333,401.5465393,14.99504586,1781.200422,0.752195122,3.085382989,257.4260116,49.96662161,0.914418583,15.99628735,127.2272932,64.13680538
01/02/20 14:10,9.52871356,119.2528736,1634.171066,1597.059695,15.76750002,97.71499977,49.9399992,18.90999966,400.7905334,14.7512126,1752.778879,0.989268293,2.950161278,251.4601746,49.95384464,0.954669156,16.5454998,121.3355965,59.31692915
01/02/20 14:20,10.22432475,119.2528736,1848.44082,1840.986574,15.67999997,97.72750015,50.28999977,19.12749987,401.220253,15.15609558,1795.601349,0.793170732,3.058918552,251.4601746,50.01973019,0.982981651,15.4610014,148.6507157,65.49985075
01/02/20 14:30,13.18346572,119.2528736,2027.064117,2050,15.875,98.26500053,50.53000011,18.46750011,400.9392044,15.25177641,1807.821087,0.848780488,8.489150737,255.7395964,49.94632473,0.989383017,16.22579765,128.5242437,69.87483301
01/02/20 14:40,11.6689698,119.2528736,2014.691461,2026.758792,15.87000008,99.55250053,50.7875,18.61000004,401.0085526,15.14349537,1792.748966,1.179512195,7.735637755,255.8504333,49.99891491,0.993675343,17.09374237,127.8603769,73.95353804
01/02/20 14:50,9.800654173,119.2528736,1659.871927,1711.274753,15.65749998,99.96499863,50.57999992,18.96750031,400.6960205,15.080742,1788.090025,0.722926829,1.673481485,253.078888,49.99621983,0.932699235,18.23679352,131.4212999,59.4200757
01/02/20 15:00,13.03680325,119.2528736,2003.308545,2050,15.92250009,99.88000031,50.69749985,18.41000013,401.0985168,15.1249909,1791.618427,0.875121951,8.762521965,263.6618122,49.96209488,0.97798146,17.4852066,167.8430067,69.14228201
01/02/20 15:10,12.22038741,119.2528736,1974.487067,2042.203874,16.09000034,101.014999,51.00249958,18.64749994,401.1027664,15.08765584,1789.332132,1.170731707,7.124107905,257.7656888,50.0727396,0.968743971,18.46651077,118.7122255,63.64355135
01/02/20 15:20,12.43764296,119.2528736,1999.018408,2044.37643,16.07000022,102.1775002,51.14750004,18.48500042,399.9662521,15.10471196,1790.981976,0.889756098,8.316023448,252.5577393,50.01565952,0.979679148,17.3996315,159.512335,72.38840737
01/02/20 15:30,12.87807546,119.2528736,2061.425269,2048.780755,15.99250007,103.3724983,51.32750149,18.49250002,399.4274338,15.21813744,1802.372692,0.892682927,8.967745583,252.5577393,50.04829464,1.007262751,18.54254532,129.6707853,76.2237998
01/02/20 15:40,11.53621085,119.2528736,1968.477319,2021.448434,15.81500006,104.297501,51.37750168,18.5625001,398.575795,15.09524404,1789.13376,1.167804878,6.594980922,252.5577393,49.96021442,0.972489065,18.34250069,156.6897995,79.08094225
01/02/20 15:50,12.17257032,119.2528736,2021.162683,2041.725703,15.76500006,105.1074997,51.42500114,18.75000019,397.7527985,15.23603582,1804.655869,0.889756098,6.964603107,252.5577393,49.90828457,0.991889729,17.36388779,111.3665417,65.29642134
01/02/20 16:00,11.98529344,119.2528736,1984.692493,2039.411737,15.70499983,105.7525005,51.45250072,18.54499998,397.7299194,15.22726759,1806.124111,0.88097561,6.422474551,252.5577393,49.99358521,0.975039871,17.19089317,151.0358017,74.50454884
01/02/20 16:10,11.64261117,119.2528736,1945.539661,2025.704447,15.76000004,106.2525002,51.4475008,18.51500015,399.9823853,15.17376865,1796.604177,1.147317073,6.2523818,252.5577393,50.00033474,0.95988363,18.17494202,204.698988,90.95176497
01/02/20 16:20,13.30833559,119.2528736,2018.934686,2050,15.84250002,106.4300003,51.51000042,18.34750042,400.9496506,15.095622,1789.530327,0.895609756,9.879406507,252.5577393,49.98257942,0.985249417,18.44859314,116.6350388,86.07721949
01/02/20 16:30,13.02035708,119.2528736,2041.470026,2050,15.81250014,107.0475002,51.67500038,18.27749996,400.7278183,15.16517347,1798.584789,0.895609756,10.87948956,252.5577393,49.91968975,0.996633336,18.46462822,149.5715136,99.89157581
01/02/20 16:40,12.84952641,119.2528736,2012.717401,2048.495264,15.86500006,107.6824986,51.74750004,18.31750002,400.740036,15.12849601,1792.710823,1.191219512,9.859008645,253.8977051,49.90304527,0.983659667,18.88871193,180.131637,86.48607082
01/02/20 16:50,12.15400796,119.2528736,2002.375922,2041.54008,15.75250001,107.7199997,51.66500034,18.2499999,399.8271515,15.16034152,1793.016489,0.863414634,6.372202311,263.5333862,49.90855942,0.982764447,20.19871712,182.6618805,85.92071743
01/02/20 17:00,11.86049767,119.2528736,2022.660321,2034.419907,15.65250001,108.0774998,51.70500069,18.21000004,398.8044998,15.13216567,1795.362556,0.892682927,7.947341848,254.1958814,49.88334007,0.995232787,17.91489983,146.2290094,88.6654788
01/02/20 17:10,12.22807226,119.2528736,1989.716235,2042.280723,15.61250029,108.3074982,51.72500038,18.3999999,402.7294815,15.13488244,1795.462744,1.179512195,6.958184788,256.947998,49.93187485,0.976177075,17.34287262,128.0945393,74.95222092
01/02/20 17:20,10.95154779,119.2528736,1943.777417,1990.067297,15.44499993,108.1425003,51.63499985,18.04000006,403.0497635,15.18633637,1800.752478,0.842926829,4.095210756,251.4601746,49.98712997,0.97863565,17.07790375,135.2037584,70.83309736
01/02/20 17:30,9.715693545,119.2528736,1732.243628,1675.591289,15.30000014,106.8300011,51.23500061,18.14750013,402.5246536,15.10357189,1791.372557,0.781463415,1.717835585,251.4601746,49.94299965,0.985104113,16.42572784,102.2345842,55.11876965
01/02/20 17:40,10.01476576,119.2528736,1854.685592,1798.026982,15.17105298,105.2868415,51.02368385,17.83421065,402.5633545,15.12557976,1792.027269,1.056585366,2.614488736,251.4601746,49.94532575,1.011963264,16.1090374,138.0106022,62.12009877
01/02/20 17:50,9.638882065,119.2528736,1705.660321,1643.330467,14.89999976,104.1625008,50.86000004,17.86249981,400.881366,15.0644896,1784.613859,0.743414634,1.502573351,251.4601746,50.08213043,0.980678825,16.16896248,139.9363135,54.82594619
01/02/20 18:00,10.01917198,119.2528736,1760.641455,1798.930255,14.77999964,102.7375008,50.65000019,17.91249952,397.7094986,15.07664971,1788.611549,0.775609756,2.196206231,251.4601746,49.99248943,0.960125185,16.30796242,138.5722263,69.29749146
01/02/20 18:10,10.81283021,119.2528736,1951.391443,1961.630193,14.76999974,102.8849995,50.89750004,17.41000004,397.7063477,15.13629283,1794.755253,1.153170732,3.644606895,262.2164922,49.96136456,0.989053394,16.02999878,148.8450256,66.49578171
01/02/20 18:20,10.99019825,119.2528736,1956.940861,1997.990641,14.68823517,103.1058825,50.83529416,17.31764715,398.107508,15.21387419,1800.524025,0.825365854,4.033638748,262.4358215,49.91837019,0.983438913,16.45191574,138.9858434,77.06828773
01/02/20 18:30,10.0869437,119.2528736,1829.529187,1812.823458,14.56000009,102.9849995,50.76499977,17.18999987,399.3350464,15.12702441,1791.532082,0.79902439,2.304970908,262.4358215,50.00783997,0.989371533,16.26250076,115.9571609,57.67621241
01/02/20 18:40,10.50400581,119.2528736,1904.258014,1898.321192,14.40499978,102.5574993,50.69250011,17.0375001,399.77439,15.17813145,1796.578463,1.097560976,3.106872084,262.4358215,50.01563664,0.979782469,15.87425804,127.6113668,74.70730686
01/02/20 18:50,10.06871519,119.2528736,1740.537943,1809.086614,14.32250009,102.0599991,50.58750057,16.88499994,401.2148597,15.11632231,1790.565296,0.763902439,1.344510368,262.4358215,50.06023371,0.94336287,17.04478645,144.1319766,64.60156331
01/02/20 19:00,10.42357078,119.2528736,1904.388715,1881.832011,14.22105252,101.1724995,50.45250053,16.78500023,399.9219119,15.14760523,1793.17713,0.819512195,2.420920167,262.4358215,49.92453143,0.988892506,16.44759369,103.2699245,57.32209206
01/02/20 19:10,11.00635224,119.2528736,2018.222925,2000.25409,14.17619038,101.5275002,50.70249996,16.60249987,400.4646069,15.15747938,1795.31349,1.153170732,5.088439704,262.4358215,49.99486633,1.013549858,15.89659023,106.3017557,76.67957897
01/02/20 19:20,11.27259997,119.2528736,2053.003992,2010.903999,14.02631579,102.3974987,50.90500031,16.52894718,401.8557386,15.16869338,1797.098631,0.898536585,6.360565568,262.4358215,50.04676297,1.022155086,14.44645691,111.3338174,68.55562429
01/02/20 19:30,10.91189566,119.2528736,2031.448163,1981.938611,14.03095232,103.2275005,51.00749969,16.29523804,402.830336,15.19110256,1801.214029,0.889756098,5.122967847,262.4358215,49.93796501,1.024725323,12.7258215,92.00346565,49.9467427
01/02/20 19:40,10.43535298,119.2528736,1957.053293,1884.24736,13.95526299,103.6578947,50.98684211,16.23157883,404.2735794,15.15089195,1795.996152,1.16195122,2.753064743,262.4358215,50.07509995,1.014826895,12.09894943,85.96323957,62.0919487
01/02/20 19:50,10.77756157,119.2528736,2037.711267,1954.400122,13.93749976,104.0625008,51.02249966,16.34999981,402.9343323,15.17405547,1796.627174,0.886829268,3.968899516,262.4358215,50.02632065,1.034566998,12.60821438,92.66952686,41.81742449
01/02/20 20:00,11.0057492,119.2528736,2024.139796,2000.229968,13.9763157,104.6342099,51.04210462,16.20263145,398.4064154,15.12695813,1792.647731,0.892682927,4.916151889,262.4358215,49.94979417,1.016541268,12.37871552,114.9758439,61.14702636
01/02/20 20:10,11.51035337,119.2528736,2053.847504,2020.414135,13.93749976,105.4950005,51.07999916,16.12749996,398.1786453,15.19084704,1800.691149,1.197073171,5.733900198,262.4358215,49.966185,1.014991853,12.66409588,118.6342831,63.08184586
01/02/20 20:20,10.41604906,119.2528736,1904.435525,1880.290057,13.91176454,105.9000002,50.98235254,16.16764697,398.4751156,15.20395917,1801.023082,0.822439024,2.612896708,262.4358215,50.01324687,0.989796473,12.6428957,103.2949672,57.500184
01/02/20 20:30,10.33363507,119.2528736,1822.003366,1863.39519,13.82307698,104.5961544,50.56923147,16.22692321,398.7875108,15.16880482,1796.55164,0.766829268,2.191432504,262.4358215,50.03904548,0.956273926,15.30797768,146.3726874,90.3713844
01/02/20 20:40,9.260040116,119.2528736,1560.312982,1484.216849,13.63250031,102.8875015,50.17249889,16.19749966,398.1706146,14.99176843,1778.094543,0.933658537,0.275964856,262.4358215,49.93582935,0.96768,15.67724323,140.3586975,50.57370281
01/02/20 20:50,8.818976402,119.2528736,1456.692203,1303.314655,13.51000009,100.2949997,49.59249992,16.13250017,398.9645462,14.74335811,1748.097439,0.64097561,0.473440895,262.4358215,49.91214504,1.010971451,16.02310181,145.1654039,55.80397072
01/02/20 21:00,7.268098044,119.2528736,912.9292709,734.5447468,13.2650001,96.40749969,48.21250019,16.1900001,399.3334473,13.48384966,1603.068489,0.430243902,0.064495339,262.4358215,49.94003925,1.039478043,15.09405899,139.7114971,56.4645309
01/02/20 21:10,7.584904134,119.2528736,991.7620438,840.3579808,13.14000001,90.81749878,48.33250008,16.30749984,400.3690659,13.76125315,1632.034893,0.52097561,0,262.4358215,49.92562981,0.993572651,13.39142418,141.1566715,54.60887547
01/02/20 21:20,7.057487893,119.2528736,928.7192169,664.2009563,13.23750005,87.46500053,50.69499969,15.65249996,401.350267,13.24571885,1571.132166,0.44195122,0.129991462,262.4358215,49.93515511,1.173749082,13.62599373,129.6179093,49.47063751
01/02/20 21:30,7.596654224,119.2528736,935.6919403,844.2825109,16.51500006,83.52500038,51.5875,15.97249994,402.1233704,13.78049067,1632.814522,0.44195122,0,262.4358215,49.98468437,0.934277444,12.50173283,88.85473504,43.73538651
01/02/20 21:40,6.879993296,119.2528736,702.9549927,614.5182971,18.625,79.42750053,53.08499966,15.67249994,402.381871,12.69280998,1506.380087,0.395121951,0,262.4358215,50.00826473,0.968851612,11.22771168,122.6011421,40.53902578
01/02/20 21:50,6.094892395,119.2528736,616.1149338,415.1026682,19.89250021,75.57500038,54.31249962,15.65750008,402.7684341,12.19757044,1447.194197,0.275121951,0,262.4358215,49.95600967,1.260706818,9.934271812,135.8538507,40.97218523
01/02/20 22:00,6.522386777,119.2528736,640.3485771,523.6862415,20.25999985,71.93250008,54.72749996,15.34249997,403.7519318,12.25364368,1452.947725,0.313170732,0,262.4358215,49.92651005,1.066194166,9.200703621,143.7658423,44.07014441
01/02/20 22:10,4.551012135,119.2528736,297.3660568,155.1623469,19.81499987,68.68999977,53.16999969,15.18500009,404.6555328,10.05769336,1195.839706,0.175609756,0.048999571,262.4358215,49.9237299,1.684575991,9.413311005,181.9801867,44.93578668
01/02/20 22:20,5.383428812,119.2528736,341.8286491,276.317759,20.76749964,65.45499992,53.92250004,14.94500003,403.5921677,10.40731975,1235.261553,0.149268293,0.048999571,259.4952096,49.95667934,1.084218768,8.926438332,118.5000381,36.35969961
01/02/20 22:30,4.898149431,119.2528736,386.4532986,193.6945868,21.40250044,62.48750019,54.46499977,14.81250005,400.5197128,10.75700261,1277.518055,0.184390244,0.098497939,250.9575347,49.92647972,1.675558409,8.310931206,153.3792879,47.14500189
01/02/20 22:40,5.481940103,119.2528736,417.1741638,294.6408591,21.82000027,60.0824995,55.07250042,14.45499997,401.4334045,10.90464386,1294.337946,0.231219512,0.024499745,251.397353,49.91079979,1.252995391,8.85174942,115.1903677,42.40133157
01/02/20 22:50,5.952128136,119.2528736,471.5647263,382.0958333,18.08000007,57.94250011,55.74750004,14.19250007,402.7159836,11.15065616,1324.171137,0.181463415,0,247.0699158,49.94611969,1.043145304,9.484810829,127.0531656,44.68556886
01/02/20 23:00,5.535251498,119.2528736,420.3913574,304.5567787,14.77999992,56.15500011,56.85500011,13.93749986,403.3326172,10.9259592,1297.289732,0.204878049,0,247.0699158,49.89983978,1.21776692,9.609084129,140.5954964,32.6177178
01/02/20 23:10,7.030015469,119.2528736,845.37164,655.0251665,16.73000002,54.92750034,56.7149992,13.75,400.506221,13.59741837,1611.379017,0.459512195,0,243.2753055,49.99684982,1.083961006,9.978327751,132.5883595,43.57807074
01/02/20 23:20,7.011935592,119.2528736,725.6056534,648.9864876,18.53000002,54.30999985,55.20500011,13.5775001,400.6057846,12.778497,1518.72068,0.304390244,0,232.9656385,50.01977959,0.939391036,12.13041115,109.2070332,48.84572563
01/02/20 23:30,7.982698631,119.2528736,1060.420358,973.2213428,18.08250017,54.34999962,54.95499992,13.4650001,400.5728699,14.54034014,1724.477194,0.468292683,0,237.1918335,49.92596436,0.954364289,11.14971161,114.6561977,50.60979676
01/02/20 23:40,7.510004497,119.2528736,850.7469849,815.3415019,16.53500004,54.35499973,52.65750008,13.09000001,401.4777496,13.62681672,1616.198919,0.52097561,0,237.1918335,49.94285927,0.870854424,13.56738663,65.03831782,26.1162344
01/02/20 23:50,7.223436689,119.2528736,682.6156128,719.6278543,19.025,53.66749973,53.63500023,13.26499991,402.0904678,12.68493471,1505.313229,0.298536585,0,237.1918335,49.97778454,0.793919006,7.481224537,97.74379859,29.50224347
02/02/20 0:00,7.086445546,119.2528736,710.75047,673.8728124,21.4625,52.725,55.83250008,13.1025001,401.891684,12.88803439,1528.025866,0.310243902,0,237.1918335,49.93705959,0.884892057,8.116371155,96.3332891,27.23944812
02/02/20 0:10,7.889960384,119.2528736,887.0950714,942.2467684,18.63250008,52.26499977,53.81749973,12.85750003,402.6746521,13.75380452,1631.187143,0.503414634,0,237.1918335,49.96653938,0.817753386,8.69077301,56.32905035,25.80730312
02/02/20 0:20,7.506846708,119.2528736,718.1375266,814.2868006,19.44999998,51.77352928,53.65294131,12.8088237,403.0149051,12.93309988,1532.728945,0.31902439,0,237.1918335,49.96648788,0.735786051,6.679906368,58.44885209,18.4684451
02/02/20 0:30,8.045245522,119.2528736,881.8192203,996.9172267,19.93157919,51.24736806,54.5131585,12.69210529,402.3150908,13.7728202,1633.653145,0.380487805,0,237.1918335,49.95268892,0.777611701,5.514824867,47.06575002,21.11361905
02/02/20 0:40,7.269545937,119.2528736,670.3416992,735.0283428,18.12999992,51.04500027,52.24250011,12.54499998,402.4439377,12.60328075,1494.210966,0.412682927,0,237.1918335,49.93185425,0.762743845,5.743484497,37.25798824,17.45898094
02/02/20 0:50,5.828372002,119.2528736,343.8687813,359.0771923,20.8,49.91500015,53.58249874,12.56749992,402.9466476,10.31421344,1224.215429,0.152195122,0,237.1918335,49.96249504,0.81806955,4.70159483,48.96972513,16.31064415
02/02/20 1:00,5.884839177,119.2528736,325.6503277,369.5800869,20.95333354,48.59062529,53.85937452,12.625,402.6041585,10.16959526,1207.858164,0.137560976,0,237.1918335,49.92433268,0.748941196,4.055549622,46.45087636,19.12459892
02/02/20 1:10,5.480028081,119.2528736,296.3058548,294.2852231,15.83809526,47.55249958,54.39750042,12.13749981,403.5569016,9.899442807,1177.579914,0.178536585,0,237.1918335,49.99780502,0.89088115,4.432038784,39.70173137,16.63748429
02/02/20 1:20,4.884442505,119.2528736,200.7302429,192.1731181,14.31578942,46.36500015,54.39500008,12.0749999,403.6690659,9.316161007,1106.531301,0.093658537,0.172998394,237.1918335,49.93906975,0.878451702,3.915226221,77.95477848,29.57359073
02/02/20 1:30,3.717240238,119.2528736,49.35241933,73.07577763,17.57750015,45.47105247,53.88999958,12.18157889,403.9373657,9.397714242,1117.196045,0.029268293,1.340003208,237.1918335,49.99227009,0.564316098,3.728267908,114.2865547,22.96803811
02/02/20 1:40,3.102153265,119.2528736,91.85001869,27.55934165,19.25000019,44.49999943,53.70999851,12.17499981,404.5755325,9.508733511,1129.973247,0.046829268,1.129500563,216.7756616,50.03055916,2.191254993,4.964064121,120.6950224,39.32804375
02/02/20 1:50,3.166602302,119.2528736,104.0268341,32.32857032,20.03999977,43.67000027,53.89210631,12.33499994,404.9637955,9.559961468,1135.741539,0.046829268,0.991500031,216.3381042,49.99997482,2.258219921,4.795789242,133.206337,48.07028966
02/02/20 2:00,4.955284774,119.2528736,157.6021345,200.0366099,20.55750027,42.84500027,53.88250065,12.08250003,404.9597473,9.420317888,1121.238201,0.061463415,0.517498361,216.3381042,49.98245983,0.657912171,5.336149216,71.5868392,25.0936398
02/02/20 2:10,5.28694104,119.2528736,204.9180065,258.3710334,20.86499996,42.12750053,53.63749828,11.86249986,404.5443787,9.344189107,1108.175303,0.114146341,0.206840745,216.3381042,49.94715462,0.687703702,4.361165524,96.82443428,21.7118681
02/02/20 2:20,5.312353098,119.2528736,217.3178162,263.0976763,21.04500017,41.44750042,53.59249859,11.66000009,405.1518295,9.51085431,1129.531208,0.096585366,0.097999428,216.3381042,50.02026939,0.718332015,4.268877983,103.4099222,27.54953289
02/02/20 2:30,5.682266545,119.2528736,297.3948807,331.9015774,21.08250027,41.07000008,53.62999821,11.59250002,404.9180496,9.873616666,1171.99375,0.122926829,0,216.3381042,49.95092449,0.776701044,4.6588521,63.53027449,24.56272211
02/02/20 2:40,6.179685807,119.2528736,399.3733917,436.640195,21.23000031,40.75499992,54.05499992,11.47499995,405.3213013,10.74955603,1276.174879,0.225365854,0,207.1338337,49.98578529,0.782336968,4.222531319,46.8378087,19.60383481
02/02/20 2:50,5.588934231,119.2528736,366.7763222,314.5417669,21.99000015,40.52500038,54.85250034,11.45999994,405.9577377,10.54553255,1251.89752,0.16097561,0,194.3868103,50.02804947,1.021735508,4.808630466,39.51081886,15.27059095
02/02/20 3:00,4.955284739,119.2528736,242.5870392,200.036606,22.34999962,40.23249969,55.02999992,11.29250007,405.7620331,9.459835142,1124.616257,0.117073171,0,194.3868103,49.92230949,1.012682791,4.340333939,72.39115763,17.27106769
02/02/20 3:10,5.393508315,119.2528736,250.4988228,278.1925466,16.57499995,39.83500023,55.25250015,11.04499998,406.1544662,9.434485048,1121.749712,0.143414634,0,194.3868103,49.92566509,0.790007989,3.845979214,44.96991615,19.89404895
02/02/20 3:20,5.656130576,119.2528736,293.6338989,327.0402872,13.69749999,39.36500034,55.59750004,10.76750016,407.009137,9.855702505,1171.291815,0.128780488,0,194.3868103,49.91100941,0.780533793,3.511678457,40.98470259,13.005495
02/02/20 3:30,4.951405299,119.2528736,200.258131,199.6059882,16.49250002,39.11250019,54.97250023,10.88249984,403.635318,9.367453381,1113.48115,0.105365854,0.32248765,194.3868103,49.90802994,0.838096202,3.546186924,65.37705727,23.0676512
02/02/20 3:40,4.399523485,119.2528736,165.7038265,138.3471068,18.28500004,38.81000004,54.54749985,10.45250006,401.8213226,9.280729741,1103.009485,0.084878049,0.494996235,161.885183,49.9028595,1.05221197,3.46880722,69.40111647,23.75281923
02/02/20 3:50,3.412314045,119.2528736,85.68067408,50.51123936,19.13500013,38.42750034,54.57249908,10.5724998,402.3082703,9.30870308,1105.286694,0.03804878,1.049500175,158.1671753,49.96990948,1.384519368,3.635106564,102.0690449,26.93239496
02/02/20 4:00,4.686648273,119.2528736,231.5151823,170.2179584,19.68999987,38.17499981,54.68250084,10.37999988,402.5376053,9.768601656,1161.337423,0.090731707,0.371487474,158.1671753,50.00326977,1.171229722,4.337263584,77.24176188,29.29507885
02/02/20 4:10,5.584108126,119.2528736,365.7212166,313.6441115,20.1624999,37.92499981,55.09250088,10.28749995,402.2868164,10.55150566,1253.687405,0.19902439,0.049497895,158.1671753,50.01486988,1.022318926,4.326577663,85.30618687,32.86377854
02/02/20 4:20,5.120119798,119.2528736,302.6021828,227.3422825,20.43249989,37.83000069,55.39250069,10.16999989,402.1100174,10.03507742,1191.993942,0.134634146,0.024499745,158.1671753,49.98556519,1.128860388,6.205605984,113.7401167,35.25818488
02/02/20 4:30,6.473567355,119.2528736,557.6423584,511.2861081,20.83999977,37.86249981,55.93000031,9.99000001,401.7556335,11.72684173,1392.608362,0.204878049,0,161.8562999,49.95745506,0.951640628,6.006276131,116.2530177,35.86049974
02/02/20 4:40,8.051379895,119.2528736,906.5988922,999.3464385,19.87250013,38.63249989,56.24499989,9.982500029,401.7408157,13.83350225,1641.566219,0.515121951,0,177.9233398,49.96904011,0.797749177,7.130393982,63.18294296,27.71712444
02/02/20 4:50,6.50067482,119.2528736,644.0306539,518.1714043,17.82000008,39.58666712,54.04333369,10.07999992,401.4329325,12.4475131,1475.972603,0.298536585,0,172.6476239,49.99579341,1.086044427,7.699104309,83.28549086,32.73528706
02/02/20 5:00,7.818568969,119.2528736,910.2541016,918.4020356,18.21749992,40.25500031,55.27249985,9.832499981,400.916954,13.85321626,1644.718615,0.39804878,0,172.4355164,49.93586941,0.855080484,7.910020351,79.24603043,32.26556029
02/02/20 5:10,6.870903592,119.2528736,720.6392903,612.2095125,12.76052626,41.02368465,52.02105271,9.710526366,401.2160532,12.82978939,1521.485204,0.430243902,0,172.4355164,49.97441623,0.997592314,8.360904694,54.71337676,24.90042897
02/02/20 5:20,7.147449997,119.2528736,692.3078596,694.2482989,13.49444437,41.33611128,54.76388889,9.741666529,400.9764845,12.64682834,1501.487325,0.310243902,0,172.4355164,49.95906067,0.835706343,6.573132038,76.5970833,32.47189265
02/02/20 5:30,5.936838577,119.2528736,458.8860763,379.2519753,17.52105281,41.30526332,55.52105271,9.786842145,400.7628768,11.15342448,1323.143114,0.222439024,0,172.4355164,49.96647383,1.023975337,7.144128323,84.17516508,29.19468659
02/02/20 5:40,5.911569118,119.2528736,393.2404099,374.551856,18.92749987,40.99499931,55.42500038,9.744999886,401.2751175,10.74149121,1276.033962,0.219512195,0.049497895,172.4355164,50.01427441,0.890358672,6.165805817,70.47167988,27.55396876
02/02/20 5:50,6.615533423,119.2528736,641.030426,547.3454895,19.56500006,40.79000053,56.23500004,9.675000143,400.0056183,12.2588578,1455.062914,0.263414634,0,163.82355,50.03798504,1.012459174,5.41904974,92.611514,29.02302856
02/02/20 6:00,6.721636653,119.2528736,646.0360657,574.2957098,20.17249994,40.88249989,56.90000019,9.54749999,399.603566,12.36595318,1468.576258,0.28097561,0,168.6540066,50.03495464,0.963918276,8.360602379,98.91638522,30.2386394
02/02/20 6:10,6.530220175,119.2528736,609.7066948,525.6759244,18.61999998,41.65750008,55.43500042,9.539999962,404.0013962,11.41414216,1354.105007,0.380487805,0.049999574,170.0749418,50.02400513,1.010568935,8.458879471,105.1687156,45.00668507
02/02/20 6:20,6.13075521,119.2528736,468.5886337,424.2118233,19.80500002,41.24250069,55.58250027,9.455000114,404.5679291,11.20302545,1330.494043,0.207804878,0,161.1227379,50.06033001,0.941095238,7.153225899,94.57836714,25.53277555
02/02/20 6:30,5.930614209,119.2528736,416.6624771,378.0942429,20.57750025,40.95000019,56.24249916,9.447499847,403.788269,10.78607735,1281.488297,0.169756098,0,160.3623047,50.04659996,0.93307763,6.493628979,93.0585927,25.01437789
02/02/20 6:40,4.985448861,119.2528736,321.386829,203.3848236,20.94749994,40.475,56.50000076,9.477500057,403.6018478,10.31807926,1224.507706,0.213658537,0.073499468,160.3623047,50.04624958,1.315803009,6.264439106,118.4455632,24.28780643
02/02/20 6:50,4.858834052,119.2528736,265.7968407,189.3305798,19.89750023,39.88499966,56.38499947,9.472500038,403.4876968,9.879565269,1175.217236,0.111219512,0.145998206,160.3623047,50.06247025,1.183885805,5.99262619,124.723937,28.87592742
02/02/20 7:00,5.465252376,119.2528736,340.3838425,291.5369419,14.25750008,39.31500015,57.20999928,9.245000029,403.5073456,10.28975107,1223.803247,0.140487805,0,160.3623047,50.02318993,1.031625447,5.595284462,50.35649228,21.38179712
02/02/20 7:10,5.584961963,119.2528736,327.9289444,313.8029251,13.87500019,38.98999977,57.81749973,9.252499914,402.2627045,10.1707757,1209.911596,0.20195122,0,160.3623047,49.93997402,0.91611587,4.480142117,41.23708258,17.05267911
02/02/20 7:20,5.408413994,119.2528736,314.7084793,280.9650029,17.75500011,38.51499958,57.39000092,9.2625,401.5415344,10.04611771,1193.91655,0.140487805,0,160.3623047,49.92215977,0.984212007,3.961395979,24.18086967,14.59734576
02/02/20 7:30,5.350016403,119.2528736,285.2516243,270.103051,19.21500006,38.07250023,57.28749905,9.179999876,401.5727173,9.765440583,1160.494869,0.125853659,0,162.1894459,49.95656509,0.922293931,3.724255323,36.72937069,15.22554495
02/02/20 7:40,6.168566942,119.2528736,415.0411011,433.8160033,20.09749985,37.80749969,57.48000011,9.215000057,400.7917694,10.88816035,1293.763081,0.228292683,0,186.7038574,49.94129925,0.817603164,3.700238228,48.66188664,17.00617356
02/02/20 7:50,5.661068201,119.2528736,380.8597542,327.9586854,21.00250034,37.70499992,57.99749928,9.485000038,400.7660019,10.60321878,1259.101461,0.175609756,0,186.7038574,50.06455021,1.009002168,4.249811172,79.87639036,22.28645487
02/02/20 8:00,5.013942254,119.2528736,249.0705666,207.5932592,21.53000011,37.46000004,57.83000011,9.317499971,399.5490311,9.71429421,1155.024639,0.111219512,0.072499487,194.709656,50.09556503,1.000202561,5.424125195,147.6973072,38.10322533
02/02/20 8:10,4.94507544,119.2528736,328.5329208,198.9033739,21.74000015,37.33000011,57.94749947,10.14250016,402.2533005,10.18739779,1210.708294,0.175609756,0,213.0454102,49.93917942,1.380638352,5.861540794,93.1758852,41.5277997
02/02/20 8:20,6.508799005,119.2528736,537.1994812,520.2349472,22.39000015,37.29249935,58.79999981,9.854999971,402.534938,11.78966685,1399.878794,0.231219512,0,213.0454102,49.94477997,0.901576299,5.391239643,50.39853549,27.24065728
02/02/20 8:30,5.893804717,119.2528736,485.0172348,371.2476774,23.1300005,37.44749985,59.525,9.729999828,401.3142838,11.44682322,1359.593193,0.225365854,0,225.5186215,49.96347504,1.109594496,5.540008068,99.66212597,34.43208332
02/02/20 8:40,4.764276707,119.2528736,279.7973061,178.8347145,23.33749971,37.53749981,59.50500069,10.39500008,400.1120361,9.980663851,1186.683546,0.184390244,0.096997958,234.9967041,49.96778469,1.333824288,8.056400299,154.8492983,43.79202619
02/02/20 8:50,6.111245942,119.2528736,569.5913696,419.2564693,22.82250032,37.70750027,59.10750008,10.72000008,398.7447144,12.00987911,1425.671625,0.254634146,0,245.0447538,49.92890968,1.15557607,8.077682495,127.7336274,39.60608027
02/02/20 9:00,6.389683485,119.2528736,832.2029602,489.9796052,18.82250013,38.4524992,55.47749977,10.61249995,398.5633331,13.19111006,1567.104561,0.313170732,0.018999881,252.5577393,49.88544502,1.474408108,9.858945847,116.3741259,40.12860084
02/02/20 9:10,7.013067865,119.2528736,862.8229874,649.364667,19.88000011,39.97500076,56.54249973,10.88999996,401.5972336,13.58655113,1609.452215,0.538536585,0,252.5577393,50.00278473,1.116360634,11.99443245,136.3492894,47.92796049
02/02/20 9:20,6.844297719,119.2528736,966.2415314,605.4516206,17.2625,41.15749969,53.83999977,10.97000017,401.9543701,13.87432364,1646.659052,0.403902439,0.061996071,252.5577393,50.00392437,1.355022776,13.26165676,119.6954422,40.0637398
02/02/20 9:30,6.784619212,119.2528736,778.9360458,590.2932799,15.79999976,42.45999985,53.05750008,11.06999998,401.5174301,13.03761595,1547.749701,0.368780488,0,252.5577393,49.95242481,1.125260451,13.66404629,142.4249376,54.81960268
02/02/20 9:40,5.779385519,119.2528736,495.8479691,349.9657065,14.27249994,42.65999985,55.43000031,11.25,401.5415512,11.43504426,1359.725985,0.292682927,0,252.5577393,50.02595005,1.215949912,13.06050205,159.3843775,43.40276444
02/02/20 9:50,6.942159057,119.2528736,695.0816307,630.3084004,16.79750004,42.73750038,56.69499969,11.725,401.3888168,12.63653773,1501.816807,0.295609756,0,252.5577393,50.04845505,0.930151261,10.28618813,139.029497,44.15774083
02/02/20 10:00,5.891020358,119.2528736,675.7143951,370.7297865,16.85750008,43.08249969,53.9875,12.01000004,400.58237,12.71621999,1505.380709,0.31902439,0,252.5577393,50.03367958,1.548388383,13.20102978,146.0789865,40.6877805
02/02/20 10:10,7.166728258,119.2528736,906.1725952,700.6872382,19.26750021,43.75250015,55.36500015,12.27250004,400.4700516,13.74154039,1630.068392,0.497560976,0,252.5577393,50.09674549,1.083451933,13.43521595,114.5216159,54.76599388
02/02/20 10:20,7.373830128,119.2528736,1031.928577,769.8592627,17.03249998,44.87999973,53.08250008,12.34999995,399.1729935,13.88913251,1649.330915,0.424390244,0.004999998,252.5577393,49.96821442,1.119299221,14.65735245,164.7559078,65.59937687
02/02/20 10:30,8.985500622,119.2528736,1481.872321,1369.258246,16.62250009,46.98250046,52.65500031,12.46000004,398.6632935,14.78636746,1754.589975,0.608780488,0.934058968,252.5577393,49.96219444,0.983456175,15.14754105,142.1418257,73.83500919
02/02/20 10:40,9.154753447,119.2528736,1619.174551,1439.996448,14.55250001,50.97999954,52.40250015,12.60749998,400.460318,15.05979332,1785.484451,0.930731707,1.024644826,257.0037135,50.053755,1.03001981,17.84089661,129.2737473,54.4641057
02/02/20 10:50,9.906256366,119.2528736,1829.268304,1755.627674,13.95249982,54.925,51.96499996,12.81749997,401.2419144,15.165951,1799.84693,0.793170732,2.200282861,260.2406921,50.08077545,1.012882998,16.17130089,139.3392725,64.72705138
02/02/20 11:00,9.630770278,119.2528736,1741.368127,1639.923517,14.01999998,59.90999966,51.8699995,13.31500006,400.388472,15.03360441,1782.845215,0.772682927,2.298597046,260.2406921,49.9370697,1.002376105,17.45254135,139.1944733,61.73931398
02/02/20 11:10,9.330540252,119.2528736,1729.502838,1513.826906,14.1999999,63.37500076,51.48250065,13.82500005,400.3787872,15.11209381,1792.398983,1.04195122,1.643904328,260.2406921,49.97278996,1.054891934,16.70652008,102.5284473,58.15166845
02/02/20 11:20,9.788031721,119.2528736,1744.924646,1705.973323,14.31750002,66.88250046,51.33000088,14.03000011,400.9113525,15.12152901,1791.985708,0.755121951,1.339900916,260.2406921,50.01203518,0.982230115,14.67737389,122.019986,47.57344465
02/02/20 11:30,10.66058059,119.2528736,1993.844171,1930.41902,14.51000004,70.44499931,51.38750076,14.47749991,400.8104996,15.18702793,1801.078852,0.854634146,3.788719311,260.2406921,49.97985935,1.018058746,13.56719112,91.29850578,44.91319442
02/02/20 11:40,11.24091852,119.2528736,1973.15058,2009.636741,14.65250006,74.79500008,51.64500008,14.97499995,400.832135,15.11945441,1792.510654,1.16195122,4.273506217,260.2406921,50.08488464,0.983403246,14.28741932,64.38008728,45.69581556
02/02/20 11:50,9.991272426,119.2528736,1864.294232,1791.334419,14.7849997,77.95749931,51.37000122,15.37250009,400.1156021,15.16746135,1796.561554,0.810731707,2.533182095,260.2406921,49.96069946,1.020289074,11.61148643,99.67377377,53.0271554
02/02/20 12:00,9.451660562,119.2528736,1638.314496,1564.697436,14.98421047,79.66999741,50.93749981,15.91749992,399.5232608,15.11474298,1792.744268,0.711219512,1.241132036,260.2406921,49.97780991,0.971698424,12.87011242,125.1633626,48.12461843
02/02/20 12:10,8.33261254,119.2528736,1158.271463,1110.714566,15.05750022,79.64736858,50.09749985,16.09999998,399.6500656,14.40035583,1707.145958,0.734634146,0.043499107,260.2406921,50.08759537,0.927997737,15.16630936,93.30167923,53.99765925
02/02/20 12:20,7.749535179,119.2528736,1083.891534,895.3447498,15.21000037,77.70000038,48.96315806,16.47999997,400.2270477,13.90423776,1654.421476,0.456585366,0.252513836,260.2406921,50.13923512,1.037293193,13.45494843,152.9820311,63.29111452
02/02/20 12:30,7.781165552,119.2528736,1037.602057,905.9092944,15.31000018,75.87999954,48.37750015,16.7824996,399.6338821,14.12924463,1674.363888,0.477073171,0.320245906,260.2406921,50.01224022,0.984531715,14.91138268,128.2944602,52.03237486
02/02/20 12:40,8.857345128,119.2528736,1303.880235,1318.508671,15.3849997,74.46249924,48.23999996,16.90499992,399.8253662,14.48385854,1717.094198,0.699512195,0.622907218,260.2406921,50.05800018,0.895478168,14.91796494,118.6405435,51.02255139
02/02/20 12:50,7.249312782,119.2528736,956.3615326,728.2704693,15.97250009,73.02000008,47.75250092,17.2574996,399.3564804,14.04459755,1662.480858,0.424390244,0.004999998,260.2406921,50.09828053,1.098639691,14.70779037,126.7220325,46.53597512
02/02/20 13:00,8.172537351,119.2528736,1296.210147,1047.324791,19.08500004,71.67999954,49.8125,17.5000001,399.4276688,14.60233614,1731.579935,0.529756098,0.551889292,260.2406921,50.078545,1.094249973,14.37962723,148.0113763,49.97051539
02/02/20 13:10,9.31246047,119.2528736,1612.023062,1506.233397,19.23499975,72.45999985,51.27250023,17.77250004,398.9622162,15.07542126,1783.810066,0.945365854,1.534610883,260.2406921,50.10963535,0.987419008,15.42330551,108.9164553,55.37493839
02/02/20 13:20,10.31238523,119.2528736,1832.15043,1859.038971,17.03249969,75.01000023,50.69499969,17.62250013,399.155481,15.0782931,1786.394691,0.825365854,4.036370642,260.2406921,50.05784512,0.964046084,15.61802673,113.6894873,56.79108896
02/02/20 13:30,8.958195186,119.2528736,1294.091507,1358.445294,16.43499994,76.22750015,49.81499958,17.65499992,398.8664642,14.46520498,1714.334822,0.553170732,1.38196776,260.2406921,50.07937012,0.865039066,15.06955528,129.8100258,52.17341237
02/02/20 13:40,8.09268136,119.2528736,1191.686148,1015.701819,16.13750048,76.12000008,49.32000027,18.07249956,399.4560822,14.44266388,1710.855869,0.684878049,0.042999449,260.2406921,49.99279995,1.03368768,15.53354454,144.3400358,53.71120687
02/02/20 13:50,7.919085026,119.2528736,1048.90722,951.9743986,16.09500027,74.49249916,48.35249977,18.07250042,399.4253799,13.96390969,1654.89501,0.482926829,0.268925534,260.2406921,50.09561977,0.95960187,14.83708477,138.602542,49.3853704
02/02/20 14:00,7.594111156,119.2528736,1176.836835,843.4331263,15.8625001,73.54749985,48.24250031,18.0000001,398.1792786,14.48618066,1716.332245,0.497560976,0.105491254,257.3867306,50.07189484,1.175905609,14.65109825,113.8927753,50.72214851
02/02/20 14:10,7.526358151,119.2528736,1058.798923,820.8036226,16.03500009,72.55250015,47.76749992,18.0375,398.5401825,13.91309331,1649.041821,0.658536585,0.173486629,255.8504333,50.05673981,1.078696413,15.7174263,139.3796623,57.84579263
02/02/20 14:20,9.698281932,119.2528736,1751.582602,1668.278411,17.39499989,72.87999992,48.85750008,18.16749992,399.765004,15.00590542,1778.755743,0.778536585,1.8922889,255.8504333,50.08300991,0.998569876,14.80540466,103.5125341,63.5403203
02/02/20 14:30,9.130882192,119.2528736,1596.865369,1429.97052,16.48000002,75.46250153,49.38999958,17.98999987,399.6947159,15.03159593,1779.345697,0.717073171,1.68672167,255.8504333,50.1143795,1.021788192,16.54951668,116.2834396,73.59677682
02/02/20 14:40,8.710348582,119.2528736,1524.210352,1260.298039,16.14750061,76.97250023,49.36749935,18.07999992,398.8628769,14.96255681,1772.446976,0.895609756,0.914465076,255.8504333,50.00009022,1.090369397,18.3662281,107.5393444,56.31557765
02/02/20 14:50,7.575270367,119.2528736,1005.838242,837.1403025,15.9400001,76.3625,48.32000027,18.24000006,398.5527985,13.8718902,1644.930931,0.418536585,0.098483936,255.8504333,50.02553482,1.010443573,16.4069767,129.798324,50.46154613
02/02/20 15:00,7.575307465,119.2528736,977.2088745,837.1526932,15.78000007,74.45999832,47.45499973,18.15,399.5654816,13.82529522,1638.944904,0.444878049,0,255.8504333,50.07605934,0.981672735,13.7311697,147.533452,53.41434145
02/02/20 15:10,6.606289291,119.2528736,723.0132233,544.99748,16.92250009,72.30999985,47.28250027,18.15,400.6895523,12.82359204,1522.90115,0.456585366,0,255.8504333,50.04981441,1.147800857,15.33786297,116.6079248,47.78975863
02/02/20 15:20,7.698228383,119.2528736,831.7339874,878.2082799,20.30500011,69.53249969,50.21750011,18.32250004,401.0927658,13.49926704,1601.478321,0.368780488,0,238.9683808,50.04491043,0.807230531,12.37569618,96.74708118,30.33996091
02/02/20 15:30,7.159303236,119.2528736,877.6210846,698.2072808,22.17749987,67.24999924,52.57249966,18.02750015,400.5405075,13.68637933,1623.671247,0.380487805,0,230.6064453,50.02499485,1.053177666,9.567059517,83.64509406,37.04217973
02/02/20 15:40,8.183526373,119.2528736,1162.112897,1051.676444,20.81749992,65.70249901,52.11000023,17.90500011,399.2369934,14.57968475,1727.381018,0.649756098,0,230.6064453,50.01633472,0.977444885,8.785777092,76.59021525,38.13480234
02/02/20 15:50,9.375572944,119.2528736,1614.012064,1532.740636,18.50250034,66.4224987,51.40250053,17.66000004,399.3279373,15.04051289,1780.923403,0.696585366,0.513383979,230.6064453,49.97759018,0.974171364,11.1409235,100.6552799,48.49830971
02/02/20 16:00,9.846617138,119.2528736,1865.139218,1730.579198,16.4588236,69.14999928,51.13235272,17.24705876,401.5406297,15.14078168,1794.036888,0.813658537,0.888066946,230.6064453,50.01204681,1.041328197,13.14296341,90.89517055,40.40463621
02/02/20 16:10,9.640545745,119.2528736,1749.872089,1644.029213,16.05263173,72.44210494,51.13684223,17.16842089,400.3114046,15.14349254,1794.214608,1.050731707,0.258945075,230.6064453,50.05338448,1.005858474,10.33918095,71.72068546,45.03694474
02/02/20 16:20,9.552733517,119.2528736,1698.702472,1607.148077,15.83000011,74.28249969,50.8375,17.1749999,404.2838516,15.12909298,1792.226721,0.743414634,0.178496447,230.6064453,50.02052517,0.988904277,9.223786354,57.25888433,41.51199913
02/02/20 16:30,9.812868404,119.2528736,1650.278809,1716.40473,15.73499994,75.93499947,50.64499989,17.1449995,402.9546631,15.15729171,1795.053434,0.734634146,0.048999571,230.6064453,50.01953487,0.925722924,9.235203743,64.02419591,34.227279
02/02/20 16:40,9.739806456,119.2528736,1884.852941,1685.718711,15.67941166,77.50882407,50.62647023,17.00882351,401.9508829,15.16462389,1795.991633,1.068292683,0.919785584,230.6064453,49.93229339,1.068234782,8.991856575,71.32876205,43.68924203
02/02/20 16:50,9.86218204,119.2528736,1829.225361,1737.116457,15.6421054,79.79210382,50.64473704,17.24210498,403.1153356,15.14356576,1795.004052,0.804878049,0.726799595,230.6064453,49.96301531,1.019066692,9.731712341,71.69979758,37.89963813
02/02/20 17:00,9.825583601,119.2528736,1853.699835,1721.745112,15.61500025,82.16750069,50.78249989,17.12749987,401.6333328,15.14485806,1794.133278,0.84,1.141217527,230.6064453,50.00260487,1.037983914,9.799539566,78.07507534,39.2873755
02/02/20 17:10,9.881995106,119.2528736,1608.818628,1745.437944,15.52000008,83.16249962,50.3875,17.25749998,401.0427307,15.17874312,1798.420246,0.916097561,0.145990043,230.6064453,49.94940948,0.893814952,10.31460285,66.03017712,41.15206823
02/02/20 17:20,8.647700238,119.2528736,1361.989499,1235.489294,15.40249982,82.61999893,50.02249908,17.19999952,398.1380646,14.95453066,1773.158976,0.632195122,0.049497895,220.1767133,50.00004978,0.991918812,9.997199059,77.74904613,40.1787281
02/02/20 17:30,8.581506419,119.2528736,1286.391003,1209.276542,15.23500023,81.23249893,49.34749947,17.3125,398.1686493,14.90426208,1765.846155,0.564878049,0,219.6307983,50.05676575,0.95508706,11.20793724,69.79068775,43.49097834
02/02/20 17:40,9.587575316,119.2528736,1713.607819,1621.781633,15.01750007,80.63999977,49.48750019,17.37749987,398.8338623,15.11091404,1790.804512,0.951219512,0.721225576,219.6307983,50.03303967,0.992556451,11.68739223,91.26350498,46.40462174
02/02/20 17:50,9.730951881,119.2528736,1794.282404,1681.99979,14.99249997,82.02749939,49.83000011,17.13750019,400.7145325,15.15496105,1795.129223,0.787317073,1.166840993,219.6307983,50.04426994,1.01817954,11.66178608,69.78271589,35.27869742
02/02/20 18:00,9.868797064,119.2528736,1821.317065,1739.894767,15.01000004,83.08750076,49.94249954,17.34999971,400.9216003,15.14505091,1793.674742,0.784390244,1.69012842,225.0108021,49.95637512,1.013728492,9.627986908,73.46623602,45.73204889
02/02/20 18:10,9.401931667,119.2528736,1695.014142,1543.8113,14.97999992,84.46999969,49.98999939,17.33249969,401.6654175,15.14742252,1793.967756,1.006829268,0.491871007,227.3137512,49.97734451,1.016847828,10.05412865,68.611448,50.18713379
02/02/20 18:20,9.376798081,119.2528736,1611.02428,1533.255194,14.91499968,84.4974987,49.75999985,17.38000002,402.7990311,15.13081321,1793.451794,0.690731707,0.325410073,227.3137512,50.0226696,0.97209191,10.44446659,76.00812883,30.12182651
02/02/20 18:30,9.209308696,119.2528736,1752.930322,1462.909652,14.86749964,84.64999962,49.76749992,17.58249998,403.1576691,15.15032655,1793.627317,0.775609756,0.53141772,227.3137512,49.97224464,1.100437368,10.38443375,90.32949066,41.22728605
02/02/20 18:40,8.736818695,119.2528736,1356.361264,1270.780203,14.71749978,84.17999878,49.42250004,17.36249962,403.0591522,15.04747756,1782.995756,0.837073171,0.014999942,227.3137512,50.00237999,0.963076939,10.85582447,88.59045472,43.00017061
02/02/20 18:50,9.064483953,119.2528736,1439.030673,1402.08326,14.69999981,82.75750122,49.19249897,17.26749964,404.0180649,14.99269742,1777.012127,0.652682927,0.163495028,227.3137512,50.03035488,0.936070845,11.25080967,120.5939808,43.26821008
02/02/20 19:00,9.70680213,119.2528736,1834.445154,1671.856894,14.65999994,82.80250092,49.43749981,17.19499989,402.3226196,15.17563874,1797.433084,0.769756098,1.175182872,227.3137512,50.01239471,1.044543075,13.18717289,127.6630377,55.86625147
02/02/20 19:10,9.981731462,119.2528736,1886.205914,1787.327214,14.67749991,84.80250053,49.86999969,17.2000001,400.6859665,15.1300398,1792.707041,1.129756098,2.699851986,227.3137512,50.02290001,1.033628009,15.27306366,94.16920509,37.13847756
02/02/20 19:20,10.3358156,119.2528736,1932.348116,1863.842198,14.66764703,86.72647095,50.13823363,17.26764701,400.1694551,15.19527544,1801.163696,0.84,1.549680765,227.3137512,50.01944149,1.013924061,12.69839668,69.3266219,39.11655639
02/02/20 19:30,10.87052452,119.2528736,2007.042732,1973.457526,14.74705859,88.70294145,50.31176421,17.23823536,402.3196842,15.18408553,1797.947354,0.866341463,4.003453511,227.3137512,50.05817683,1.014432399,12.21171856,75.18619795,47.8051631
02/02/20 19:40,9.95732162,119.2528736,1962.926453,1777.07508,14.77499971,90.51750069,50.43750076,17.5374999,398.6277359,15.10911392,1789.181036,1.147317073,2.977506519,227.3137512,50.08754539,1.079273774,11.05589771,92.7352314,47.02644482
02/02/20 19:50,10.80676022,119.2528736,2053.993158,1960.385844,14.82999964,92.58750038,50.66499996,17.56499949,400.3761536,15.19198336,1800.423752,0.892682927,4.974695104,227.3137512,49.9947897,1.041361968,12.26163769,81.80482259,52.70893164
02/02/20 20:00,11.26329268,119.2528736,2035.099704,2010.531707,14.90277741,94.58055666,50.79999987,17.38611115,400.2796699,15.13830965,1793.708719,0.901463415,6.044864657,227.3137512,50.02436108,1.013545386,10.90264416,77.6440169,43.18552213
02/02/20 20:10,11.31984647,119.2528736,2069.256816,2012.793859,14.97083322,96.5291659,50.99166679,17.54583327,402.3405482,15.23067266,1803.199968,1.194146341,5.971451477,227.3137512,50.03473282,1.028678099,12.18580818,118.1692421,62.05976423
02/02/20 20:20,10.62054129,119.2528736,2029.974011,1922.210964,14.98249993,97.96499977,51.05499916,17.54500017,404.0703308,15.16380067,1796.42292,0.892682927,4.489171385,227.3137512,50.03764477,1.038530494,12.57266426,94.67272811,54.59442186
02/02/20 20:30,11.32305765,119.2528736,2038.918164,2012.922306,15.04000015,99.16999817,51.14000015,17.50750017,403.8090637,15.19688728,1798.6201,0.895609756,5.193548295,227.3137512,50.03246002,1.01349111,12.4982338,74.17271428,58.52187371
02/02/20 20:40,11.19837341,119.2528736,2060.819189,2007.934937,15.0775003,100.4049988,51.20750084,17.66249981,399.4153656,15.21769921,1802.216686,1.194146341,5.750451557,232.2541528,49.98211021,1.02851069,11.92241192,97.19837208,47.75271201
02/02/20 20:50,11.28654528,119.2528736,2032.068677,2011.461811,15.11250033,101.6625008,51.22750111,17.80500002,400.8624023,15.17929463,1796.338617,0.895609756,5.898179605,233.8991394,50.05499458,1.011276487,12.0561142,118.3712659,53.31425395
02/02/20 21:00,10.80083869,119.2528736,1993.513397,1959.17193,15.14000034,102.2875,51.21000099,17.77499971,401.153302,15.18569286,1800.61821,0.88097561,3.965081117,233.8991394,50.01096992,1.010988411,12.98240757,107.4581182,36.8633903
02/02/20 21:10,10.88056493,119.2528736,2036.299591,1975.51581,15.16250038,102.8074993,51.25000114,17.65749989,402.5766525,15.20514219,1799.130037,1.176585366,4.089969866,233.8991394,50.06112995,1.028722258,12.43330193,85.6598827,58.54866675
02/02/20 21:20,10.77778234,119.2528736,2013.619098,1954.44538,15.18947401,103.2394726,51.25789622,17.76578953,402.4113561,15.18738596,1799.283636,0.883902439,4.402189745,233.8991394,50.05584717,1.022324233,12.2577734,101.0239684,47.84558353
02/02/20 21:30,11.08222785,119.2528736,2038.267798,2003.289114,15.1300004,103.6775002,51.34000187,17.81749973,403.7160492,15.1726204,1799.611559,0.889756098,4.29496027,233.8991394,49.98300476,1.021093554,12.31329632,78.48092275,51.97287312
02/02/20 21:40,10.70800784,119.2528736,2007.185736,1940.141606,15.13250036,104.0025009,51.38000145,17.80999966,404.971814,15.17395885,1797.077545,1.176585366,3.830022723,233.8991394,49.99413509,1.022510693,11.78048134,114.0205359,48.08662419
02/02/20 21:50,10.64160972,119.2528736,2010.163379,1926.529992,15.09000034,104.1350002,51.3000021,17.82499981,402.7001175,15.19879496,1800.9098,0.87804878,3.842240987,233.8991394,50.0581501,1.027339914,12.78464031,90.26869888,55.53329258
02/02/20 22:00,10.82075639,119.2528736,1989.275365,1963.255059,15.12000036,104.3975002,51.35500183,17.84750004,400.2494339,15.17510211,1798.335188,0.88097561,4.022195716,233.8991394,50.02929974,1.007868732,11.57672596,68.66388044,47.18061905
02/02/20 22:10,10.77845254,119.2528736,2041.813635,1954.582771,15.10000038,104.5724998,51.32500172,17.74500055,403.2776001,15.20079768,1800.657194,1.179512195,4.243006816,233.8991394,49.94247437,1.036605116,11.07419109,101.0460573,49.40849762
02/02/20 22:20,10.54205899,119.2528736,1948.593066,1906.122093,15.06250019,104.7400005,51.29250126,17.8250001,403.4467697,15.1292156,1791.589531,0.854634146,3.439466553,233.8991394,50.06523952,1.00072618,11.08843517,87.28202477,55.30390167
02/02/20 22:30,11.49344282,119.2528736,2045.972559,2019.737713,15.07000027,104.6825001,51.23000069,17.83000002,400.8578522,15.19251747,1798.116686,0.889756098,6.299383899,233.8991394,49.95214462,1.011443268,13.06536388,113.0714483,57.33988485
02/02/20 22:40,11.49225488,119.2528736,2015.528583,2019.690195,15.06500025,105.1200012,51.33500156,17.68000002,399.197081,15.15401182,1795.636019,1.191219512,5.14807276,233.8991394,49.98722935,0.996430982,12.84745979,104.1751404,57.03541393
02/02/20 22:50,11.3780211,119.2528736,2047.385883,2015.120844,15.07250028,105.5549995,51.38000183,17.8125,400.7289169,15.13038012,1791.381071,0.895609756,5.801978382,233.8991394,50.09504948,1.015900533,12.49931812,103.0973688,59.81259327
02/02/20 23:00,11.43781092,119.2528736,2043.52627,2017.512437,15.11500025,106.120002,51.4475008,17.90250025,399.433551,15.17001785,1797.459806,0.898536585,6.468265268,233.8991394,49.96743946,1.012038628,12.80330753,112.5644987,51.57771683
02/02/20 23:10,11.69787169,119.2528736,2049.622479,2027.914867,15.16000042,106.5400009,51.44000092,18.06249981,403.5265503,15.17130697,1797.746515,1.2,6.828718549,233.8991394,50.02325439,1.010540248,13.16538811,132.490292,48.19409256
02/02/20 23:20,11.19883738,119.2528736,2033.135736,2007.953495,15.22500029,106.5700005,51.46500053,17.90999956,405.8881485,15.17425288,1797.377169,0.889756098,5.468105337,233.8991394,50.01577969,1.014679238,14.0194931,96.55734825,59.43826356
02/02/20 23:30,11.41490502,119.2528736,2041.352142,2016.596201,15.17000036,106.8100002,51.45750065,17.99500027,400.4162689,15.19303644,1798.850012,0.892682927,5.601757996,233.8991394,50.0398243,1.011706062,13.70825291,124.9239991,69.45475245
02/02/20 23:40,10.3189564,119.2528736,2036.096851,1860.386062,15.16000037,107.0149994,51.48000031,17.95500011,400.6542496,15.18969387,1800.234015,1.194146341,4.64856439,233.8991394,50.0458498,1.070516956,14.344944,115.9362494,41.76204748
02/02/20 23:50,10.58737006,119.2528736,1986.164508,1915.410863,15.14000044,107.1349998,51.47500038,18.10250006,401.3593536,15.12065296,1793.277025,0.88097561,3.71549173,233.8991394,50.07329521,1.01776399,13.93066692,116.3994734,56.41821899
03/02/20 0:00,10.92168081,119.2528736,2034.487726,1983.944566,15.20500031,107.2400005,51.48000031,18.11750031,398.6177979,15.16957591,1797.911127,0.892682927,5.085224383,233.8991394,49.94649429,1.025775952,13.48817825,109.8705386,52.49284363
03/02/20 0:10,11.62939453,119.2528736,2043.733331,2025.175781,15.27500024,107.5300003,51.49000034,18.22250004,400.9666809,15.16586892,1798.15626,1.197073171,6.582869385,233.8991394,49.97329426,1.008496066,13.60028076,134.7842112,73.35663624
03/02/20 0:20,11.08016744,119.2528736,2029.613861,2003.206697,15.22500029,107.6049995,51.51749992,18.00499973,402.0833649,15.17893749,1799.298517,0.889756098,5.282100438,233.8991394,50.00810947,1.016826319,14.96769905,146.5225315,55.15413523
03/02/20 0:30,10.93901819,119.2528736,2041.073999,1987.498728,15.27333355,107.7600001,51.5600001,18.20333328,402.6652466,15.1054619,1790.689636,0.892682927,4.685359607,233.8991394,49.90781326,1.028239949,13.94736862,131.8311094,78.08185717
03/02/20 0:40,10.87675953,119.2528736,2040.621735,1974.735703,15.33000007,107.8424999,51.63500004,18.31250029,402.7728348,15.15306348,1794.678022,1.197073171,4.592095049,233.8991394,49.92942505,1.031094717,14.19190598,97.04950323,41.46678525
03/02/20 0:50,11.89127436,119.2528736,2054.824921,2035.650974,15.34499998,107.8775005,51.67750015,18.11750002,403.0147339,15.16752787,1798.756273,0.895609756,6.692737242,233.8991394,49.92582455,1.010672806,12.22873592,124.6569679,60.70274029
03/02/20 1:00,11.17143908,119.2528736,2044.907581,2006.857563,15.35499992,108.0050011,51.6800005,18.29000044,403.2848343,15.18783975,1799.970297,0.892682927,5.315185813,233.8991394,49.99134426,1.021459854,13.92185783,91.5898138,59.20729885
03/02/20 1:10,11.46699138,119.2528736,2040.847925,2018.679655,15.3599999,108.1824997,51.67500038,17.99749994,403.4814178,15.13046381,1792.227362,1.2,6.296982493,233.8991394,50.00684986,1.009766023,12.55383396,100.3794382,58.83891811
03/02/20 1:20,11.04285667,119.2528736,1988.809741,2001.714267,15.2775001,108.0949993,51.6375,18.34750051,404.5898987,15.14267224,1796.27619,0.87804878,4.411008863,233.8991394,50.03542995,0.997592765,12.88616848,110.1968454,64.14673777
03/02/20 1:30,10.92552314,119.2528736,1949.860205,1984.732243,15.28500023,107.8449997,51.58999996,18.20250034,405.3094467,15.18096372,1796.470333,0.883902439,4.624730777,233.8991394,49.9528595,0.982925778,14.66422081,135.5447727,64.14269457
03/02/20 1:40,9.937441373,119.2528736,1805.814142,1768.725377,15.11000037,106.5524998,51.20750065,18.10500021,401.1656052,15.15208505,1796.411327,1.044878049,1.405595909,233.8991394,50.01037426,0.9956052,14.09049034,100.6150579,57.92640228
03/02/20 1:50,9.739936233,119.2528736,1767.991443,1685.773218,15.03500013,104.95,50.97000008,18.3874999,400.6697662,15.12658015,1790.249027,0.766829268,1.251166011,239.6263505,49.99371529,1.001985482,13.69134712,128.7385104,43.3967885
03/02/20 2:00,9.393615627,119.2528736,1841.310175,1540.318563,14.90249972,103.4600006,50.76749992,18.0749999,398.9393829,15.1913217,1798.750517,0.778536585,1.431866845,242.679657,49.92316456,1.106732426,15.36867619,136.1992687,57.06129065
03/02/20 2:10,9.597097778,119.2528736,1884.647467,1625.781067,14.70749974,102.5300003,50.72749996,18.27499971,398.8254974,15.150208,1795.315973,1.068292683,1.479195257,242.679657,49.93026485,1.09012532,15.45003605,134.0214632,60.4313319
03/02/20 2:20,10.12659323,119.2528736,1965.930792,1820.951613,14.66249995,102.5049988,50.89249992,18.21000023,399.4240005,15.14362206,1792.36524,0.872195122,3.960145993,242.679657,49.95025482,1.057973026,15.31452751,105.8433918,69.49876099
03/02/20 2:30,10.5523613,119.2528736,2015.992224,1908.234066,14.63250008,103.0925003,51.02249985,18.075,399.7278824,15.23329814,1806.176565,0.88097561,4.41755737,242.679657,49.91189995,1.034818037,14.91367912,111.9165438,62.4337203
03/02/20 2:40,10.53047612,119.2528736,2016.329437,1903.747604,14.72999978,103.8024998,51.10999985,18.03500013,400.4655365,15.144077,1793.756458,1.170731707,4.574915899,242.679657,49.98264999,1.036100589,15.36065769,153.1029961,64.17300687
03/02/20 2:50,10.39703021,119.2528736,1981.709467,1876.391193,14.72749972,104.1075008,51.03749943,17.85499964,400.5340195,15.15238027,1793.819933,0.872195122,4.770106522,242.679657,50.02039967,1.032279998,16.7316246,139.8448435,66.32617321
03/02/20 3:00,10.44042935,119.2528736,2019.585004,1885.288018,14.82749963,104.5125,51.07999916,18.06499996,400.1766327,15.17983854,1797.234266,0.87804878,4.688984162,242.679657,49.91872005,1.046625723,17.50248909,120.6131774,63.49900484
03/02/20 3:10,11.04040661,119.2528736,1968.633118,2001.616264,14.89249969,104.8999996,51.10999947,17.99999981,400.7525864,15.15586741,1795.043049,1.16195122,5.143583946,242.679657,49.99207497,0.987550805,17.4230175,121.2517059,71.24848995
03/02/20 3:20,11.50031099,119.2528736,2023.739142,2020.01244,15.05500021,105.275,51.13749962,17.79250002,401.2158356,15.12480551,1789.768742,0.872195122,5.878863661,254.7346767,50.00416908,1.00023788,16.95999336,176.8112459,73.26415443
03/02/20 3:30,11.34962068,119.2528736,1996.095679,2013.984827,15.10750031,105.6299999,51.20250111,17.90499983,401.1519653,15.18308839,1798.275513,0.87804878,5.028727815,258.0455627,49.98576984,0.991356478,17.72945213,132.1258679,62.70201416
03/02/20 3:40,11.45277233,119.2528736,1994.249139,2018.110893,15.08500032,105.7974995,51.16000042,17.69499989,401.4691696,15.12199867,1792.321564,1.15902439,3.835915174,258.0455627,49.9688303,0.987160293,16.50582886,109.5522863,60.3864234
03/02/20 3:50,10.50990884,119.2528736,1983.771075,1899.531313,15.03500013,105.8600002,51.15250034,17.62000008,401.4714172,15.23241989,1804.842098,0.854634146,3.869055952,258.0455627,49.97148056,1.020398266,16.58211517,138.3835323,67.16071911
03/02/20 4:00,11.34757881,119.2528736,2024.101947,2013.903152,15.02000008,105.8474998,51.16750031,17.49000006,399.8232513,15.20086697,1800.737417,0.87804878,5.349319316,258.0455627,49.90833015,1.005331833,15.28406811,114.6197107,56.89802556
03/02/20 4:10,11.39697356,119.2528736,1972.796283,2015.878942,15.00250001,106.0400017,51.21750126,17.57500029,399.4752823,15.14820698,1794.000566,1.170731707,5.064057097,258.0455627,49.92677994,0.978293098,16.13835526,148.9090445,67.5985661
03/02/20 4:20,10.87835577,119.2528736,2010.449884,1975.062932,14.93749976,106.3775013,51.18500061,17.40499992,398.9731903,15.13401,1792.826448,0.88097561,4.484627218,258.0455627,49.92817955,1.015771252,15.76745701,128.3253633,69.86099415
03/02/20 4:30,10.62518177,119.2528736,1994.609784,1923.162263,14.90499964,106.6950016,51.1975008,17.12499971,399.0860809,15.14685689,1795.703218,0.87804878,4.362811318,258.0455627,49.92559929,1.020207361,15.08075619,97.58232956,59.25680914
03/02/20 4:40,11.67611637,119.2528736,2010.597144,2027.044655,14.89499965,107.0450008,51.26000118,17.19499969,399.3097458,15.13160326,1793.419687,1.185365854,6.228461811,258.0455627,49.95310974,0.99156775,14.3369627,130.0833979,64.32235336
03/02/20 4:50,11.65111275,119.2528736,2036.382825,2026.04451,14.8949996,107.4949997,51.37500191,17.16999969,399.6611649,15.14744702,1796.457996,0.898536585,7.419161021,258.0455627,49.99857502,1.004597161,14.85443115,119.6223569,60.14642315
03/02/20 5:00,12.09553609,119.2528736,2012.830518,2040.955361,14.84999962,107.9474998,51.3400013,16.99499969,400.7101822,15.07840531,1786.394022,0.895609756,7.860221786,258.0455627,49.91710968,0.98819446,14.51093102,121.7351612,60.97934008
03/02/20 5:10,13.05302701,119.2528736,2063.885394,2050,14.91749973,108.3099995,51.46250057,16.92500029,403.7960846,15.1988225,1799.971287,1.202926829,10.08697483,258.0455627,49.96856499,1.007532032,15.27757835,108.4879568,82.58634901
03/02/20 5:20,13.68669505,119.2528736,2060.457458,2050,14.99499998,108.7450008,51.49750004,16.83000002,403.2374512,15.16124292,1796.397886,0.904390244,11.17245329,264.0295937,49.95419998,1.005156166,13.69201565,107.4331947,85.37711267
03/02/20 5:30,12.09568453,119.2528736,2044.812128,2040.956845,14.92749972,108.9125,51.48000011,16.74749994,400.3905853,15.12749447,1792.124176,0.898536585,7.959499081,267.923645,49.9060997,1.003894986,13.30175495,102.1749132,63.92646775
03/02/20 5:40,11.77085938,119.2528736,1990.297791,2030.834375,14.82499967,108.9975006,51.39750156,16.86749954,401.8015976,15.13699602,1794.865442,1.185365854,5.786896441,267.923645,49.98665447,0.98040049,13.94265652,117.6720046,74.69961662
03/02/20 5:50,11.03134809,119.2528736,1971.339197,2001.253923,14.7474997,108.9075012,51.33500175,16.69249992,400.822551,15.15480745,1796.093061,0.88097561,3.555401503,267.923645,49.92364464,0.989199751,14.6138258,121.5286133,73.68586264
03/02/20 6:00,10.62174783,119.2528736,1900.131671,1922.458305,14.63000002,108.2374992,51.06249943,16.75,401.8877975,15.15411191,1797.053009,0.816585366,2.600239086,267.923645,49.98943043,0.97204623,14.44526958,121.9580708,63.9756669
03/02/20 6:10,11.27611294,119.2528736,2022.69552,2011.044518,14.57000027,107.6399994,51.04749947,16.68500018,399.4197128,15.23167214,1803.831173,1.153170732,4.8151636,267.923645,49.98049507,1.006950827,15.72529602,117.1134974,67.85240374
03/02/20 6:20,9.541911507,119.2528736,1774.520279,1602.602833,14.40499978,107.4324989,50.93250008,16.7125,398.0025955,15.09488989,1788.72262,0.816585366,1.515607479,267.923645,49.96938496,1.034668833,14.87436867,118.434615,47.54086065
03/02/20 6:30,10.02513049,119.2528736,1798.255585,1800.15175,14.19000006,105.7850002,50.625,16.68750024,400.4255005,15.14422837,1794.866827,0.778536585,1.431137625,254.4519968,49.94516945,0.97991268,14.88528728,125.9016603,67.65478325
03/02/20 6:40,8.239696455,119.2528736,1253.048346,1073.919796,13.83000002,103.1324997,49.90000019,16.85749998,397.451619,14.98759845,1777.535488,0.796097561,0,249.2650452,49.91403408,1.034518821,15.94649124,129.7442372,58.38336153
03/02/20 6:50,8.384836602,119.2528736,1404.664709,1131.395294,13.49000006,99.16250038,49.20999908,16.74499969,397.171019,14.9657599,1774.143877,0.602926829,0.126494514,249.2650452,49.97610989,1.107009979,16.50872803,128.0127237,64.78975258
03/02/20 7:00,9.598063087,119.2528736,1686.475525,1626.186497,13.31500015,96.85499992,49.46749992,16.39999971,398.1054825,15.12750359,1793.323591,0.749268293,0.628828087,249.2650452,50.00891514,0.97536198,17.47714806,140.9042084,53.36553323
03/02/20 7:10,9.14500823,119.2528736,1765.966663,1435.903457,13.31000004,96.99250031,49.71250038,16.52000003,398.1625687,15.13552608,1793.481983,1.059512195,0.777877836,249.2650452,49.97542439,1.126081487,16.68325806,132.7529135,59.60916324
03/02/20 7:20,8.234814525,119.2528736,1457.63551,1071.986552,13.11499991,95.76500053,49.36499958,16.47749982,401.8865524,15.03280266,1780.49378,0.632195122,0.136989776,249.2650452,49.96312466,1.205355819,18.14471626,99.56203957,57.99555836
03/02/20 7:30,8.630047345,119.2528736,1440.632861,1228.498749,12.8849997,93.19750061,48.60249958,16.03999991,402.7970337,15.11172751,1791.201651,0.63804878,0.076498545,249.2650452,50.05931034,1.054560451,16.40488243,131.8867945,54.3982883
03/02/20 7:40,8.718738866,119.2528736,1680.7091,1263.620591,12.79500017,91.54500008,48.64000072,16.04250016,402.1893661,15.10092013,1789.535442,0.939512195,0.706411151,249.2650452,50.06499062,1.199473588,17.32586098,133.8639191,71.51824446
03/02/20 7:50,8.807115006,119.2528736,1576.73728,1298.617543,12.62500033,90.66500015,48.59749966,15.8000001,401.3687698,15.12614536,1792.597801,0.693658537,0.033999587,249.2650452,49.98246975,1.097862422,17.47125244,132.4601756,62.25254683
03/02/20 8:00,8.615624189,119.2528736,1471.032556,1222.787179,12.58000031,89.54000092,48.41250019,15.75499992,401.4320358,15.05980338,1785.101229,0.655609756,0.63725192,249.2650452,49.96801414,1.081332548,17.58543015,119.8833223,62.64119158
03/02/20 8:10,8.509075475,119.2528736,1429.009839,1180.593888,12.59500031,87.92250023,48.04750061,15.71999998,400.8324326,14.97724499,1773.08955,0.837073171,0.757345637,249.2650452,50.00281048,1.08405125,16.59706306,125.3557262,61.40029106
03/02/20 8:20,9.729467177,119.2528736,1665.285165,1681.376215,12.77500029,87.12249985,48.24500008,15.24500008,401.3887177,15.10482855,1788.890619,0.725853659,0.831555677,250.0874696,50.05296993,0.945177812,16.48054886,119.0525106,59.46647234
03/02/20 8:30,9.145713472,119.2528736,1566.914935,1436.199658,12.8150001,87.42499962,48.5550005,15.33249984,400.9619339,15.09239906,1789.758522,0.731707317,0.638267305,254.7528687,49.91564445,0.998982141,16.16653061,130.6312119,63.78399792
03/02/20 8:40,6.518878484,119.2528736,736.2506882,522.7951349,12.79000015,85.52749863,46.97749958,15.33249989,401.0519516,12.75680593,1514.326698,0.497560976,0,254.7528687,49.94544468,1.228380632,15.62011623,138.050013,46.77266331
03/02/20 8:50,5.877284169,119.2528736,670.8464157,368.1748555,16.07000008,80.83999863,48.44249973,16.1275003,400.6436325,12.57104592,1491.027094,0.286829268,0,254.7528687,49.9428648,1.549735769,12.44066811,151.4482181,44.49173789
03/02/20 9:00,6.495784684,119.2528736,657.4779165,516.9293098,18.53684205,76.96842153,50.78947328,15.92894735,400.3690892,12.41718622,1475.488773,0.295609756,0,254.7528687,49.97746277,1.111191775,11.68009377,177.2105093,42.35603794
03/02/20 9:10,6.842070174,119.2528736,659.6411499,604.8858243,19.84749975,73.40500031,52.025,15.94999976,400.9680176,12.50094348,1484.128349,0.371707317,0,254.7528687,49.92159443,0.926068188,11.48690796,170.6484446,59.60472856
03/02/20 9:20,5.278643525,119.2528736,556.675058,256.8276956,20.86999998,70.33249969,53.22249928,15.96249981,401.4002213,11.9461522,1416.518435,0.260487805,0,254.7528687,49.93084354,1.877573943,12.0837822,126.4545788,41.75783811
03/02/20 9:30,5.734074569,119.2528736,458.564621,341.5378698,21.64000006,67.27000008,53.6824995,16.0349999,402.5846237,11.22436894,1332.529341,0.187317073,0,254.7528687,49.97743511,1.157484886,10.2501173,110.1288122,51.19535942
03/02/20 9:40,6.51440506,119.2528736,575.1107941,521.6588852,22.68000002,64.74250011,54.63250084,16.09249988,401.7191162,11.88241835,1409.761013,0.348292683,0,254.7528687,49.95312939,0.962039529,9.128932953,127.5713718,35.23499765
03/02/20 9:50,6.195668197,119.2528736,526.4423721,440.699722,23.09250002,62.42749996,55.05250072,16.05999999,401.4794357,11.44473678,1358.578588,0.219512195,0,254.7528687,50.00912971,1.023026198,10.37635708,152.3775455,38.65101354
03/02/20 10:00,5.772684479,119.2528736,508.7514694,348.719313,23.44499979,60.20499992,55.6425005,15.79749994,402.4939163,11.56551415,1372.534063,0.216585366,0,253.9142849,49.97529964,1.252869412,9.545453072,137.1193078,46.45334496
03/02/20 10:10,6.623385382,119.2528736,677.4878647,549.339887,23.74749985,58.64750023,56.58999939,16.15000005,403.1153976,12.61903904,1496.900236,0.389268293,0,247.0699158,50.07253475,1.065423819,9.690686226,114.46986,36.1706691
03/02/20 10:20,5.887437892,119.2528736,489.6370911,370.0634479,17.88500004,57.325,54.61500015,15.74000015,403.0643005,11.46889548,1360.916079,0.228292683,0,247.0699158,50.02371006,1.124360977,10.84303093,138.1923433,47.08123178
03/02/20 10:30,6.494375849,119.2528736,592.6251053,516.5714656,16.74750023,55.77499943,56.58999939,15.47500005,403.4786636,11.97809279,1421.615072,0.20195122,0,247.0699158,50.05908432,1.002198176,10.13970661,116.4049165,32.96574795
03/02/20 10:40,5.580859637,119.2528736,453.1786064,313.0398925,20.54499989,54.68749943,57.3824995,15.23499985,403.0915497,11.16504622,1325.182835,0.324878049,0,255.9087648,49.95203972,1.26974815,9.178855896,117.823761,28.82057996
03/02/20 10:50,6.173894382,119.2528736,711.9653076,435.1691729,22.52999973,53.51249981,57.88749924,15.6349999,402.4178375,12.70569116,1507.509378,0.295609756,0,256.947998,49.96846962,1.398753091,7.639950752,110.6251218,44.89421844
03/02/20 11:00,6.131052184,119.2528736,549.8911591,424.2872548,21.19000006,53.06250038,55.52999973,15.4124999,402.0322006,11.72867534,1391.750198,0.225365854,0,252.0083527,50.06275463,1.104210899,10.35333824,122.0743249,40.96309166
03/02/20 11:10,6.477476245,119.2528736,731.2414567,512.2789664,23.25263154,52.6078949,57.42105263,15.46578944,402.5313865,12.60855604,1493.198451,0.444878049,0,268.0843238,50.05562652,1.24576025,8.959767342,111.6874472,49.32641988
03/02/20 11:20,7.022720385,119.2528736,790.4134315,652.5886085,22.13999996,52.45499973,55.99499969,15.43999987,401.8226517,12.84805401,1521.35,0.357073171,0.035499222,262.7591657,49.97776489,1.017423961,10.01683235,100.9297475,49.92824397
03/02/20 11:30,6.851555538,119.2528736,773.5036209,607.2951067,21.3249999,52.73499985,54.91249943,15.41749988,400.5398026,12.79992941,1517.32568,0.283902439,0,253.655304,49.9232439,1.080889649,11.57594585,115.7695066,38.27985101
03/02/20 11:40,7.174710131,119.2528736,806.2871216,703.3531837,19.12249985,53.16749992,55.25999966,15.46000013,400.4988373,12.92650013,1533.781706,0.506341463,0,253.655304,49.93845463,0.960239157,11.11358166,98.78430486,35.97389054
03/02/20 11:50,7.046387601,119.2528736,747.8614685,660.4934587,16.62250013,53.08750019,55.69499989,15.17499986,400.8216949,12.94206432,1536.644194,0.327804878,0,267.4888844,49.89012451,0.950684852,10.15849495,92.68128748,50.43415184
03/02/20 12:00,8.381940866,119.2528736,1302.547452,1130.248583,16.90499992,53.52249947,55.90250015,15.2000001,402.1774506,14.54210351,1726.477764,0.567804878,0.444428545,272.3139038,49.91457958,1.027463082,10.42587566,73.85134602,38.41272273
03/02/20 12:10,8.458696818,119.2528736,1269.869598,1160.64394,17.52000008,55.57749977,54.14500027,14.73500004,402.2383667,14.76743835,1750.154205,0.743414634,0.049499482,282.5323435,49.90296001,0.97816509,9.457700729,65.87533226,43.61932859
03/02/20 12:20,9.31723094,119.2528736,1500.348621,1508.236995,16.34249997,57.51000023,53.35500011,14.6375,402.0255173,15.01693757,1780.742403,0.655609756,0.53691716,284.3681458,49.92104988,0.91798424,9.871657372,93.41815863,41.10129261
03/02/20 12:30,8.506555054,119.2528736,1541.824839,1179.595801,14.7861112,60.22222201,52.59722201,14.60833332,401.9898173,14.99724954,1777.248402,0.702439024,0.11111023,276.7041626,49.94836087,1.170518958,10.6764183,76.61261516,44.3025914
03/02/20 12:40,9.423167253,119.2528736,1442.567471,1552.730246,14.2874999,62.42000008,51.73499985,14.65249996,402.818219,14.89879704,1766.566338,0.822439024,0.715733704,276.7041626,49.98569508,0.861189578,10.19116497,69.47975936,39.83709717
03/02/20 12:50,9.573003721,119.2528736,1569.393188,1615.661563,14.0624999,64.06000042,51.32250042,14.5025002,402.4954361,15.12756622,1792.681532,0.687804878,1.020797893,275.858152,49.95664501,0.910943461,9.661647797,85.81846685,45.02981277
03/02/20 13:00,8.697837472,119.2528736,1331.555676,1255.343639,13.8375,65.08499947,50.6625,14.55499997,401.375238,14.79651506,1755.326952,0.594146341,0.098498724,265.7285156,49.9106144,0.955937326,9.649105072,64.08948183,35.86080799
03/02/20 13:10,8.206785107,119.2528736,1134.088007,1060.886902,13.64500012,66.05749969,49.98999977,14.575,402.5713364,14.08075941,1668.522943,0.690731707,0.074999474,268.7993463,49.90683041,0.946519326,9.131484985,71.34060764,33.98242016
03/02/20 13:20,8.705522466,119.2528736,1352.945021,1258.386896,14.45000005,65.44249954,48.93250027,14.69500012,402.9279999,14.51945297,1723.714262,0.570731707,0.655573691,270.5206224,49.98379955,0.969176366,8.637120247,68.18118191,42.39173183
03/02/20 13:30,9.1980968,119.2528736,1676.511792,1458.200656,15.59499998,67.65500031,50.30249977,14.64250002,403.0618347,15.04517005,1782.495506,0.810731707,1.18970881,274.5090332,49.95698414,1.055317277,9.76616478,64.83589554,39.49801912
03/02/20 13:40,8.043583703,119.2528736,1064.29754,996.2591464,14.19249988,68.40499992,49.37749977,14.61749997,402.6458984,14.37803704,1702.480539,0.626341463,0,274.5090332,49.97441502,0.939072501,9.283204079,70.60488253,32.96855342
03/02/20 13:50,5.659044909,119.2528736,355.5857422,327.5823532,15.04249988,66.36500015,48.05,15.00500011,402.2654327,10.55178796,1251.615755,0.16097561,0.073499468,274.5090332,50.03216419,0.943340356,7.858417034,77.09362516,45.20405245
03/02/20 14:00,5.772573173,119.2528736,486.6808075,348.6986102,18.38500004,63.59250107,49.79750004,15.22250004,401.2158325,11.24534824,1336.933313,0.219512195,0.048999571,274.5090332,49.93448982,1.198601623,6.185198307,149.6112572,40.30851226
03/02/20 14:10,7.270102906,119.2528736,927.5785034,735.2143707,20.25999994,61.80999966,51.91250019,15.29249992,400.253685,13.51927359,1602.797173,0.453658537,0.017499907,262.4228315,49.91485958,1.055162751,9.004979134,89.86363168,35.84301281
03/02/20 14:20,7.625927424,119.2528736,1023.19411,854.0597598,19.8125001,61.35249977,52.60750027,14.99500003,400.261615,14.248601,1689.390341,0.500487805,0,263.5333862,49.92180462,1.013238201,10.52956867,93.0525568,39.72373466
03/02/20 14:30,7.812035036,119.2528736,1103.383672,916.2197021,19.65,61.05,52.00749989,14.98250003,401.7712479,13.94015238,1652.606901,0.43902439,0.060496157,266.8260803,49.94185486,1.038313374,10.90777016,77.25049133,35.07408776
03/02/20 14:40,9.097748089,119.2528736,1509.162057,1416.054197,17.04250016,61.7875,52.26499958,14.63000002,402.1976181,14.91189355,1768.470921,0.87804878,0.645413512,266.8260803,49.93861942,0.973598296,8.996774673,51.9555007,33.32941475
03/02/20 14:50,8.814725637,119.2528736,1463.945587,1301.631352,14.75749989,63.87249985,51.10000019,14.59750004,402.235936,15.05391799,1784.679548,0.629268293,0.063998846,266.8260803,49.92149982,1.017193284,8.792234421,68.36311102,29.95431948
03/02/20 15:00,8.766704512,119.2528736,1493.607947,1282.614987,14.1249999,65.34999924,50.6375,14.27000008,402.1305359,15.1117373,1790.769236,0.676097561,0.037499297,270.1187744,49.91387501,1.051694149,9.037614822,71.80312462,33.7110671
03/02/20 15:10,9.799261928,119.2528736,1626.450342,1710.69001,13.86749983,66.25250053,50.20249977,14.27999992,401.5585648,15.1187911,1790.860708,0.898536585,0.803238042,273.4114685,49.93584461,0.914097792,8.227873802,68.95125771,39.21950893
03/02/20 15:20,9.06587615,119.2528736,1546.388293,1402.667983,13.58750024,68.07999992,50.06249924,14.26250014,400.7140701,15.11723511,1791.538874,0.690731707,0.077499486,273.4114685,49.95310955,1.005555794,8.239418983,62.00129333,34.06148572
03/02/20 15:30,8.468479419,119.2528736,1183.898669,1164.51785,13.33500004,69.03749847,49.46750031,14.12249999,401.0351669,14.48489808,1716.945728,0.570731707,0.011499974,273.4114685,50.04295979,0.909221642,8.411481857,43.5118885,24.95004845
03/02/20 15:40,7.934473372,119.2528736,997.8096375,957.1141061,13.56250019,67.57249985,47.68250008,14.27749991,403.2831985,14.13210793,1675.17647,0.564878049,0,273.4114685,49.91836948,0.909220328,7.223282337,67.31671581,34.47915263
03/02/20 15:50,7.700177407,119.2528736,899.8982483,878.859254,14.96249995,65.89500046,47.81750031,14.20999999,401.5444977,13.73200808,1628.662039,0.392195122,0.002,273.4114685,49.92139015,0.87291778,8.115449905,59.99977255,34.40140748
03/02/20 16:00,7.708344936,119.2528736,961.4114685,881.5872087,18.1624999,64.44500008,50.48250008,14.24999995,400.1280151,14.04282081,1663.919357,0.424390244,0,273.4114685,49.97413521,0.930493531,8.498464584,59.07914562,38.80097406
03/02/20 16:10,8.22636869,119.2528736,1059.234805,1068.642001,18.48750019,63.31000023,51.52999992,14.08249998,401.2611389,14.04923062,1664.181456,0.614634146,0.11698464,273.4114685,49.96630497,0.878344507,7.871994019,58.0052989,23.65118799
03/02/20 16:20,7.099643373,119.2528736,666.9329529,678.2808867,18.00499983,61.89999943,49.99500008,14.05750008,401.126268,12.54632986,1488.443556,0.286829268,0,273.4114685,49.92692871,0.824739768,7.339706898,84.77866869,25.06200738
03/02/20 16:30,6.97339983,119.2528736,756.5356262,638.2435568,20.19250002,59.81249962,52.17750015,13.86000013,400.7069519,13.0628525,1550.311644,0.316097561,0,273.4114685,49.9269146,0.997811631,6.55662775,99.61127129,29.23338876
03/02/20 16:40,7.197690558,119.2528736,773.9859039,711.0286465,21.49499989,58.44249992,53.84249992,13.67499981,400.4050339,13.19647104,1564.572361,0.465365854,0,273.4114685,50.05032978,0.911463995,8.420671463,77.47275429,22.18376057
03/02/20 16:50,7.512970724,119.2528736,767.6997809,816.3322217,21.49736876,56.98684251,54.45526324,13.59736854,400.5257376,13.17618859,1563.240762,0.342439024,0,273.4114685,49.94438954,0.785167475,7.385238647,66.66090488,31.95350195
03/02/20 17:00,7.893895793,119.2528736,1009.815762,943.5611948,15.78250003,56.0449995,51.42499962,13.13000007,399.2548615,14.31478916,1698.594755,0.427317073,0,273.4114685,49.9155447,0.929923461,7.487929344,57.39599133,31.68350515
03/02/20 17:10,7.170496392,119.2528736,811.8284302,701.945795,13.58750005,55.65749931,49.61999989,13.04750004,399.3938629,13.37756583,1587.208557,0.494634146,0,273.4114685,49.95075951,0.968847293,8.174563408,66.34247928,30.47735081
03/02/20 17:20,6.830802655,119.2528736,647.7620361,602.0238744,15.04999995,54.45500011,48.71750031,12.83250003,400.8381958,12.41051897,1473.925959,0.27804878,0,273.4114685,49.98182507,0.914445822,7.237407684,64.82315369,25.25951586
03/02/20 17:30,6.127270372,119.2528736,469.3366282,423.3266746,18.55789466,52.96315785,51.19473688,12.67368437,402.1810206,11.31930423,1342.56484,0.225365854,0,273.4114685,49.98118892,0.944295187,6.307506561,56.21091637,22.69671859
03/02/20 17:40,6.175100923,119.2528736,527.4032455,435.4756343,19.94250002,51.27999973,51.93999977,12.6875,402.6064529,11.43646632,1359.428215,0.283902439,0.002,273.4114685,49.97167473,1.035525168,5.471768379,80.46274042,29.05011072
03/02/20 17:50,7.771494603,119.2528736,1033.89679,902.6791975,21.2875,50.92500019,54.27749996,12.45749998,400.2070496,14.1956512,1684.371065,0.430243902,0.014499947,275.6001429,49.92253399,0.983578696,5.976502419,57.0205658,34.5057609
03/02/20 18:00,8.1330549,119.2528736,1194.501596,1031.68974,18.04500008,51.39750004,52.39499969,12.16249995,399.1374268,14.73594198,1746.742184,0.52097561,0,284.3871155,49.93106003,1.021916212,8.624117851,82.53212442,37.17743335
03/02/20 18:10,8.303180194,119.2528736,1216.672592,1099.059357,15.86499982,52.44750042,51.39500027,11.97749991,399.0665802,14.73643698,1746.55319,0.722926829,0,284.3871155,49.97154942,0.984003852,8.668931961,66.82012453,28.74437783
03/02/20 18:20,8.884836197,119.2528736,1377.293912,1329.395134,13.2375,53.675,50.45000095,11.72500005,398.7248489,14.99998806,1778.643866,0.594146341,0.055498799,284.3871155,50.03585434,0.938880377,8.78742218,56.49091263,34.29446988
03/02/20 18:30,8.93809185,119.2528736,1302.022977,1350.484373,12.45749993,55.30499954,49.59749889,11.63499999,398.907132,15.03166987,1781.314917,0.547317073,0.016999915,284.3871155,50.05133438,0.874995285,9.07619381,65.13913383,34.03022003
03/02/20 18:40,9.493240619,119.2528736,1596.587927,1582.16106,12.0250001,56.80249996,48.7725008,11.49000001,397.8790649,15.15309486,1796.363337,0.92195122,0.172469277,284.3871155,50.04573498,0.938063785,8.302083015,56.41516175,50.0171876
03/02/20 18:50,10.55761433,119.2528736,1857.228113,1909.310937,11.85500007,60.31749954,48.91750011,11.35749989,397.9626968,15.15353617,1795.685188,0.79902439,0.702787593,281.4941795,50.04446964,0.953078731,8.23493576,48.88019223,31.9503648
03/02/20 19:00,9.725327539,119.2528736,1915.999994,1679.637567,11.53999996,64.70000134,49.5274992,11.24999995,397.9049484,15.14641339,1796.497879,0.84,0.695428967,271.2163391,49.88506985,1.088115948,7.903491974,60.08352413,32.22171583
03/02/20 19:10,10.02899151,119.2528736,1979.9771,1800.943259,11.41249986,68.78249931,49.78500004,11.32749996,398.1483948,15.16519922,1799.302174,1.15902439,1.562482746,271.2163391,49.98127518,1.078420822,7.505487919,60.82848024,26.96599407
03/02/20 19:20,9.172907591,119.2528736,1642.930084,1447.621188,11.20000029,72.07000008,49.3875,11.6275001,401.3020477,15.16512036,1798.621004,0.734634146,0.074498414,271.2163391,49.97880974,1.040515866,8.22996521,51.98092904,36.39391332
03/02/20 19:30,7.903752327,119.2528736,1040.939944,946.8532772,10.89750009,71.77250061,47.84500027,11.49250002,402.4100021,14.24684496,1690.177843,0.497560976,0,271.2163391,49.9813694,0.956121071,7.985590458,84.68540249,34.02089987
03/02/20 19:40,6.54644382,119.2528736,627.7651886,529.7967303,11.50999994,68.80499916,46.52999973,11.64750004,404.1557159,12.3328692,1464.243107,0.389268293,0,271.2163391,50.0687603,1.030814254,7.518782616,81.97597532,22.43894479
03/02/20 19:50,6.3116467,119.2528736,533.7171173,470.1582618,15.10000005,65.41250019,49.07499981,11.72500005,405.9047714,11.73421727,1393.672365,0.234146341,0,271.2163391,50.09311008,0.980402342,6.140206814,88.49794607,18.38418329
03/02/20 20:00,7.087447834,119.2528736,809.6430573,674.2075766,17.0500001,62.33499928,51.21000004,11.48249989,401.8928543,13.32181151,1580.133448,0.327804878,0,271.2163391,50.04376945,1.007494973,5.470321178,66.97185497,29.94208274
03/02/20 20:10,7.861838222,119.2528736,990.9756622,932.853966,17.97000008,60.36249962,52.87749977,11.36749997,402.7777359,14.18578385,1682.013851,0.564878049,0,271.2163391,49.99808941,0.920288022,7.13522625,61.70973096,30.77901373
03/02/20 20:20,9.162364149,119.2528736,1569.472131,1443.192943,15.40750003,60.06249962,51.2625,11.03750005,402.2224182,15.16141561,1796.749512,0.652682927,0.204419773,271.2163391,49.96327019,0.996548885,7.875620842,60.97047219,37.27067161
03/02/20 20:30,10.40657129,119.2528736,2018.895709,1878.347115,13.06499996,63.01749992,51.46750031,10.81750002,401.6253677,15.13895157,1795.677069,0.88097561,2.011381967,271.2163391,49.99949036,1.050462516,8.763058662,55.06563954,31.80820699
03/02/20 20:40,11.38873177,119.2528736,2058.852045,2015.549271,11.56999998,67.85750046,51.3350008,10.68000002,401.6156342,15.17164162,1798.209383,1.2,4.105941772,271.2163391,49.9773098,1.021238058,7.694252491,57.37011309,40.9292695
03/02/20 20:50,11.29261522,119.2528736,2041.979059,2011.704609,11.16750031,72.24250069,50.90749969,10.74250016,402.0282181,15.12254745,1792.485723,0.901463415,4.459541211,271.2163391,49.98912468,1.016009472,9.461204529,77.84955587,51.01511183
03/02/20 21:00,11.06193905,119.2528736,2050.571619,2002.477562,10.8875001,76.28249969,50.50000057,10.78499999,401.7101669,15.20870492,1802.590256,0.886829268,4.275646329,271.2163391,50.00092487,1.027934731,10.65633202,89.10124841,51.68207002
03/02/20 21:10,10.57547052,119.2528736,2024.463263,1912.971457,10.77105271,79.44473708,50.37105319,11.11315782,403.7389302,15.16606742,1799.515108,1.194146341,3.268982689,271.2163391,49.94551528,1.03799261,11.10082054,67.97408827,46.57478478
03/02/20 21:20,10.94945021,119.2528736,1989.374756,1989.637292,10.68499985,82.32250023,50.14249916,11.07999988,403.5491821,15.15688097,1796.878664,0.883902439,3.362032683,271.2163391,50.01795998,1.001693425,9.783893585,72.37611141,46.32348003
03/02/20 21:30,10.22532699,119.2528736,1926.615228,1841.192033,10.64500012,84.57000046,49.90749969,11.02499995,404.1230484,15.13208735,1793.878716,0.863414634,2.249335324,271.2163391,50.04699993,1.024429753,10.6259203,87.63727074,57.50267401
03/02/20 21:40,10.21237047,119.2528736,1925.219519,1838.535946,10.48499994,85.91999931,49.3925005,11.14750004,405.402002,15.15314591,1798.425608,1.132682927,1.155439721,271.2163391,50.10074959,1.025294864,11.00680065,65.00654421,37.66010385
03/02/20 21:50,10.10199795,119.2528736,1823.247888,1815.909579,10.34000006,86.68749962,49.21749878,11.40749998,402.5433502,15.17664796,1800.381683,0.784390244,0.412495208,271.2163391,50.00410004,0.984151685,10.24787903,71.82187338,46.44310083
03/02/20 22:00,9.845055604,119.2528736,1911.208911,1729.923354,10.26500006,87.02750015,49.17499886,11.4400002,401.5999481,15.18236938,1801.629827,0.828292683,1.033932401,271.2163391,49.97558422,1.067281673,10.90234947,65.95717654,37.56669745
03/02/20 22:10,10.70490004,119.2528736,2028.957866,1939.504508,10.26315794,88.21052632,49.36052644,11.28157907,400.8726999,15.15631811,1797.462881,1.182439024,2.987949136,271.2163391,50.0510531,1.033757965,10.10748768,86.30796503,37.19450599
03/02/20 22:20,11.79969788,119.2528736,2062.01872,2031.987915,10.29411782,90.08529484,49.66764719,11.39411764,399.2556475,15.18361172,1800.347867,0.901463415,5.731852633,271.2163391,50.00180525,1.015365435,10.26023865,78.91915153,60.44494803
03/02/20 22:30,11.20414624,119.2528736,2016.088263,2008.16585,10.22999992,91.90749893,49.81500015,11.27999997,399.9171875,15.13795906,1795.707813,0.892682927,3.017250719,271.2163391,50.01548042,1.005998513,11.06891346,79.28052635,69.13102655
03/02/20 22:40,9.720779681,119.2528736,1792.661462,1677.727466,10.1249999,92.78250008,49.35249958,11.43749986,400.7812012,15.13657254,1796.296721,1.08,0.623418829,271.2163391,50.03632507,1.018727471,10.3583889,82.97914762,39.48488512
03/02/20 22:50,8.749923944,119.2528736,1407.606104,1275.969882,9.812499714,90.87999992,48.77250042,11.34750009,400.6670013,15.12434623,1793.672779,0.623414634,0,271.2163391,50.08606014,0.995795132,10.5028677,70.05973816,45.79396553
03/02/20 23:00,9.31023283,119.2528736,1477.725195,1505.297789,9.65250001,87.8875,48.41499958,11.36999998,400.6716034,15.15598243,1797.102751,0.643902439,0.069498461,271.2163391,49.98290005,0.905631664,10.53381252,50.09513097,41.52757635
03/02/20 23:10,8.641593194,119.2528736,1360.688226,1233.070905,9.494999981,85.22250023,48.13000011,11.24500003,400.5133347,15.04607463,1784.837065,0.804878049,0.005999996,271.2163391,50.01516495,0.992718863,9.014857292,57.50682702,45.36207018
03/02/20 23:20,9.429664063,119.2528736,1542.813599,1555.458907,9.430000019,83.03000069,48.18500061,11.07999997,401.8407013,15.15296862,1796.403717,0.664390244,0.028999911,271.2163391,50.02014027,0.919664782,9.744462013,67.85641637,38.12194624
03/02/20 23:30,9.329686499,119.2528736,1490.755664,1513.468329,9.425000095,81.41000137,48.12749977,11.02249994,400.5076675,15.14956006,1796.452423,0.643902439,0,270.1236082,49.96763458,0.909452538,8.943477631,78.15857382,50.18034248
03/02/20 23:40,8.926713109,119.2528736,1482.476825,1345.978391,10.79499998,80.27499962,48.68250103,11.01750011,400.5813004,15.12057061,1793.601202,0.857560976,0.0404997,260.2406921,49.96346989,0.99929001,12.4465313,108.6179058,54.70191679
03/02/20 23:50,9.350030851,119.2528736,1511.108383,1522.012958,11.7875,78.90750046,48.78750114,11.10250001,401.3229843,15.00703293,1779.927893,0.652682927,0.243484227,260.2406921,50.03365936,0.917494854,13.23045731,103.6572198,52.74659777
04/02/20 0:00,9.733494973,119.2528736,1750.856476,1683.067889,11.38249993,79.57999992,48.84750004,11,399.8260498,15.13103928,1794.556292,0.807804878,0.499972052,260.2406921,49.98094006,0.993179418,12.72650146,128.6675026,46.80311713
04/02/20 0:10,8.073822045,119.2528736,1231.190021,1008.23353,9.770000029,78.90999947,47.71250057,10.8750001,399.8997009,14.58070846,1729.843517,0.714146341,0.104486777,260.2406921,50.0585247,1.074937941,13.20795155,133.6227169,60.33163772
04/02/20 0:20,7.535453749,119.2528736,1060.044717,823.8415521,10.32000008,76.1974987,48.66749973,11.0275001,399.9095688,14.01505494,1663.324259,0.424390244,0.038499781,260.2406921,50.02631989,1.077131538,13.50286293,147.1514004,62.27429943
04/02/20 0:30,6.779217529,119.2528736,870.9812241,588.9212524,14.48500004,73.52750015,51.97250023,11.02249999,399.4407791,13.64325388,1618.356674,0.415609756,0,260.2406921,50.01140423,1.261670351,12.8550663,104.6762796,45.53403616
04/02/20 0:40,7.426139235,119.2528736,980.0621857,787.3305047,15.53250012,70.36999969,52.43499966,10.85500007,399.0281967,13.98353018,1658.172375,0.591219512,0,260.2406921,50.05876045,1.038692551,11.28295135,137.937015,50.1452034
04/02/20 0:50,8.856157112,119.2528736,1438.92023,1318.038216,13.66500006,69.30499954,50.67500038,10.52249994,399.478215,14.86362004,1761.643948,0.614634146,0.15748774,260.2406921,50.06080017,0.98854013,13.12592697,126.9394401,61.47309713
04/02/20 1:00,8.256885314,119.2528736,1172.115598,1080.726584,13.17250018,68.92249947,49.88749981,10.525,401.9296494,14.45458388,1715.709892,0.52097561,0.075492527,260.2406921,50.07342491,0.962277062,14.22690964,106.7702219,43.41174574
04/02/20 1:10,9.291206384,119.2528736,1599.737357,1497.306681,11.54749994,68.47249947,49.14249954,10.38249998,402.8327011,15.02716273,1782.215263,0.904390244,1.054566738,260.2406921,50.05581532,0.984818476,13.37458515,99.93392773,59.76603103
04/02/20 1:20,9.445256662,119.2528736,1635.948276,1562.007798,10.03249989,70.04500008,48.6300005,10.22999997,402.7402008,15.02124122,1781.37081,0.731707317,0.828343242,260.2406921,50.06276455,0.971712696,13.82874107,143.5488243,65.36400814
04/02/20 1:30,10.09854519,119.2528736,1874.822998,1815.201765,9.600000048,71.90499992,48.66500072,10.03250008,403.2203659,15.14858401,1797.810339,0.804878049,2.295241035,260.2406921,50.06987076,1.012420207,16.22302818,163.967754,61.01408901
04/02/20 1:40,9.804441023,119.2528736,1777.134607,1712.86523,9.367500067,74.73749924,48.79250126,10.15749998,403.9426804,15.16446751,1801.460747,1.082926829,1.538021582,260.2406921,50.0004797,0.998060264,14.87817287,142.963908,58.43957968
04/02/20 1:50,10.69241524,119.2528736,1934.107617,1936.945124,9.290000153,76.61999969,48.7400013,10.12250004,404.6230301,15.17498249,1797.656439,0.834146341,2.900321743,260.2406921,50.0375248,0.986029442,15.49540806,113.9183163,58.58120766
04/02/20 2:00,10.98167462,119.2528736,1983.154303,1996.243298,9.257500029,79.04249992,48.92000065,10.26499996,403.8205978,15.17559792,1800.596466,0.860487805,5.12215904,260.2406921,49.92884026,0.997019269,15.7752018,123.5803202,68.62284384
04/02/20 2:10,10.88837972,119.2528736,1925.583392,1977.117842,9.315000105,81.81750069,49.07749882,10.4400002,404.0950119,15.16699353,1797.142061,1.144390244,3.701055373,260.2406921,50.02855968,0.972423377,14.92913437,115.6074485,71.07986403
04/02/20 2:20,9.281108236,119.2528736,1644.29007,1493.065459,9.214999914,82.44000015,48.70750103,10.52000003,404.413501,15.07957569,1787.280315,0.734634146,0.943189738,260.2406921,50.06468563,1.014668615,13.86329079,117.7516302,53.35001106
04/02/20 2:30,8.612450027,119.2528736,1482.428275,1221.530211,9.03499999,82.37749977,48.50499973,10.49250002,404.4670135,14.97629312,1776.16967,0.676097561,0.233990622,260.2406921,50.04084988,1.090716748,15.19560814,146.2100324,61.33514709
04/02/20 2:40,10.6492945,119.2528736,1844.348117,1928.105372,9.142499876,81.94750023,48.41000023,10.48249998,404.9356812,15.11983493,1794.308865,1.047804878,4.405104741,261.5494164,50.05576057,0.942243491,13.96826935,104.7442306,58.96238394
04/02/20 2:50,11.73579084,119.2528736,2031.695197,2029.431633,9.21666654,83.76111094,48.88611264,10.50555563,403.9762912,15.130899,1794.58175,0.889756098,5.505670642,273.4114685,50.06151115,1.001228974,13.62571907,91.89210457,69.72445912
04/02/20 3:00,11.60205825,119.2528736,1997.662835,2024.08233,9.302777926,86.11388906,49.04166603,10.52222225,400.2370945,15.18299063,1799.468225,0.892682927,5.069949455,273.4114685,49.99516635,0.986097959,11.55741215,102.9431054,39.12050745
04/02/20 3:10,8.728911138,119.2528736,1445.577139,1267.64881,9.232499981,87.12249947,48.80999985,10.91750002,400.5475021,14.8145493,1755.762165,0.910243902,0.340416558,264.0223768,50.05422516,1.028710526,11.15871906,100.9726326,53.49121566
04/02/20 3:20,9.142687869,119.2528736,1598.940778,1434.928905,9.134999943,85.38749962,48.31749992,10.93249993,400.143251,15.06786919,1787.069899,0.702439024,1.244132827,264.6309509,50.06381531,1.020156014,11.87978458,131.46444,56.616429
04/02/20 3:30,9.10877409,119.2528736,1511.573639,1420.685118,9.19000001,84.80999985,48.30500031,10.86499996,400.8910324,14.9202472,1769.676218,0.717073171,0.744660728,265.3443726,50.12550983,0.972496911,14.83904362,111.311953,52.7033164
04/02/20 3:40,7.743353677,119.2528736,983.0782532,893.280128,9.059999847,82.34249916,47.49250031,10.84000006,400.4918976,13.94309878,1656.010363,0.591219512,0,265.7285156,50.11921997,0.942397007,14.60429096,114.7207794,56.58802443
04/02/20 3:50,7.922945952,119.2528736,1076.805154,953.2639481,10.55,78.78499947,47.13500004,10.86749992,399.715567,14.2769701,1694.593031,0.48,0.019999861,265.6736403,49.98970432,0.984137513,13.36327362,88.38596039,48.65523424
04/02/20 4:00,8.052066731,119.2528736,1213.125076,999.6184257,11.27000003,76.09750023,47.14750023,10.99749994,399.6292816,14.6189986,1734.392561,0.497560976,0,265.5638869,50.0680254,1.067216493,11.39591503,111.8290034,46.41753142
04/02/20 4:10,9.621488905,119.2528736,1687.999823,1636.02534,11.82500005,75.05249863,48.19500008,10.66750021,400.7935516,15.14450003,1796.176249,0.948292683,0.341484272,265.5638869,49.92372475,0.972953387,12.36717701,92.80900704,53.09192627
04/02/20 4:20,9.583547211,119.2528736,1853.778815,1620.089828,11.29250002,75.9900013,48.45500011,10.60749998,402.5485687,15.14854217,1797.371149,0.819512195,1.449266844,265.5962631,49.98968506,1.074372007,12.17119026,101.1529666,49.02150974
04/02/20 4:30,10.55655642,119.2528736,2020.592902,1909.094065,9.877499771,78.71499939,48.24999962,10.55749998,401.479834,15.15442045,1796.647711,0.886829268,6.351710424,265.3432754,49.99422951,1.036966739,12.39030457,95.17063675,64.8049684
04/02/20 4:40,12.89405775,119.2528736,2052.778308,2048.940578,9.837499619,81.8375,48.56500053,10.62000008,400.1686996,15.12289251,1796.730143,1.202926829,9.500437015,266.7135186,49.9091795,1.002925321,11.92737961,81.58373775,65.91294365
04/02/20 4:50,11.85804749,119.2528736,2047.427509,2034.321899,9.909999752,84.67000046,48.79000149,10.74000025,400.2947998,15.10344234,1790.221167,0.901463415,8.543948553,273.4114685,49.88606033,1.007449927,12.75974274,106.7627003,76.77444687
04/02/20 5:00,12.20238175,119.2528736,2061.748065,2042.023818,9.932499743,87.29999924,49.01749973,10.92999992,401.7689163,15.19307511,1804.325329,0.901463415,8.968009284,273.4114685,49.92678471,1.011651092,13.47893047,80.74694667,64.07438087
04/02/20 5:10,10.34787664,119.2528736,1975.898242,1866.314712,9.934999752,89.20999908,49.03749943,10.97749991,402.3337341,15.15940006,1798.532255,1.176585366,3.586768893,273.4114685,49.92469959,1.035284475,12.54437542,82.72926712,54.09098349
04/02/20 5:20,11.09033559,119.2528736,1987.435483,2003.613424,9.928947097,90.3578953,49.06315693,11.15000012,402.1949126,15.17269812,1799.423796,0.857560976,4.304124417,273.4114685,49.92404737,0.995366387,10.28622341,85.05844288,48.02305288
04/02/20 5:30,11.96422501,119.2528736,2055.944299,2038.569,9.982499933,91.92000046,49.29249992,11.19249997,400.398378,15.19443136,1800.418802,0.901463415,7.586567977,273.4114685,49.86017532,1.010308403,11.23241711,100.2666362,51.40945549
04/02/20 5:40,11.6450057,119.2528736,2044.992444,2025.800228,10.02999997,93.59999962,49.48249931,11.2249999,398.6238129,15.09905836,1792.794382,1.2,7.158742158,273.4114685,49.89004936,1.008921215,11.76937485,91.98382025,57.78721929
04/02/20 5:50,12.79296641,119.2528736,2054.878296,2047.929664,10.10999994,94.97750015,49.56000023,11.47999992,401.3387848,15.14742284,1797.353205,0.901463415,8.973227746,273.4114685,49.97687492,1.004662869,11.61447334,109.5515009,58.8834619
04/02/20 6:00,12.23260174,119.2528736,2054.104681,2042.326017,10.14499989,96.17999992,49.77749996,11.5,401.6952347,15.16368484,1798.586838,0.901463415,8.755449089,273.4114685,49.97330971,1.007743164,12.84678841,92.90629959,54.66371717
04/02/20 6:10,10.54391532,119.2528736,2034.116357,1906.50264,10.10999994,97.17750015,49.69750004,11.64250007,399.9952652,15.15999095,1798.639561,1.197073171,4.984199814,273.4114685,49.96723957,1.044552896,12.0378685,89.75745592,70.87778082
04/02/20 6:20,11.18289227,119.2528736,2057.357599,2007.315691,10.17499986,98.29499931,49.8875,11.47999992,397.6453171,15.14630793,1797.459726,0.904390244,7.171063952,273.4114685,49.94130898,1.027297734,11.10561752,111.1306942,55.23595335
04/02/20 6:30,11.42452028,119.2528736,2055.857843,2016.980811,10.21999989,99.18499832,49.96500034,11.6599999,401.0819244,15.18463647,1802.884312,0.898536585,6.785267035,273.4114685,49.92166958,1.018580444,11.46641827,88.98362122,61.8335639
04/02/20 6:40,12.80122676,119.2528736,2051.188348,2048.012268,10.29000006,99.95249939,50.08499928,11.94250002,399.3250656,15.10835007,1793.737444,1.205853659,9.369301521,273.4114685,49.88805962,1.002800719,11.86179066,112.7543741,83.49069786
04/02/20 6:50,12.37311959,119.2528736,2025.087915,2043.731196,10.44749994,100.7700008,50.35999985,11.77249999,400.7232986,15.08093637,1791.174385,0.901463415,9.528944244,274.1791289,49.93241978,0.992786182,13.21745872,119.6314236,68.49688158
04/02/20 7:00,12.95284529,119.2528736,2057.77962,2049.528453,10.60750017,101.2299995,50.36250038,12.04999986,402.177652,15.14541721,1797.236773,0.901463415,10.28694903,278.899292,49.90699482,1.004954899,12.9008007,116.3323889,67.98833313
04/02/20 7:10,12.17672839,119.2528736,2054.400769,2041.767284,10.67999988,101.7325001,50.35999985,12.11999998,400.4081482,15.15872186,1800.192347,1.2,9.044256731,278.899292,49.9319294,1.008179705,13.37550354,99.08178201,72.06732035
04/02/20 7:20,12.11614041,119.2528736,2056.826239,2041.161404,10.72999992,102.3050007,50.41000061,12.1749999,402.4133194,15.15438505,1796.390825,0.898536585,8.481910008,278.899292,49.86466999,1.009686405,13.56120014,117.0079924,74.86852512
04/02/20 7:30,12.51868699,119.2528736,2064.133514,2045.18687,10.71749992,102.5999989,50.3199995,12.27749982,404.2285965,15.21638502,1803.303703,0.901463415,9.575399902,278.899292,49.94244461,1.011132289,13.95733166,127.7513357,72.97416649
04/02/20 7:40,13.44404593,119.2528736,2060.064746,2050,10.91000004,102.8224995,50.52000027,12.1099998,403.4281158,15.17921975,1803.170889,1.2,11.5876184,278.899292,50.06350479,1.005137349,13.61083603,121.8214655,79.02026072
04/02/20 7:50,12.68335485,119.2528736,2038.794373,2046.833549,10.83500009,103.1600002,50.44500008,12.13249989,402.0339386,15.12278031,1794.532522,0.898536585,9.236113162,278.899292,50.03516979,0.997565804,13.89093685,104.9657076,83.7263483
04/02/20 8:00,12.83348827,119.2528736,2053.112329,2048.334883,10.82500005,103.5074986,50.38000031,12.17249985,401.3088501,15.19920932,1800.792143,0.898536585,9.263059548,278.899292,49.9402647,1.00351436,14.31501293,110.0778692,81.21592007
04/02/20 8:10,11.86214993,119.2528736,2041.153662,2034.485997,11.0000001,103.6325001,50.42750034,12.40000005,400.4824554,15.14570989,1796.757545,1.197073171,8.121095244,289.407244,49.95950947,1.00431167,14.10936832,130.4620525,84.09296112
04/02/20 8:20,13.91551495,119.2528736,2053.445789,2050,11.12000031,104.1224991,50.34750023,12.42000008,399.6000504,15.15657248,1798.502981,0.898536585,11.01902484,291.1521784,49.93873997,1.001617137,14.58649731,103.6451233,67.77547216
04/02/20 8:30,12.53572726,119.2528736,2033.463318,2045.357273,11.27500024,104.3450001,50.65,12.37750001,400.0217865,15.13046265,1796.181393,0.901463415,9.931665355,279.9968567,50.09542446,0.995989028,15.25550365,103.236102,62.96511407
04/02/20 8:40,13.51909437,119.2528736,2039.260687,2050,11.40999975,104.5674995,50.69500046,12.64750004,402.9807129,15.08583891,1787.365849,1.197073171,9.598375322,291.4152886,50.00992985,0.994901937,14.69433022,85.48306723,57.1029181
04/02/20 8:50,13.75953431,119.2528736,2050.219458,2050,11.64499998,104.7475002,50.73999996,12.78500009,399.7810501,15.15701468,1795.983009,0.898536585,11.01511974,292.0700684,50.01504974,1.000124076,14.01100445,119.7480686,74.90315967
04/02/20 9:00,14.28917813,119.2528736,2031.268347,2050,11.78250012,105.0099983,50.79249954,12.93499999,399.7305801,15.06187396,1788.534124,0.901463415,12.33872046,292.0700684,50.0021843,0.99119807,14.50450706,128.9100558,106.1954938
04/02/20 9:10,13.4113946,119.2528736,2050.774854,2050,11.98000011,105.4475006,50.82249985,13.09749994,399.9401993,15.17067888,1797.039808,1.2,11.05059006,292.0700684,49.86152,1.000648665,14.64394855,95.39944,78.52063818
04/02/20 9:20,13.40538039,119.2528736,2055.442755,2050,12.13249989,105.6675007,50.85749969,13.39249997,400.0240356,15.18974528,1803.15148,0.901463415,10.44138515,292.0700684,49.9379097,1.00293443,13.85688877,132.9170523,75.27024789
04/02/20 9:30,11.50602813,119.2528736,2024.585358,2020.241125,12.1150003,105.8400002,50.80999985,13.61499996,401.072551,15.15367417,1798.694269,0.895609756,6.628857435,292.0700684,49.99662933,1.000584762,14.62973499,112.2941576,60.75264497
04/02/20 9:40,12.51987481,119.2528736,2058.967303,2045.198748,12.15500002,105.7900002,50.80999947,13.51750002,402.0058853,15.17181972,1799.101662,1.197073171,9.331283821,292.0700684,50.05935974,1.008593163,14.17468834,104.8101319,71.15483041
04/02/20 9:50,11.72565961,119.2528736,2035.514728,2029.026384,12.17249994,105.9975006,50.82999954,13.54500003,402.9932831,15.15273182,1796.668505,0.895609756,8.307864057,292.0700684,50.07438011,1.003237681,13.75601101,116.3935475,59.15150323
04/02/20 10:00,13.76148334,119.2528736,2047.298926,2050,12.29999967,105.9800003,50.80999985,13.54249988,402.3574875,15.16457663,1799.610294,0.901463415,11.39460269,292.0700684,49.9209589,0.998698395,13.62459087,119.7372071,80.41836338
04/02/20 10:10,13.35552144,119.2528736,2031.02558,2050,12.29999967,106.3124996,50.7449995,13.72749996,401.9607864,15.07983403,1789.9575,1.191219512,10.28482921,296.3357679,49.94934483,0.991086841,13.68962955,177.7889608,108.2433233
04/02/20 10:20,12.30245228,119.2528736,2046.376978,2043.024523,12.3699996,106.2724998,50.77749996,14.09000001,401.8227493,15.16227302,1795.854647,0.898536585,8.538700123,299.0934049,49.91053982,1.003589467,15.05843544,95.22913017,55.67489061
04/02/20 10:30,12.74860196,119.2528736,2035.64975,2047.48602,12.4749999,106.1575008,50.75999985,13.90749984,401.6368835,15.06240584,1787.432619,0.895609756,8.747067489,300.835097,49.89186459,0.995571389,13.76013088,151.3632568,64.96612759
04/02/20 10:40,13.23774247,119.2528736,2039.348706,2050,12.56000023,106.4449997,50.80749969,13.91000009,401.6920486,15.11131784,1793.509947,1.2,9.550511315,300.8505859,49.88485432,0.995306187,15.19648933,110.889175,93.01752996
04/02/20 10:50,11.936901,119.2528736,2041.455078,2037.47604,12.57500029,106.5675014,50.82499981,14.13749995,401.6964172,15.14265154,1795.61899,0.895609756,8.163436968,300.8505859,49.91821499,1.003528377,14.59668541,117.5246244,75.91469545
04/02/20 11:00,12.63847055,119.2528736,2052.437366,2046.384706,12.64250035,106.7775005,50.80749969,14.25249996,401.3473511,15.14278029,1799.795952,0.901463415,8.916653441,300.8505859,49.89845943,1.004557575,14.26974201,93.27243576,73.7289443
04/02/20 11:10,12.83799887,119.2528736,2042.641693,2048.379989,12.67000036,106.9300003,50.8449995,14.25249996,401.0467484,15.14807434,1796.386322,1.197073171,8.793927788,304.7124259,49.91569939,0.998364989,13.55806732,113.0793621,80.32978477
04/02/20 11:20,11.98191509,119.2528736,2039.279376,2039.276604,12.81250014,107.1924999,50.86499996,14.22000003,401.4688705,15.16295627,1796.846066,0.901463415,6.516062807,305.4429744,49.97739983,1.001899289,14.22561264,109.9404543,66.96918945
04/02/20 11:30,12.38054481,119.2528736,2046.933954,2043.805448,12.79250016,106.9474995,50.8,14.29749994,401.2357361,15.23123798,1802.251596,0.869268293,7.19798919,306.3384094,49.93560982,1.00345756,13.95781994,99.66928425,56.01096592
04/02/20 11:40,11.15892801,119.2528736,1883.720703,2006.357121,12.85249991,106.2525002,50.64250031,14.48000007,401.1215637,15.13440692,1794.206165,1.12097561,4.903429933,306.3384094,49.916675,0.9413262,13.68298435,108.3704376,60.27702098
04/02/20 11:50,10.05720646,119.2528736,1824.566241,1806.727325,12.77250023,105.2049992,50.52250023,14.52000003,401.2666016,15.12946692,1796.456663,0.807804878,1.893208858,306.3384094,49.89617958,0.990311357,13.54396629,116.7391962,47.23169985
04/02/20 12:00,10.41173174,119.2528736,1838.405048,1879.405007,12.73500028,104.3424999,50.50749989,14.65,401.4403488,15.09744036,1791.090031,0.857560976,2.777604099,297.9376686,49.96864948,0.95596639,13.38937664,93.5617794,51.92656336
04/02/20 12:10,9.61445384,119.2528736,1760.659613,1633.070613,12.55500021,102.8149998,50.17749825,14.66500001,401.8317688,15.14988837,1797.558661,1.027317073,0.922402962,296.4603271,50.01433983,1.015862247,11.94187927,102.7131835,52.22292356
04/02/20 12:20,9.971002412,119.2528736,1782.652393,1782.821013,12.53750014,101.3125008,50.04499931,14.54499998,401.9575729,15.12530337,1793.701246,0.807804878,0.811646627,296.4603271,50.06458435,0.978317073,12.816679,85.12692299,54.32225475
04/02/20 12:30,9.00417459,119.2528736,1416.537946,1376.753328,12.59000034,98.80499916,49.18500042,14.78750005,401.8000015,14.8989488,1770.209908,0.63804878,0.494714245,310.5281789,49.92464981,0.935537421,11.86377621,74.32907677,51.57864237
04/02/20 12:40,8.085200715,119.2528736,1120.547415,1012.739483,12.49250002,95.34750061,48.14500027,14.66499991,401.5563324,14.64605534,1737.287012,0.731707317,0,312.9237976,49.94135952,0.97449217,11.47484112,81.08142138,37.92449782
04/02/20 12:50,8.025021195,119.2528736,1027.574414,988.9083934,12.25999975,90.51249962,47.01749992,14.65500002,401.4961517,14.38621871,1706.925516,0.447804878,0,310.0653757,49.87091942,0.912606592,10.41881943,62.64795666,38.08964417
04/02/20 13:00,8.269470692,119.2528736,994.6554199,1085.710394,12.55999985,86.15,46.72999973,14.53500013,402.9104858,13.97607127,1659.883553,0.462439024,0.021499828,312.9237976,49.89763908,0.813249552,8.670873642,85.11458407,31.50115086
04/02/20 13:10,8.235241413,119.2528736,1255.924118,1072.1556,13.93999996,82.39249954,47.52000065,14.6875001,403.7000137,14.84571894,1758.901205,0.687804878,0.164485722,312.9237976,49.98701935,1.038409962,8.542708397,72.30491647,30.41234321
04/02/20 13:20,7.737914968,119.2528736,1117.099222,891.4635992,14.5625,79.84000015,47.88750076,14.5625,404.7485977,14.42606892,1711.471224,0.506341463,0,312.9237976,50.03167038,1.072459618,9.884563446,82.53307886,33.80781398
04/02/20 13:30,8.290910316,119.2528736,1166.099472,1094.200485,14.95499988,77.17999992,47.67500019,14.36999998,405.1512955,14.55812095,1727.124578,0.48,0.218424636,312.9237976,49.95603943,0.946833678,9.728098869,66.06085472,37.30101857
04/02/20 13:40,9.057318854,119.2528736,1246.896701,1399.073919,15.13750033,75.2875,48.02500057,14.17749991,404.7513336,14.81336001,1757.114548,0.725853659,0.044998417,310.8088203,49.91616478,0.812544886,9.743575096,45.73668218,44.36613998
04/02/20 13:50,9.520100594,119.2528736,1546.195142,1593.442249,14.84999995,74.34250107,48.39249992,13.91750011,401.9371338,15.09633109,1790.454638,0.67902439,0.130499001,308.5335388,50.05017014,0.904410195,8.989144325,65.63190708,39.50411224
04/02/20 14:00,9.286862779,119.2528736,1512.576617,1495.482367,13.35500002,74.52249794,47.53250008,13.92749991,398.7699265,15.16254669,1797.858461,0.626341463,0.03649967,308.5335388,49.9372694,0.932118633,10.22052002,47.60934258,38.6718663
04/02/20 14:10,9.607975388,119.2528736,1773.009302,1630.349663,12.90499992,75.57499962,47.86500015,13.67999988,399.0167145,15.13765745,1795.754974,1.050731707,0.673425002,293.713548,49.90084476,1.023943074,8.729018211,65.00384941,32.67645915
04/02/20 14:20,9.743054867,119.2528736,1857.13844,1687.083044,12.78000016,77.70750046,48.42000027,13.9474998,399.6648163,15.17396151,1798.948277,0.816585366,1.364205543,293.1676331,50.00743999,1.052044236,9.905481339,93.06695499,41.79884224
04/02/20 14:30,9.645991445,119.2528736,1815.386298,1646.316407,12.7775002,80.03999977,48.8650013,13.82249994,399.5304138,15.17858858,1800.167639,0.804878049,0.8143863,293.1676331,49.99553928,1.042702555,10.41728878,66.71128225,47.10596128
04/02/20 14:40,9.689669013,119.2528736,1926.000055,1664.660985,12.82750006,81.78250046,48.98500023,14.00499983,398.9660614,15.15809682,1797.299011,1.103414634,1.219365843,298.2928691,49.91965427,1.099351879,10.04963017,86.67162323,53.15089678
04/02/20 14:50,9.70057101,119.2528736,1806.347476,1669.239824,12.85263147,83.35000008,49.00526308,14.10263152,399.5358244,15.14070261,1795.694582,0.787317073,0.855624868,299.7530212,49.89523677,1.029455779,10.10017586,102.8804456,51.2300523
04/02/20 15:00,9.729244328,119.2528736,1866.426801,1681.282618,12.94999995,84.75750084,49.21749916,14.34250007,399.7642166,15.11835663,1792.866898,0.804878049,1.131805088,299.7530212,50.01702003,1.059374654,11.16728401,72.44745932,34.21551795
04/02/20 15:10,10.15087297,119.2528736,1914.323694,1825.928959,13.07000027,86.51249924,49.56250019,14.25,397.647963,15.14523219,1796.679634,1.129756098,1.367050289,299.7530212,49.98171959,1.027146673,9.118962288,73.33771935,48.10352194
04/02/20 15:20,9.25361743,119.2528736,1660.147241,1481.51932,13.01000004,87.49000092,49.37000008,14.34499989,397.8431839,15.04413217,1785.74033,0.749268293,0.86340586,299.7530212,50.04916477,1.031173277,9.684782028,89.43347692,49.23596973
04/02/20 15:30,10.20836091,119.2528736,1912.600891,1837.713987,13.1025003,88.66000137,49.70500011,14.4349998,397.5168518,15.16966519,1798.849028,0.831219512,1.45970992,299.7530212,49.9333849,1.019069827,10.85697174,89.86621513,46.62104459
04/02/20 15:40,9.31921711,119.2528736,1671.154047,1509.071186,13.10250025,88.93500023,49.59000034,14.6750001,400.6463867,15.13999812,1794.615744,0.992195122,0.304488734,299.7530212,49.89255466,1.022014006,10.98640156,79.12253723,45.10514307
04/02/20 15:50,8.9247063,119.2528736,1480.820638,1345.183695,13.03888904,88.09166675,49.05555513,14.55277782,402.2274289,15.03528376,1783.969053,0.667317073,0.409859192,299.7530212,49.93355454,0.998708398,10.21121979,67.48052814,44.15773641
04/02/20 16:00,9.407932013,119.2528736,1648.795521,1546.331446,12.89999962,86.00000048,48.37500024,14.59062505,401.5758724,14.98569578,1776.909242,0.649756098,0.294995639,299.7530212,49.88806248,0.987755273,10.2997036,81.71878779,47.15837514
04/02/20 16:10,9.746321774,119.2528736,1764.434894,1688.455145,12.92499976,86.21999817,48.7475008,14.6900001,401.0072525,15.16206644,1797.187929,1.033170732,0.500984736,299.7530212,49.94841461,0.999067415,9.588476181,66.17200179,43.45578275
04/02/20 16:20,8.952477956,119.2528736,1487.714001,1356.181271,12.88249984,85.99250031,48.57750053,14.5625,400.6271179,15.04473987,1785.298273,0.655609756,0.362440515,299.7530212,49.95907917,0.99597325,10.07108307,70.88157034,32.91155245
04/02/20 16:30,10.27095385,119.2528736,1831.385358,1850.545538,12.89999962,86.04500046,48.84000053,14.49000001,399.644899,15.14936265,1795.861965,0.816585366,1.329975999,299.7530212,49.94151955,0.968447481,10.51067448,77.72218637,51.03947651
04/02/20 16:40,9.021901608,119.2528736,1524.377368,1384.198675,12.85999985,86.31999893,48.82500057,14.68250003,399.4750305,15.05619599,1787.029421,0.91902439,0.08149938,299.7530212,49.94078484,1.002251564,10.75977707,66.21028328,35.15963738
04/02/20 16:50,8.133036351,119.2528736,1167.710193,1031.682395,12.64750032,84.11000023,47.53000031,14.61500001,399.7712326,14.7772918,1753.976418,0.503414634,0,299.7530212,50.027215,0.999002012,10.28030682,65.78613381,42.79637547
04/02/20 17:00,8.551806283,119.2528736,1416.066864,1197.515288,13.21500006,81.25999947,47.6175005,14.66000013,399.2102798,15.04277471,1782.788063,0.6,0.122967693,299.7530212,50.02909985,1.060623345,10.57451534,60.19270587,43.08681421
04/02/20 17:10,8.213812552,119.2528736,1254.452527,1063.669771,14.64736833,80.09210526,48.56052579,14.48421067,398.0048924,14.8910778,1765.984846,0.763902439,0,299.7530212,49.88807879,1.044543392,10.25414753,67.86371211,35.75114973
04/02/20 17:20,7.721190143,119.2528736,939.1358978,885.8775076,15.06750026,77.45000038,47.98000031,14.52500005,398.5440613,14.06088111,1667.8715,0.412682927,0,299.7530212,50.0151495,0.905737088,10.17398548,61.30500293,31.786201
04/02/20 17:30,8.008574843,119.2528736,1010.565903,982.395638,15.31750011,74.35999985,47.68250046,14.4375,398.622879,14.36616307,1703.628714,0.44195122,0,306.6116804,50.07581463,0.902737852,8.31286335,76.29688349,27.80480347
04/02/20 17:40,8.016203952,119.2528736,998.5021698,985.4167649,15.44999981,71.97500153,47.72000103,14.25499992,398.6895966,14.30946895,1696.123512,0.594146341,0,314.0213623,50.06405506,0.889553594,8.587760925,55.36197228,30.30296836
04/02/20 17:50,7.206452036,119.2528736,790.8247559,713.95498,16.64250002,69.42750092,47.95500031,14.33500009,398.9926453,13.30192503,1578.530228,0.345365854,0,314.0213623,50.06555996,0.92734069,8.255158424,77.45018911,26.2324862
04/02/20 18:00,7.786919856,119.2528736,946.7024445,907.8312319,19.6250001,66.82749977,51.06999989,14.10749989,399.3213623,14.0414473,1663.918425,0.392195122,0,314.0213623,49.96984005,0.896890896,6.598801136,41.79208064,27.67875705
04/02/20 18:10,7.598659086,119.2528736,908.9880524,844.9521348,18.59499989,65.03749962,51.825,13.94000006,399.1505981,13.89721289,1648.275925,0.553170732,0,314.0213623,49.95146408,0.90709833,7.605902672,65.60005243,29.48602028
04/02/20 18:20,6.842509429,119.2528736,709.3193003,604.9973949,14.18611108,63.04722214,48.28055573,13.6138889,399.7478349,12.82545129,1523.744055,0.32195122,0,317.8628387,49.97854445,0.995596651,7.406855583,69.16866684,33.03859403
04/02/20 18:30,6.527621293,119.2528736,520.0986771,525.0158084,15.12500005,60.61500015,48.8875,13.66999989,400.0596558,11.63314761,1383.419466,0.237073171,0,321.7043152,49.96207962,0.86334611,6.903466702,61.79584055,22.78388934
04/02/20 18:40,6.945333338,119.2528736,614.7011017,631.1146678,18.31500006,58.3175005,50.91000004,13.62250004,398.4046021,12.27567056,1456.625107,0.339512195,0,321.7043152,49.95680008,0.821367649,5.478371143,63.19408522,27.97146583
04/02/20 18:50,6.11111598,119.2528736,477.5909943,419.223459,19.61750011,56.22749939,51.94499989,13.28250003,404.2383316,11.38405788,1352.422548,0.222439024,0,321.7043152,49.9685297,0.9689931,5.378298759,60.66689901,25.60597563
04/02/20 19:00,5.398074651,119.2528736,325.9602173,279.041885,20.20499983,54.19749966,51.85750046,13.42000003,404.2007477,10.13782722,1205.254612,0.140487805,0,321.7043152,49.92919483,1.02534571,5.265755177,77.07431488,23.20379934
04/02/20 19:10,6.575902414,119.2528736,505.7924652,537.2792132,20.62749996,52.37999973,52.45000019,13.11250005,403.4467728,11.56044021,1371.411673,0.275121951,0,321.7043152,50.01784477,0.816725181,4.834694386,62.07791309,18.04740658
04/02/20 19:20,6.984481645,119.2528736,730.2847198,641.0583377,21.31000004,50.97499981,53.9125,12.69500003,403.2435455,12.95853961,1537.307173,0.327804878,0,321.7043152,50.00692539,0.958294304,5.411608219,49.95720997,20.18861303
04/02/20 19:30,6.197914243,119.2528736,493.7848206,441.2702177,21.59249992,50.18999958,54.79250126,12.6349999,403.1306625,11.50105128,1365.36097,0.228292683,0,321.7043152,49.9042448,0.95848869,6.035301685,74.14818354,24.82004113
04/02/20 19:40,6.202332163,119.2528736,481.0605453,442.3923694,16.31999998,48.9524992,55.57999992,12.35499997,404.2145615,11.38810314,1353.482958,0.28097561,0,321.7043152,49.99138985,0.931736987,5.308361053,50.56281424,22.06753461
04/02/20 19:50,5.886045766,119.2528736,381.0625015,369.8045125,15.20750003,47.9324995,56.09499893,12.07000003,404.8446182,10.62200962,1260.782724,0.175609756,0,321.7043152,50.00859966,0.875757056,5.007241726,72.41330204,20.77307796
04/02/20 20:00,5.483443582,119.2528736,404.0583237,294.9205063,18.59499998,46.61749935,55.66250076,12.03500009,402.0791199,10.79424222,1282.595112,0.163902439,0,321.7043152,49.98864956,1.212619627,4.751382351,49.61713698,20.5365586
04/02/20 20:10,5.89384191,119.2528736,435.9924667,371.2545953,20.15999994,45.68999901,56.24499912,12.03999982,402.8584656,11.06770259,1315.012058,0.254634146,0,321.7043152,49.97576427,0.997416704,4.610917091,56.04394588,21.00800338
04/02/20 20:20,6.311572456,119.2528736,491.8912445,470.1394039,20.86749983,44.81000004,56.63000011,11.7400001,402.2605377,11.49617283,1364.302208,0.219512195,0,321.7043152,49.97281475,0.903602691,4.515679836,45.08283014,19.61121759
04/02/20 20:30,6.22206403,119.2528736,528.9238403,447.4042637,21.47105287,44.26999969,57.23249931,11.64999995,399.2089796,11.76217183,1395.203693,0.231219512,0,321.7043152,49.94044655,1.014481035,4.666802883,42.97940054,18.9459146
04/02/20 20:40,5.419922733,119.2528736,387.2898804,283.1056284,22.1047624,43.67499943,57.67750053,11.5874999,400.1048828,10.68678327,1269.925632,0.245853659,0,321.7043152,49.96933956,1.203434296,4.671298981,42.28462877,19.45712926
04/02/20 20:50,5.220450139,119.2528736,295.1940346,246.0037259,22.15750065,42.93999996,57.49249954,11.39500017,399.7660858,9.889624581,1173.869402,0.131707317,0,321.7043152,49.93509483,1.031962524,4.401554108,40.23135524,14.69274627
04/02/20 21:00,5.141484261,119.2528736,268.7141792,231.3160725,22.18947421,42.25000038,57.2299984,11.33499999,404.7690979,9.647004336,1145.246979,0.117073171,0,321.7043152,49.98207474,0.988315984,3.70467329,33.64480009,13.75884663
04/02/20 21:10,4.333822852,119.2528736,136.5472633,131.0543366,19.58809507,41.37000027,57.10249863,11.13249998,405.9359009,8.999614075,1069.088608,0.099512195,0.294000292,321.7043152,49.9322666,0.908917235,3.161363602,31.02036515,13.88528539
04/02/20 21:20,4.274727905,119.2528736,136.8695606,124.4947974,14.82000003,40.59750004,57.05749912,10.98249989,405.6442217,8.989122212,1069.872253,0.058536585,0.49000001,321.7043152,49.93596935,0.952407906,2.888731003,37.49072106,13.22567973
04/02/20 21:30,3.600269154,119.2528736,75.93356762,64.41991743,15.73421067,39.97894749,56.66000023,10.89736823,401.9924541,8.996169358,1068.764456,0.04097561,1.015000119,321.7043152,49.95910484,0.989663059,2.821746111,39.96022773,15.14642286
04/02/20 21:40,3.712432623,119.2528736,67.73269615,72.7200141,18.77749996,39.27500057,56.13684102,10.68000007,401.9913528,9.009906873,1072.394371,0.03804878,1.164999576,321.7043152,50.01427956,0.778408612,2.826945782,59.02983079,21.20306915
04/02/20 21:50,3.994768107,119.2528736,80.63783054,93.61283991,20.00500002,38.68999996,55.9350008,10.68250003,403.1650162,8.990036756,1067.93482,0.03804878,0.99000001,321.7043152,50.03469906,0.714177107,2.88030076,44.67173285,17.99985771
04/02/20 22:00,3.537221169,119.2528736,49.68004322,59.75436654,20.62250004,38.22499981,55.64249992,10.8099999,404.1498993,8.991727486,1064.222557,0.020487805,1.49000001,321.7043152,49.98413506,0.700271979,2.703715563,27.78737727,14.98419218
04/02/20 22:10,3.687094748,119.2528736,67.53479557,70.84501135,21.02250004,37.78500023,55.37500057,10.53250008,405.6005173,8.994433433,1067.172844,0.03804878,1.214999852,341.0846645,49.9714695,0.79743219,2.72315073,20.86881793,14.41819377
04/02/20 22:20,4.40294324,119.2528736,174.4228969,138.7266997,21.19722303,37.42499924,55.30555471,10.3166666,406.3476698,8.992887087,1070.051676,0.076097561,0.14470383,342.5580444,49.97046047,1.104929717,2.55934453,29.67032687,16.02256555
04/02/20 22:30,4.788500714,119.2528736,237.3248299,181.5235793,21.35250015,36.95500011,55.36000023,10.19000006,403.8402344,9.311669379,1108.138773,0.096585366,0,342.5580444,49.95320454,1.111345696,2.647879839,15.85637977,11.46221489
04/02/20 22:40,5.074567366,119.2528736,255.8139046,218.86953,21.6550004,36.70500011,55.60249901,10.15750008,403.497316,9.503886715,1128.637024,0.149268293,0,342.5580444,49.98370018,0.984310696,2.621141195,25.9737963,12.58746669
04/02/20 22:50,5.107070398,119.2528736,257.6140686,224.9150941,21.8149992,36.55000076,55.77000141,9.832499981,401.7993347,9.502292454,1130.025187,0.114146341,0,354.2853358,50.02549,0.969494959,2.79618597,36.41701279,22.09040701
04/02/20 23:00,5.264907277,119.2528736,256.1297096,254.2727535,21.72250042,36.34500046,55.72250118,9.714999962,404.3637497,9.505513653,1130.182383,0.111219512,0,0.119079597,49.94160461,0.871120827,3.195904255,26.01160061,11.97038277
04/02/20 23:10,4.561314309,119.2528736,138.9993652,156.3058883,19.80249977,35.98999977,55.71750088,9.567499924,404.919017,8.997366384,1069.539608,0.096585366,0.345992278,0.119079597,49.96797504,0.780330225,2.890100241,23.33751011,10.39464686
04/02/20 23:20,3.544200563,119.2528736,41.91438155,60.27084169,14.35500007,35.72000027,55.55999985,9.457500029,405.3995636,8.993390858,1070.153378,0.017560976,1.49000001,338.9672647,49.91037464,0.585526615,2.676366091,29.49303799,13.57079464
04/02/20 23:30,3.918142128,119.2528736,116.9313251,87.94251747,14.71000009,35.33999996,55.21000042,9.40250001,404.9489166,8.997998133,1070.265438,0.043902439,0.74000001,314.0213623,49.90281963,1.104355127,2.970486641,26.60611634,10.92463329
04/02/20 23:40,3.658916843,119.2528736,110.6090185,68.75984638,17.83999977,35.15999985,55.14000053,9.21750021,405.7389343,8.989086181,1066.763638,0.070243902,0.664997101,320.1313792,49.91796017,1.347151448,2.492872477,27.00278749,15.60770823
04/02/20 23:50,3.963527501,119.2528736,91.46154623,91.30103505,18.78500023,34.87499962,54.69250069,9.10999999,407.4797348,8.991318002,1071.189989,0.03804878,0.864998701,303.779619,49.98696518,0.831130541,2.765463114,22.39246655,10.74879389
05/02/20 0:00,3.982089925,119.2528736,119.7079258,92.67465444,19.57249994,34.55500011,54.67000084,9.094999981,406.8277695,9.020671204,1071.567347,0.052682927,0.539999553,311.4654053,49.90324955,1.071237862,2.633761644,45.29428806,18.10193834
05/02/20 0:10,4.375763535,119.2528736,180.6059349,135.7097524,20.09499989,34.4574995,54.70250092,9.044999933,406.9668518,9.000119627,1068.452734,0.099512195,0.024499745,311.8262329,49.94150448,1.166258514,2.740207911,40.54284376,16.03135039
05/02/20 0:20,4.079394698,119.2528736,158.5368,102.8128115,20.37749949,34.21750011,54.77000141,8.899999952,407.2477371,9.046679199,1074.747202,0.073170732,0.220499856,311.8262329,49.98782463,1.297864967,2.860199213,50.47597327,16.06253427
05/02/20 0:30,4.008225977,119.2528736,109.0191029,94.91308349,20.45249987,34.11749992,54.63999958,8.870000172,406.6893555,8.987438679,1066.135157,0.049756098,0.49000001,311.8262329,49.93556938,0.953816126,2.896548271,43.15504274,13.51839067
05/02/20 0:40,3.334648573,119.2528736,64.30361805,44.76399443,20.78499994,33.88750038,54.53999939,8.772499919,406.2305496,9.064182714,1077.974659,0.043902439,1.139501183,317.0823626,49.9208847,1.130420766,2.694398403,44.85602093,17.18226929
05/02/20 0:50,2.45311541,119.2528736,11.73092738,0,21.00500002,33.71749954,54.29500008,8.884999943,405.7172318,8.992104515,1064.450106,0.005853659,1.49000001,327.1921387,49.98190517,1,2.928595543,27.02953622,15.05467285
05/02/20 1:00,3.01626451,119.2528736,24.60023055,21.20357375,21.26500015,33.56499996,54.17500057,9.049999952,405.4810501,8.988909066,1064.463043,0.011707317,1.49000001,339.7974351,49.93700981,0.676069936,2.941716671,28.10753603,9.125596714
05/02/20 1:10,3.273318112,119.2528736,38.79539537,40.22554028,20.94750004,33.45749989,53.97000046,8.959999943,406.1265839,8.995965198,1065.326878,0.020487805,1.391500592,339.7034406,49.94235497,0.732870525,3.070719719,23.98490527,9.312437558
05/02/20 1:20,2.89429034,119.2528736,28.49231992,0,14.95500002,33.27750053,53.78249969,8.650000048,406.5145844,8.989380196,1065.00226,0.011707317,1.440000466,321.7043152,49.97001991,1,2.983817816,31.50889821,10.6478617
05/02/20 1:30,3.14679606,119.2528736,62.7462698,30.86290841,13.50000005,32.99499989,53.40000019,8.582499933,406.4660034,8.994974032,1069.077009,0.026341463,1.164999576,321.7043152,49.90736008,1.400876238,3.128512383,28.70786128,12.52818599
05/02/20 1:40,3.268157649,119.2528736,52.3540493,39.84366603,17.17250013,33.00249901,53.45000038,8.969999909,406.7719681,8.995287627,1069.32482,0.029268293,1.340000543,321.7043152,49.92227993,0.995248647,2.7377491,34.27221184,15.9243268
05/02/20 1:50,3.566094637,119.2528736,70.54221023,61.89100313,19.03157887,33.03684235,53.50526308,9.147368632,407.2188849,8.992646964,1069.703498,0.032195122,1.042631117,321.7043152,49.99743672,0.958555528,2.870737314,28.30430706,10.63166699
05/02/20 2:00,3.965699399,119.2528736,122.4076256,91.46175549,19.90500021,32.91750031,53.56249905,8.992500019,407.2635559,8.994485021,1069.795692,0.046829268,0.639999476,321.7043152,49.99107437,1.11033419,2.674659491,25.19765723,11.12843249
05/02/20 2:10,4.570131493,119.2528736,185.5448082,157.2845957,20.38499956,32.83000011,53.68499851,8.852500057,407.0650055,9.029120654,1073.907606,0.105365854,0.195999717,321.7043152,49.97977486,1.033655659,2.421810389,19.51536802,10.33011637
05/02/20 2:20,5.025098336,119.2528736,271.0904922,209.6682904,20.66000023,32.70499973,54.00250034,8.302500033,407.1873215,9.648012891,1146.473127,0.117073171,0,333.6328152,49.95470963,1.079953024,2.433257818,20.24146273,7.672059083
05/02/20 2:30,5.634171081,119.2528736,286.0087143,322.955821,20.8949996,32.74750023,54.27749958,8.192500067,404.4055649,9.804968074,1164.598486,0.122926829,0,339.2653503,49.96333504,0.77181159,2.534229994,20.56305482,7.735834229
05/02/20 2:40,6.299915147,119.2528736,370.2285248,467.1784473,20.7824996,32.76749992,54.34999962,8.152500105,403.0193832,10.54081406,1251.454411,0.210731707,0,339.2653503,49.92405415,0.683870584,2.697220564,22.46125703,15.11091578
05/02/20 2:50,6.193422127,119.2528736,432.6402786,440.1292202,20.96000042,32.99250011,54.87999992,7.864999986,403.055719,11.04384787,1312.249357,0.190243902,0,322.6907108,49.92857418,0.841685952,2.980544329,21.97976594,15.08840551
05/02/20 3:00,6.389572016,119.2528736,435.4367615,489.9512922,21.286667,33.19333344,55.48666712,7.913333225,403.4693339,11.06370389,1314.426193,0.193170732,0,318.4116211,49.96422653,0.771499374,2.987935305,19.9900375,15.30826696
05/02/20 3:10,6.68553248,119.2528736,423.1576176,565.12525,21.51250005,33.1937499,55.715626,7.731250018,403.7044334,10.95818097,1300.621984,0.242926829,0,318.4116211,49.96029997,0.643485444,3.312148809,38.40713513,21.46975291
05/02/20 3:20,6.992146015,119.2528736,508.356948,643.0050879,21.74473692,33.36315798,56.20789417,7.644736817,403.8351746,11.57487,1375.509176,0.216585366,0,314.2418314,49.96503167,0.664740029,3.348892689,36.95977683,17.39266524
05/02/20 3:30,6.432228708,119.2528736,564.898938,500.7860919,22.03500004,33.52500038,56.97249947,7.40999999,403.9018478,11.97042713,1421.734297,0.254634146,0,307.1170143,49.99537449,0.981816678,3.433368683,23.5096168,11.71188682
05/02/20 3:40,6.952424145,119.2528736,540.8675751,632.9157328,19.49499998,33.85999947,57.74749966,7.495000029,404.0143143,11.8067316,1402.56982,0.316097561,0,317.3140564,50.0901598,0.720325901,3.594967604,16.69314122,17.66816113
05/02/20 3:50,7.367834401,119.2528736,591.4737518,767.85669,13.20250006,34.16000004,56.55749969,7.539999986,404.2725983,12.15390761,1440.812914,0.257560976,0,317.3140564,50.05890999,0.64328071,3.564239979,18.12377944,15.48583755
05/02/20 4:00,6.835944462,119.2528736,615.9313385,603.3298933,15.38250003,34.39499969,55.03999996,7.380000019,404.3755814,12.28601182,1459.953661,0.272195122,0,317.3140564,50.04863968,0.867310505,3.280577183,23.43678336,15.6838793
05/02/20 4:10,6.598344421,119.2528736,577.1932129,542.979483,18.76750002,34.64500084,56.68249989,7.332499909,404.6081619,12.03221445,1429.88665,0.339512195,0,317.3140564,50.10293522,0.920364477,3.188420057,12.51303377,18.92607074
05/02/20 4:20,6.652417088,119.2528736,564.7777802,556.7139402,20.08500004,34.80000076,57.54250011,7.312499976,403.3991776,11.9608098,1421.496815,0.251707317,0,317.3140564,50.03994999,0.874227562,3.376880884,13.5674804,13.09660327
05/02/20 4:30,6.057674527,119.2528736,423.421373,405.6493299,20.43749981,34.89000034,57.69500084,7.564999986,403.3499161,10.97482842,1304.607656,0.196097561,0,317.3140564,49.97112522,0.883701157,3.611321688,16.72996742,11.99126546
05/02/20 4:40,5.956471848,119.2528736,357.3276871,382.9037638,20.85749998,34.65499992,57.6725008,7.522499967,403.8143463,10.44181524,1241.22508,0.213658537,0,317.3140564,50.01662045,0.788500435,3.154152155,15.21513112,9.196632421
05/02/20 4:50,5.613232613,119.2528736,289.7135399,319.0612659,21.13000059,34.57500038,57.57999954,7.57750001,403.3210953,9.826991647,1170.17775,0.131707317,0,317.3140564,50.00313015,0.793297741,2.975314379,10.68811554,8.002267849
05/02/20 5:00,4.96439898,119.2528736,168.1100479,201.0482868,21.3000001,34.17000008,57.07999935,7.600000024,401.2550842,8.994808227,1068.878981,0.07902439,0.073499468,317.3140564,49.94523449,0.697639485,2.939349413,20.3004292,15.43585512
05/02/20 5:10,4.320354497,119.2528736,126.0879225,129.5593492,21.31500015,33.86749992,56.64249992,7.815000057,400.8805481,8.989044428,1067.869629,0.076097561,0.418999697,317.3140564,50.01551552,0.847682254,2.626999617,30.63795052,14.38347687
05/02/20 5:20,3.171001577,119.2528736,62.5434206,32.65411673,21.6875,33.42249985,56.31000023,7.749999881,400.061087,8.99459146,1069.058441,0.029268293,1.189999705,317.3140564,49.98909512,1.349399352,2.584854126,20.71113555,10.3899911
05/02/20 5:30,4.082271922,119.2528736,98.52284184,103.1321833,17.34749994,33.2550005,56.11499882,7.94000001,399.469249,8.995012209,1071.537083,0.032195122,0.793502855,317.3140564,49.95687504,0.804468201,2.739122391,29.61538143,13.56989911
05/02/20 5:40,3.816122651,119.2528736,76.93612518,80.39307618,13.11750011,33.03000031,56.25750008,7.872500134,400.6735489,8.987498671,1064.770878,0.055609756,1.040000885,317.3140564,50.05379524,0.797060957,2.886516094,23.38612359,9.28161931
05/02/20 5:50,3.817811847,119.2528736,92.90807076,80.51807666,16.07249994,32.60749989,55.7300005,7.862500048,402.7788345,8.992826566,1068.413361,0.03804878,0.964999424,317.3140564,50.03020496,0.96098838,2.806014776,14.64057151,8.193351442
05/02/20 6:00,4.282235886,119.2528736,108.4752852,125.3281833,18.14736838,32.40000052,55.34210546,8.021052586,400.1761924,8.988813005,1070.600413,0.049756098,0.49000001,317.3140564,49.94166304,0.750498977,2.593434811,24.74862693,7.174465807
05/02/20 6:10,4.175010061,119.2528736,83.77868843,113.4261168,18.9875001,32.25499973,55.05750046,7.955000091,402.0915192,8.988289654,1067.144714,0.049756098,0.8399994,317.3140564,50.03781509,0.631319469,2.528074741,13.96482637,12.20306063
05/02/20 6:20,3.642581809,119.2528736,41.80131321,67.55105383,19.63750038,32.1000001,54.74000072,7.970000052,404.6691833,8.992704213,1064.788788,0.020487805,1.49000001,317.3140564,49.95898476,0.518577794,2.621875763,15.65966109,17.34847598
05/02/20 6:30,3.11795001,119.2528736,1.972883044,28.72830076,19.95499983,31.96000004,54.40249958,7.994999957,403.5601227,8.99197568,1064.735029,0.002926829,1.49000001,317.3140564,49.94189434,0.045951936,2.93008709,48.25047798,17.70762272
05/02/20 6:40,2.730669814,119.2528736,-10.03744805,0,20.22749968,31.76999979,54.03000011,8.139999795,403.2346649,7.281453338,859.7159976,0.007804878,11.06083702,317.3140564,49.93301468,1,2.881315231,32.8466011,17.90622452
05/02/20 6:50,2.603212517,119.2528736,-3.453345561,0,19.88250008,31.62500029,52.60500011,8.067500114,404.9399139,0.796266158,96.35116553,0.007804878,44.99000168,294.2589561,49.91332455,1,2.836941957,5.596963054,6.568001443
05/02/20 7:00,4.039632237,119.2528736,77.00951848,98.3991783,20.26499968,31.4500001,52.17249966,8.005000019,403.2028687,5.972576648,715.3179295,0.007804878,16.35531274,279.9968567,49.95723934,0.653931934,3.371128559,14.77046044,8.648031504
05/02/20 7:10,4.350908315,119.2528736,143.5174271,132.950823,20.45249987,31.33499985,53.11000004,8.049999976,400.7615021,8.995646462,1066.971479,0.08195122,0.465500264,279.9968567,49.89167004,0.943472081,2.866426468,34.66731272,12.27064455
05/02/20 7:20,4.445335841,119.2528736,169.5309097,143.4322784,20.5,31.24000006,53.33249989,7.7,401.6996521,8.995473146,1064.830324,0.073170732,0,279.9968567,49.94100933,1.043027956,2.591616631,49.65638733,19.84821584
05/02/20 7:30,4.734205413,119.2528736,182.3036163,175.4968008,20.67000065,31.14249992,53.49750004,7.64000001,401.5732697,8.987709627,1064.885056,0.084878049,0,296.7962906,49.99042454,0.888927657,2.66466713,16.3318058,15.65943266
05/02/20 7:40,4.344337225,119.2528736,107.1201368,132.221432,20.75750036,31.13249998,53.26000023,7.570000052,400.2623032,9.001066625,1067.070362,0.067317073,0.68949814,300.8505859,49.9814846,0.707572426,2.700674534,47.13517914,21.52497239
05/02/20 7:50,3.75216912,119.2528736,72.30109948,75.66051486,21,31.04473676,53.02368405,7.807894757,399.511473,8.99357482,1070.380928,0.029268293,1.042631117,300.8505859,49.9614836,0.797506459,2.820463419,35.42060975,22.97602972
05/02/20 8:00,3.736879385,119.2528736,65.92077656,74.52907445,21.07250013,30.92750015,52.78749905,7.867499995,398.6789322,8.992832601,1069.169586,0.029268293,1.163999584,291.9557703,49.99214001,0.738553714,2.929259777,38.81054435,20.81740143
05/02/20 8:10,3.901714456,119.2528736,94.89261284,86.72686975,16.225,30.83999996,52.93750038,7.800000072,403.2323181,8.993952647,1070.568209,0.055609756,0.890000619,273.4114685,49.95610981,0.909148605,2.798218727,12.85230659,10.83100016
05/02/20 8:20,4.187168443,119.2528736,132.268853,114.7756972,13.34500003,30.71500006,53.21000061,7.707500005,402.8231247,8.992527008,1070.608618,0.055609756,0.49000001,273.4114685,49.95714455,0.986742927,2.426102161,18.36487055,10.90479307
05/02/20 8:30,4.164225304,119.2528736,131.6718437,112.2290088,16.6499999,30.71999998,53.15750008,7.630000067,402.7259872,8.98818706,1070.625744,0.061463415,0.49000001,273.4114685,49.94335938,1.001200931,2.440774918,16.34412639,11.20072913
05/02/20 8:40,3.909872118,119.2528736,96.57800293,87.33053672,18.66578975,30.74210548,52.97368461,7.897368456,403.7625491,8.993993621,1070.626632,0.058536585,0.674210147,273.4114685,49.97302126,0.918710183,2.380292416,28.5119724,12.94451563
05/02/20 8:50,3.993891917,119.2528736,121.3232952,93.54800184,19.53684205,30.59210496,53.01578923,7.87631587,400.9999791,8.994523616,1070.654152,0.055609756,0.49000001,273.4114685,50.00966263,1.075277374,2.524446487,31.00705919,13.32641413
05/02/20 9:00,3.964808345,119.2528736,87.56674728,91.39581752,20.11999989,30.55,52.87000027,7.994999909,400.5042007,8.989258066,1065.687178,0.04097561,0.915000576,273.4114685,49.9059,0.794889084,2.377331734,24.82079854,12.70223087
05/02/20 9:10,3.364756954,119.2528736,50.12273922,46.99201458,20.50750008,30.58749962,52.66999836,7.982499933,400.8366852,8.992385611,1068.477064,0.032195122,1.315000443,273.4114685,49.97855988,0.852093472,2.53613019,17.12818192,10.67275869
05/02/20 9:20,3.149357593,119.2528736,38.36112881,31.05246189,20.93999977,30.50500011,52.56999893,8.297499943,401.036853,8.994363964,1070.542236,0.014634146,1.465000281,273.4114685,50.0260643,0.853310669,2.781356812,21.63611648,7.747028303
05/02/20 9:30,3.401492167,119.2528736,41.81312523,49.71042032,21.26250019,30.41750002,52.50999985,8.142500019,401.7403687,8.987460718,1069.709656,0.023414634,1.315000443,287.3553288,50.07542038,0.683354258,2.913600683,32.09956851,14.04936535
05/02/20 9:40,2.863291013,119.2528736,21.17185736,0,21.51750011,30.40500011,52.28500137,8.309999919,402.5542496,8.998019591,1067.059793,0.008780488,1.49000001,290.9725037,50.09786015,1,2.859933615,28.61237869,14.17693655
05/02/20 9:50,3.077279615,119.2528736,15.13560695,25.71869154,21.81499968,30.38249998,52.14499989,8.345000076,403.0812653,8.987226605,1070.165731,0.008780488,1.49000001,290.9725037,50.06895523,0.375431197,3.069784641,33.32407951,14.45429409
05/02/20 10:00,2.856019336,119.2528736,-4.46014505,0,21.77000017,30.35249958,50.95499992,8.602499914,403.8671982,2.282493839,271.0225961,0.008780488,36.44714193,288.6289863,49.95145493,1,3.098684311,11.91123897,7.427816999
05/02/20 10:10,3.177943885,119.2528736,35.2554368,33.16784751,21.90249987,30.38249998,51.02750015,8.697500062,403.9503342,9.025705576,1072.614229,0.008780488,1.440000466,275.6065979,50.03801956,0.753385251,3.263918877,55.63708382,18.10073168
05/02/20 10:20,2.785829741,119.2528736,4.353980353,0,20.75250025,30.46749992,51.23500118,9.084999847,403.7489304,9.040032819,1074.858707,0.002926829,1.49000001,275.6065979,50.07073498,1,3.144970655,44.67408988,15.19363167
05/02/20 10:30,2.773767442,119.2528736,-1.043458902,0,15.79000001,30.57000017,50.75499935,9.267500019,404.8423645,5.078300533,601.5064248,0.002926829,23.24000084,275.6065979,50.0428299,1,3.278733969,36.00928156,8.943349224
05/02/20 10:40,2.994134849,119.2528736,1.877171063,0,14.13500004,30.57500029,49.4699995,9.360000086,406.3352371,1.839256883,222.2762725,0.005853659,38.4361907,274.7289587,50.05749989,1,3.243121862,8.32741316,7.324667522
05/02/20 10:50,2.59391221,119.2528736,10.54032708,0,16.00000014,30.55357156,49.5714283,9.650000163,403.6043832,6.593920091,779.3231315,0.005853659,15.12633109,271.2163391,50.05977849,1,3.231254101,54.27683551,12.33212075
05/02/20 11:00,2.490217152,119.2528736,-1.859949513,0,18.3578948,30.58157921,48.63157915,9.739473694,405.9724876,0.825320714,98.86794655,0.010243902,44.99000168,271.2163391,49.95788394,1,3.214712858,5.898656851,2.985759777
05/02/20 11:10,3.273609036,119.2528736,41.65473082,40.24706866,19.43157909,30.61315838,48.2500004,9.818421213,405.8080525,6.06636082,723.5905187,0.010243902,15.75160929,259.3867648,50.06718465,0.786606937,3.389256001,28.17508375,14.45138305
05/02/20 11:20,3.701870525,119.2528736,101.156996,71.93841884,20.17999973,30.68249998,49.29749985,10.07000008,404.9867813,9.231391042,1097.191607,0.03804878,0.892004268,259.3960944,50.08598537,1.175621271,3.110669851,43.77577879,22.63305901
05/02/20 11:30,4.548450506,119.2528736,196.0468933,154.8780061,20.47749996,30.76999998,49.85750008,10.24749999,404.525267,9.273975492,1102.489231,0.093658537,0.196997487,281.0944214,50.04402981,1.113122138,3.266100645,44.76797593,22.21227514
05/02/20 11:40,4.489347553,119.2528736,160.7130866,148.3175784,20.84499998,30.9250001,50.00249977,10.16999989,404.8907654,9.161786824,1090.354677,0.087804878,0.419994251,281.0944214,50.07445011,0.960086421,3.056046486,53.28116372,19.46905622
05/02/20 11:50,4.464770746,119.2528736,161.6782715,145.5895528,21.1175005,31.01499996,50.37000065,10.27249975,405.5684158,9.177665591,1090.605532,0.073170732,0.370495431,281.0944214,50.09450989,0.981759839,3.37654686,57.94978352,24.97356868
05/02/20 12:00,3.31914888,119.2528736,45.39004347,43.61701714,21.47000008,31.11750011,50.20249863,10.35,405.6682343,9.133200556,1085.40136,0.03804878,1.140002903,281.0944214,50.02117462,0.81217818,3.516940832,73.24911075,25.43976102
05/02/20 12:10,3.715514004,119.2528736,84.67929395,72.94803631,21.93500013,31.1375,50.18249874,10.6775001,402.2580338,9.385016888,1115.099241,0.03804878,1.115504571,281.0944214,50.04618511,0.970014409,3.963946581,73.47917705,25.1147167
05/02/20 12:20,4.271293867,119.2528736,129.8673857,124.1136192,22.4374999,31.225,50.48500023,10.8849999,402.8511032,9.344618663,1110.165831,0.058536585,0.656999468,281.0944214,50.05431519,0.906072656,4.069049358,57.86496387,25.63070264
05/02/20 12:30,3.6282516,119.2528736,72.77935162,66.49061842,21.00249987,31.3250001,50.59750004,10.83250003,401.2923843,9.063147515,1078.137823,0.035121951,1.090001304,281.0944214,50.05666981,0.917850684,3.77284193,61.9662921,28.74569597
05/02/20 12:40,4.12698884,119.2528736,139.1691526,108.0957613,16.43250003,31.42000027,50.86000042,10.94249997,400.5650803,9.208874568,1094.087271,0.067317073,0.670495847,281.0944214,50.07117558,1.09234105,3.499575853,64.76269798,23.19038286
05/02/20 12:50,4.757018745,119.2528736,215.4744511,178.0290807,16.42000017,31.55500021,51.54250069,11.04499998,400.7774658,9.321082413,1108.543974,0.099512195,0.073499468,281.0944214,50.06530514,1.032760996,3.870702505,60.09668827,18.08403356
05/02/20 13:00,4.027234018,119.2528736,143.4251081,97.02297598,19.37250004,31.66749992,51.22750111,10.99749994,399.9719696,9.15490973,1087.085621,0.061463415,0.454499534,281.0944214,49.91649952,1.232221617,3.175148726,58.65917764,23.12319014
05/02/20 13:10,3.694612658,119.2528736,94.25349059,71.40133669,20.35249977,31.65249977,51.17750053,11.09749994,399.980368,9.056325495,1076.314316,0.064390244,0.815999518,281.0944214,49.9641098,1.103931024,3.166680574,57.8493022,12.78519788
05/02/20 13:20,4.244935119,119.2528736,131.1959202,121.1877982,20.74250011,31.7375001,51.16000042,11.13249984,400.7362381,9.137917221,1086.939835,0.052682927,0.541500452,281.0944214,50.04806957,0.934303865,3.449396372,41.20109987,22.38960161
05/02/20 13:30,4.799266934,119.2528736,227.1903549,182.7186297,20.97749987,31.78249941,51.43250065,11.16750011,399.7334793,9.377413318,1114.352903,0.099512195,0.097497952,281.0944214,49.95376968,1.055591126,3.055444002,47.79180803,24.62228065
05/02/20 13:40,4.848773181,119.2528736,246.0822464,188.2138231,21.35250006,31.93249989,51.86000061,11.19000006,401.4246811,9.573845163,1138.052759,0.146341463,0.073499468,281.0944214,49.96371479,1.103786307,3.255949736,47.94230556,21.87889225
05/02/20 13:50,3.693443072,119.2528736,107.4051592,71.31478732,21.78249989,31.9699995,51.8024992,11.22000003,404.7050507,9.055343047,1076.220274,0.043902439,0.71699901,281.0944214,49.94424992,1.259550676,3.429013014,73.14691811,29.41778893
05/02/20 14:00,4.039206862,119.2528736,146.8049744,98.35196173,22.15250006,31.9749999,51.87750072,11.39250011,403.8377975,9.269085556,1102.218567,0.067317073,0.542497036,281.0944214,49.90962448,1.247102265,3.446910858,58.5922435,24.29269941
05/02/20 14:10,3.222159815,119.2528736,35.41987844,36.4398263,17.80250015,32.09249973,51.92249985,11.38249998,403.2597824,8.984677702,1067.672012,0.032195122,1.290505527,281.0944214,50.02692966,0.713496947,3.23003602,50.46800377,20.64922059
05/02/20 14:20,2.94830811,119.2528736,2.043053079,0,15.34749999,32.05499992,50.86500015,11.44500012,405.0613676,3.752046159,441.8701912,0.005853659,29.6368492,281.0944214,50.07517403,1,3.572373629,23.20997018,10.40247174
05/02/20 14:30,2.920890462,119.2528736,28.00425363,0,16.49499998,32.0500001,50.72999992,11.54749994,404.0369293,8.990577176,1066.902695,0.005853659,1.440000466,293.429209,50.04507083,1,3.335738659,44.86135402,17.4096072
05/02/20 14:40,2.529929882,119.2528736,-0.592135,0,19.10249968,32.10499945,50.62999973,11.47749987,404.580751,5.011693756,592.1544326,0.005853659,22.77266808,301.9481506,50.01571484,1,3.237547159,24.26745445,10.00540407
05/02/20 14:50,2.015486836,119.2528736,-1.172099537,0,19.56842131,32.0947367,49.45789417,11.54999989,406.2678513,0.514005573,60.84349469,0.003512195,44.99000168,301.9481506,49.92326315,1,3.303109884,3.78385697,3.019433157
05/02/20 15:00,1.807218786,119.2528736,-1.259060028,0,19.68250084,32.08249941,48.30250015,11.55750008,405.1839676,0.303875837,39.99903976,0.003512195,44.99000168,301.9481506,49.9643898,1,3.555602074,3.128893179,2.46210534
05/02/20 15:10,2.092443773,119.2528736,-1.010449028,0,19.54000025,32.11749992,46.85000038,11.50499997,402.3173706,0.200476225,26.77399167,0.003512195,44.99000168,301.9481506,50.04373493,1,3.575247049,3.548628819,3.19903525
05/02/20 15:20,2.106618866,119.2528736,-2.593877023,0,19.35499945,32.11500025,46.43249969,11.5,401.8285141,0.527892728,63.65179055,0.003512195,44.99000168,262.8899047,50.05149021,1,3.60948801,3.794277637,4.887126386
05/02/20 15:30,1.766625062,119.2528736,-1.534233736,0,19.50500002,32.08249969,46.11000023,11.50250001,401.1801361,0.599118604,71.33795965,0.003512195,44.99000168,251.4601746,50.01497993,1,3.507398844,3.225105098,2.450066063
05/02/20 15:40,1.776693743,119.2528736,-1.436715552,0,19.4199996,32.02499952,45.59999962,11.56750007,400.7805191,0.492658594,59.04982352,0.003512195,44.99000168,251.4601746,49.98617477,1,3.545854568,3.108620659,3.167289323
05/02/20 15:50,1.909856278,119.2528736,-1.522609034,0,19.30499926,32.06499968,45.13000031,11.51500001,403.6413269,0.552091117,66.45534343,0.003512195,44.99000168,251.4601746,49.97694454,1,3.561790705,3.522839041,3.002421869
05/02/20 16:00,2.488087475,119.2528736,-1.861381534,0,19.17500067,32.0449996,44.74999981,11.45499997,404.1854965,0.645815626,77.34669739,0.003512195,44.99000168,251.4601746,49.9859745,1,3.552512646,3.296368402,2.900202501
05/02/20 16:10,2.989644384,119.2528736,0.221488911,0,19.06000023,32.01999941,44.41000023,11.41999989,402.966629,4.629484459,552.6756073,0.003512195,21.14664784,242.7142643,49.91212482,1,3.506910324,17.15287767,11.79254743
05/02/20 16:20,3.642637622,119.2528736,81.05767148,67.55518405,19.40499954,32.14999981,45.85999985,11.34249988,402.7262863,9.161260039,1089.445633,0.003512195,1.040000695,237.1918335,49.96536942,1.005519585,3.098178387,70.55217724,20.04036174
05/02/20 16:30,3.484614992,119.2528736,80.33912883,55.86150942,19.66250076,32.1375,46.60750008,11.20750003,401.898468,9.163311392,1090.648476,0.029268293,1.0150005,237.1918335,49.91416492,1.207389789,3.334213734,43.17138419,19.18776948
05/02/20 16:40,4.858945465,119.2528736,168.6622269,189.3429466,19.70000076,32.25000038,47.18000011,11.09749985,401.7501328,8.996646568,1067.76951,0.096585366,0.146999501,237.1918335,49.9725399,0.751180372,3.428015947,35.75022677,22.67549024
05/02/20 16:50,4.950180149,119.2528736,187.430938,199.4699965,19.86749983,32.26999969,47.70250053,10.66749997,401.4093185,9.094718769,1080.974854,0.084878049,0.073499468,237.1918335,49.9825901,0.785040904,2.850522041,51.79955745,17.71281831
05/02/20 17:00,5.516206455,119.2528736,270.1366821,301.0144007,19.96749992,32.26499977,48.05000038,10.73499999,401.7312027,9.646063194,1145.78318,0.108292683,0,237.1918335,50.07589531,0.793740586,3.190494061,23.51621401,15.58042071
05/02/20 17:10,5.033767056,119.2528736,195.9428577,211.2806725,20.03000002,32.39499969,48.28749943,10.73500004,400.4751862,9.193153158,1092.212191,0.122926829,0.146999501,237.1918335,49.98602486,0.775780554,2.935720444,55.19376841,24.34127433
05/02/20 17:20,5.485801101,119.2528736,267.986412,295.3590047,20.13000031,32.43000011,48.50000019,10.42250004,400.139769,9.615188599,1143.356655,0.117073171,0,237.1918335,50.0603899,0.803235071,3.171533346,27.28379755,10.76588458
05/02/20 17:30,5.570093393,119.2528736,262.8069023,311.0373712,20.33499947,32.57749996,48.97750015,10.2875001,400.3726547,9.618984103,1144.425259,0.122926829,0.048999571,237.1918335,50.08642979,0.742088549,3.117439508,53.84166768,11.66282403
05/02/20 17:40,4.272964346,119.2528736,142.6087673,124.2990425,20.62000008,32.48750038,49.18499851,10.15000019,401.3591965,9.398722216,1117.57869,0.090731707,0.519498333,237.1918335,49.97189007,0.993689983,3.425597906,112.5008161,25.56564281
05/02/20 17:50,4.387959194,119.2528736,149.0537811,137.0634706,21.03000011,32.43749943,49.46750069,10.14499989,404.6167786,9.503407538,1129.831593,0.067317073,0.51649998,237.1918335,49.96014538,0.954217935,4.315910339,139.6577497,35.39357495
05/02/20 18:00,3.625894177,119.2528736,81.06246338,66.3161691,21.25000038,32.42999992,49.59999886,10.0974999,404.486615,9.346878335,1111.272017,0.043902439,1.090001304,237.1918335,49.99635983,1.025107795,4.735164165,86.69160604,36.38350573
05/02/20 18:10,3.578708315,119.2528736,105.7635193,62.8244153,21.39999971,32.18000002,49.72500019,10.04250016,404.676062,9.299202561,1105.587461,0.049756098,0.991505562,237.1918335,49.95336437,1.414913111,4.176754951,83.29644604,26.93562412
05/02/20 18:20,3.80008474,119.2528736,126.1124468,79.20627075,21.4875001,32.12499933,50.04249935,10.01749988,401.2837219,9.37937817,1115.166727,0.061463415,0.718498457,237.1918335,50.03043423,1.326748467,4.014972687,92.53870802,19.92966529
05/02/20 18:30,3.140410662,119.2528736,74.16280422,30.39038897,21.07250051,32.10249949,50.10749874,9.677499962,400.0003845,9.442428008,1121.604383,0.035121951,1.265001214,237.1918335,49.97483482,1.671099786,3.755898237,85.26419911,26.73982644
05/02/20 18:40,3.32228595,119.2528736,82.12259593,43.84916031,15.47500005,31.91749973,49.96999931,9.720000124,400.0063812,9.368256256,1113.168766,0.043902439,1.040000885,237.1918335,49.95065498,1.464153996,4.256341934,90.56011581,31.99987369
05/02/20 18:50,3.260881221,119.2528736,68.02131319,39.30521038,14.38500009,31.79499989,50.1474987,9.457500029,401.1925858,9.251841769,1099.03319,0.032195122,1.240001913,237.1918335,50.07439461,1.304701597,4.404378414,80.78256364,34.56351914
05/02/20 19:00,2.11845215,119.2528736,-2.284501597,0,17.47249994,31.77749996,49.92999992,9.664999914,401.311853,9.201968014,1094.683559,0.005853659,1.49000001,242.2020124,49.953405,1,4.060943604,101.9440926,19.6134896
05/02/20 19:10,2.91699236,119.2528736,68.55381062,0,18.80750017,31.63249998,50.17999916,9.532499981,401.9225693,9.397614151,1116.794609,0.032195122,1.140002903,252.5577393,49.96177959,1,4.540537357,98.26500406,30.16266172
05/02/20 19:20,2.56614244,119.2528736,30.45431126,0,19.33500004,31.57249975,50.12749825,9.530000019,402.4516708,9.261289358,1100.850626,0.014634146,1.390000619,252.5577393,49.94329948,1,4.901992321,89.24991975,24.23972802
05/02/20 19:30,2.410310292,119.2528736,10.93838045,0,19.7425005,31.49750013,50.03999939,9.567500019,401.7898026,9.057053089,1075.192377,0.002926829,1.49000001,252.5577393,49.96550465,1,4.780128479,60.95615687,17.85430281
05/02/20 19:40,3.426607257,119.2528736,83.42122068,51.56893703,20.19249983,31.35250034,50.24999943,9.337500048,402.2487,9.314206034,1107.350126,0.043902439,1.091006876,252.5577393,49.97021484,1.328258158,3.918282986,92.46065235,27.76562297
05/02/20 19:50,3.765762645,119.2528736,94.24191134,76.66643573,20.45249987,31.34249992,50.39750042,9.447499943,402.4798691,9.263389081,1101.202532,0.043902439,0.892004272,252.5577393,50.01414433,1.025419101,4.178119659,108.5640165,24.44105103
05/02/20 20:00,3.574049199,119.2528736,83.69278431,62.4796407,20.69750042,31.28000021,50.44500084,9.277500105,401.4013641,9.3118646,1105.868328,0.032195122,1.096501464,252.5577393,49.99147453,1.12608673,4.328133106,80.0252861,34.58482556
05/02/20 20:10,2.411999553,119.2528736,14.50488171,0,20.75749989,31.20499983,50.42750111,9.235000086,401.8631378,9.208335087,1095.042944,0.017560976,1.465000281,252.5577393,49.97052994,1,4.193196774,73.73290119,17.36658438
05/02/20 20:20,2.831883246,119.2528736,61.20492287,0,20.8699995,31.20750008,50.60749989,9.082500029,400.283934,9.438163251,1122.066444,0.032195122,1.240003817,252.5577393,50.00151463,1,4.132511616,124.5394258,28.55930328
05/02/20 20:30,2.945894128,119.2528736,53.72590178,0,19.9249999,31.15500031,50.79000015,9.14250021,399.4533661,9.501904204,1129.384975,0.026341463,1.265003308,252.5577393,49.93663406,1,4.538074493,126.9363237,44.22002096
05/02/20 20:40,3.224684381,119.2528736,72.60390578,36.62664423,14.47000008,31.17249985,50.60250034,8.947500086,400.1382156,9.355578884,1111.974277,0.035121951,1.137001146,252.5577393,49.95900974,1.45775811,4.603479385,101.5105099,35.64674015
05/02/20 20:50,3.902679718,119.2528736,114.7406841,86.7982991,14.42750001,31.03000011,50.61500053,9.035000038,400.8628342,9.392699674,1117.038551,0.052682927,0.868002429,252.5577393,50.02620983,1.098377639,3.80963397,100.5566252,37.87537727
05/02/20 21:00,4.001822007,119.2528736,107.0364481,94.20224274,17.65249996,31.0875001,50.84250011,8.905000114,400.6320847,9.398425788,1116.741852,0.03804878,0.921498926,252.5577393,49.97725945,0.942296272,4.093871117,115.1572743,37.43405071
05/02/20 21:10,2.970860755,119.2528736,63.31978848,0,19.03999996,30.93500004,51.00749989,8.842499971,403.120166,9.246023968,1099.508909,0.049756098,1.238502848,252.5577393,50.10286465,1,4.322422981,84.6784826,24.70574903
05/02/20 21:20,2.455565667,119.2528736,25.73078611,0,19.64500055,30.90499992,50.99500008,8.922500134,404.8231628,9.209983215,1094.416185,0.011707317,1.465000281,252.5577393,50.08903942,1,4.766939163,103.1842344,28.39614639
05/02/20 21:30,2.230264346,119.2528736,25.71059651,0,19.9194443,30.7944444,50.94444466,8.794444508,405.322074,9.396934509,1118.238583,0.005853659,1.49000001,252.5577393,50.08823861,1,4.917137146,97.93282392,43.60029072
05/02/20 21:40,3.371142417,119.2528736,94.79828396,47.46453887,20.22749958,30.69750013,51.2300005,8.997500038,404.1823624,9.307578698,1106.683605,0.052682927,0.99000001,252.5577393,49.95746517,1.600399193,5.129993916,83.48076229,48.89447737
05/02/20 21:50,3.102747285,119.2528736,80.38597183,27.60329912,20.55749989,30.67500019,51.41000137,8.837499952,405.5965836,9.385056093,1115.127176,0.03804878,1.207499832,252.5577393,50.00288486,1.916010499,3.929214239,112.2469762,34.85785913
05/02/20 22:00,2.327465802,119.2528736,27.05821729,0,20.75999985,30.7000001,51.44000092,8.897500086,405.2397141,9.25747624,1099.961374,0.011707317,1.49000001,252.5577393,50.00494995,1,4.795968533,72.96582937,23.62090565
05/02/20 22:10,2.882577419,119.2528736,44.03368224,0,21,30.65250006,51.41000137,9.122500086,400.2622131,9.157596231,1089.118006,0.023414634,1.414000573,252.5577393,49.99903965,1,4.441076756,75.95146294,25.83177533
05/02/20 22:20,4.272686005,119.2528736,145.2166958,124.2681465,21.58250036,30.78499966,51.64250031,9.064999962,402.5923965,9.495466277,1129.044834,0.058536585,0.769001275,252.5577393,49.99353008,1.012078509,4.40193224,99.03721313,28.04828615
05/02/20 22:30,5.132185447,119.2528736,231.0007835,229.5864932,21.42749977,30.75500011,51.70250072,8.557499933,401.0121811,9.488701791,1128.601536,0.105365854,0.048999571,252.5577393,50.05064983,0.854850849,4.271962643,94.5466228,26.96038049
05/02/20 22:40,3.73678655,119.2528736,116.8278624,74.52220472,21.82999973,30.79749985,51.83000031,9.072500134,400.1193008,9.346779048,1111.60421,0.07902439,0.742000862,252.5577393,50.04215965,1.309024075,4.301316738,87.36866796,33.2906497
05/02/20 22:50,3.683048117,119.2528736,98.89690132,70.54556067,22.12000046,30.65999994,51.92250099,8.690000033,401.2228851,9.178731322,1090.811205,0.043902439,0.893999537,252.5577393,49.96108456,1.172887464,4.570721149,78.24664698,31.43224626
05/02/20 23:00,3.00601812,119.2528736,60.00120907,20.44534088,20.32000017,30.62749996,51.97999973,8.692500067,403.7561172,9.266450733,1100.733484,0.026341463,1.314500441,252.5577393,49.98415413,1.679414983,4.443131447,96.30704803,24.3029063
05/02/20 23:10,3.277754575,119.2528736,73.06637697,40.55383855,14.35999999,30.61750002,51.75999966,8.674999857,406.4691879,9.393787175,1116.215858,0.04097561,1.214999852,252.5577393,50.03981972,1.372864553,4.631129265,98.15832253,24.61891515
05/02/20 23:20,3.877137589,119.2528736,118.0912518,84.90818162,14.79499998,30.60499964,51.85500031,8.425000024,403.5376343,9.364770144,1113.200357,0.049756098,0.815499774,252.5577393,50.04702492,1.156384903,4.504425049,122.19908,27.72871511
05/02/20 23:30,3.155891716,119.2528736,77.91196556,31.53598702,18.25750008,30.58999996,52.03499947,8.759999943,402.4869858,9.371891901,1113.86772,0.04097561,1.165001575,252.5577393,50.07205486,1.717018589,3.932153225,82.67787695,23.99077232
05/02/20 23:40,2.370846462,119.2528736,39.30071778,0,19.35749979,30.60249996,52.01999969,8.702500105,402.8942841,9.195005134,1093.726484,0.026341463,1.49000001,252.5577393,50.08423958,1,3.816926718,86.71597004,25.17500386
05/02/20 23:50,2.565047318,119.2528736,43.14316359,0,19.87000027,30.58000021,52.00999985,8.817499971,403.213298,9.152338341,1088.543392,0.020487805,1.440000466,252.5577393,50.19704514,1,4.399048805,72.84682455,19.18305435
06/02/20 0:00,2.63543632,119.2528736,36.41209259,0,20.30749969,30.55499992,52.08999863,8.885000038,401.528714,9.115034267,1084.53574,0.017560976,1.465000281,252.5577393,50.06697502,1,4.062346935,69.07753091,26.20517778
06/02/20 0:10,2.381148595,119.2528736,27.65263395,0,20.56500015,30.58499994,52.01999969,8.900000024,401.8945816,9.073592037,1078.931631,0.014634146,1.49000001,252.5577393,50.03787479,1,4.541836739,82.00465918,21.2300947
06/02/20 0:20,2.559664202,119.2528736,14.6322235,0,20.80999928,30.51750011,52.07999878,9.234999752,401.8880173,9.208765849,1095.201971,0.008780488,1.49000001,252.5577393,50.05155468,1,4.37405777,89.01752443,19.85144122
06/02/20 0:30,2.074533266,119.2528736,10.52584604,0,20.88999958,30.5375001,52.01999969,9.107499886,401.001593,9.406165659,1117.338123,0.005853659,1.49000001,252.5577393,50.02583466,1,4.890951157,78.39273739,25.45340033
06/02/20 0:40,2.680394685,119.2528736,42.86858065,0,20.87499952,30.53249989,52.06250019,8.880000019,400.4664871,9.466149241,1125.151972,0.020487805,1.363000507,252.5577393,50.06597023,1,5.780102253,112.6581888,29.81476855
06/02/20 0:50,2.637403893,119.2528736,58.68877878,0,20.9874999,30.43750038,52.35750179,8.717500067,399.4156998,9.518991932,1131.22098,0.026341463,1.465000281,252.5577393,50.10151043,1,5.256943226,128.2851442,33.72731762
06/02/20 1:00,2.577577084,119.2528736,49.3135313,0,21.31000013,30.40249987,52.38000164,9.067500067,399.1052933,9.415799841,1119.251656,0.014634146,1.338001859,252.5577393,50.07016449,1,5.758069038,117.7833458,22.45741184
06/02/20 1:10,5.349478102,119.2528736,301.9533302,270.0029269,18.83000021,30.52249975,53.18499947,8.774999905,399.4792511,10.04166533,1192.006107,0.16097561,0.024499745,252.5577393,50.03914433,0.97659976,5.600399971,114.8362211,19.08950634
06/02/20 1:20,4.039652336,119.2528736,164.9290932,98.40140926,13.56750002,30.56750002,53.35249977,8.367499852,399.4875504,9.424034849,1120.508629,0.070243902,0.419496687,252.5577393,49.98665524,1.400481028,4.748226166,108.7108927,38.78317771
06/02/20 1:30,4.357155694,119.2528736,207.7047089,133.644282,15.17777782,30.60833369,53.37777731,8.152777725,400.4906718,9.679824213,1149.431629,0.084878049,0.272777026,252.5577393,50.04503271,1.359273284,4.382055283,121.7580202,53.40688986
06/02/20 1:40,3.816698182,119.2528736,178.1645412,80.43566544,18.21000013,30.69000006,53.6424984,8.062500143,401.0629807,9.566726848,1137.957602,0.12,0.447494837,252.5577393,50.06939526,1.844782022,5.307252407,114.9687523,49.54119921
06/02/20 1:50,2.472828889,119.2528736,42.23615565,0,19.3375,30.66750031,53.56999893,8.840000153,401.8670853,9.552170008,1135.740612,0.017560976,1.417500524,252.5577393,50.05869522,1,4.944576263,132.9377079,40.88686147
06/02/20 2:00,3.364552724,119.2528736,48.07254821,46.9769016,19.94249992,30.66000042,53.40499973,8.597499824,401.8348358,9.299243867,1106.364006,0.020487805,1.365000604,252.5577393,49.98726959,0.817422655,5.692863941,105.0099129,28.65871711
06/02/20 2:10,2.733186394,119.2528736,28.40754316,0,20.17999983,30.47749977,53.26499977,8.297500181,401.8239014,9.485431775,1126.720528,0.020487805,1.49000001,252.5577393,49.9865797,1,4.78412056,110.2247452,24.02102728
06/02/20 2:20,2.221993774,119.2528736,20.49425868,0,20.39999962,30.40250006,53.2824995,8.169999981,402.1935669,9.502274349,1129.948603,0.011707317,1.49000001,252.5577393,50.01455936,1,5.407673836,143.0447954,29.36171243
06/02/20 2:30,1.90244031,119.2528736,6.926543528,0,20.59500036,30.2625,53.1975008,8.097499895,402.0889862,9.516415313,1130.649736,0.002926829,1.49000001,252.5577393,49.94481983,1,6.128920555,132.6082569,23.68832436
06/02/20 2:40,2.232388711,119.2528736,21.61673769,0,20.87999992,30.1625,53.20000076,8.51500001,402.4897736,9.491443411,1127.470974,0.008780488,1.49000001,252.5577393,50.03469009,1,5.888001919,142.2652344,38.78522687
06/02/20 2:50,2.718092953,119.2528736,68.52887426,0,21.09705914,30.30000002,53.31470602,8.785294028,402.8000776,9.541283498,1133.290666,0.023414634,1.267780312,252.5577393,50.03981175,1,5.591934204,147.9802428,49.00907169
06/02/20 3:00,3.658861172,119.2528736,174.4508908,68.75572674,21.36750011,30.23749981,53.82500038,8.307500029,402.7104721,9.438846409,1122.255959,0.07902439,0.377887595,252.5577393,49.97209454,2.124839271,5.643945217,115.0184308,55.11091166
06/02/20 3:10,3.47647233,119.2528736,127.1590052,55.25895243,21.52000046,30.26333326,53.8399999,8.85,403.3631734,9.529967248,1133.016724,0.061463415,0.85199844,252.5577393,50.0446668,1.926205397,4.413063049,120.9117488,61.99995321
06/02/20 3:20,3.573529428,119.2528736,142.4966931,62.44117769,15.4775001,30.21500044,54.10500011,8.177499986,403.6555115,9.456410676,1124.142706,0.070243902,0.669997592,252.5577393,50.03670006,1.918524174,5.144061089,118.5584155,47.38663137
06/02/20 3:30,3.855865049,119.2528736,153.2959122,83.33401365,13.3125001,30.17250004,53.69499893,8.007500124,403.4128342,9.520153999,1132.23472,0.052682927,0.523496739,252.5577393,49.97396412,1.530358395,4.826445103,111.1184279,49.75105591
06/02/20 3:40,3.361322916,119.2528736,126.9068533,46.73789575,16.86999993,30.14499989,53.93250103,7.827499938,403.5438171,9.473428398,1125.531275,0.087804878,0.741998973,252.5577393,50.05259476,2.165573185,4.419487476,102.8742625,43.73137418
06/02/20 3:50,4.528124535,119.2528736,238.3502625,152.6218234,18.54250011,30.01500015,54.25499992,7.6875,403.5697815,9.560117394,1136.26981,0.096585366,0,252.5577393,50.01547432,1.378108716,4.238334179,114.5371111,42.17536359
06/02/20 4:00,5.729433918,119.2528736,374.3207108,340.6747087,19.56499987,30.18750038,54.72250042,7.534999943,403.6799789,10.56125866,1255.048353,0.16097561,0,252.5577393,50.0289299,0.947685965,3.803284883,67.63238525,21.516435
06/02/20 4:10,5.512902308,119.2528736,302.785051,300.3998292,20.06750002,30.19000015,54.95750065,7.529999948,403.7567459,9.933999717,1181.506914,0.184390244,0,252.5577393,50.04380989,0.891890336,4.127234459,106.1881962,32.57095559
06/02/20 4:20,5.463767314,119.2528736,264.5344757,291.2607204,20.42499971,30.44249983,55.00499992,7.135000038,403.777977,9.758606225,1160.758049,0.12,0.048999571,252.5577393,50.01117554,0.802391001,4.346528053,128.3975517,40.04058383
06/02/20 4:30,5.285530198,119.2528736,253.5111565,258.1086168,20.68500032,30.29500017,55.13750038,6.972500038,403.3660492,9.776106074,1162.966856,0.12,0.120999461,252.5577393,50.0285244,0.851505007,4.24687624,139.2952908,40.05641212
06/02/20 4:40,5.043085372,119.2528736,197.723864,213.0138793,20.81750011,30.37750025,55.11500034,7.03499999,403.0785004,9.29832834,1106.33634,0.111219512,0.122499442,259.171931,49.95919914,0.777687005,4.308479786,64.35449269,46.63398609
06/02/20 4:50,5.394158053,119.2528736,275.6532898,278.3133979,21.17250042,30.22000008,55.14750004,6.97750001,403.0682816,9.679977849,1150.276651,0.122926829,0,272.3139038,50.00519981,0.869019303,3.444076777,40.16497593,27.23793278
06/02/20 5:00,5.12986517,119.2528736,257.2650703,229.1549215,21.43499985,30.29499998,55.27749958,6.894999981,401.1766022,9.499452889,1129.699499,0.111219512,0,272.3139038,49.92199993,0.953513689,2.935683966,23.47868841,21.6940165
06/02/20 5:10,4.632724273,119.2528736,224.0947975,164.2323943,21.45999985,30.26000013,55.28999939,6.930000091,400.5716675,9.180532202,1091.957285,0.137560976,0,272.3139038,49.99511471,1.184047172,2.809925556,43.07830992,11.56703073
06/02/20 5:20,4.416601038,119.2528736,174.3349007,140.2427152,21.65249987,30.12750025,55.29749928,7.097499967,401.2952026,9.125309229,1083.428421,0.07902439,0.245000005,288.7268882,50.0010849,1.093927197,2.707983017,31.53087358,9.025141823
06/02/20 5:30,3.914002788,119.2528736,117.4430199,87.63620632,22.16000023,30.16250038,55.25249996,7.95250001,401.001416,8.993155897,1064.895796,0.052682927,0.49000001,288.7773743,49.93971405,1.113179335,2.449715614,32.3960701,12.86538253
06/02/20 5:40,3.138145971,119.2528736,60.08283491,30.22280188,22.63499975,30.21999969,55.11249981,9.049999857,401.1187164,8.990680218,1069.769348,0.04097561,1.189999705,288.7773743,50.01263008,1.3583003,2.470382452,45.30458803,15.65878434
06/02/20 5:50,3.868784559,119.2528736,80.03708858,84.29005735,22.89749956,30.33499994,55.00499992,9.397499847,399.8128021,8.988059074,1070.618431,0.035121951,1.0899994,288.7773743,50.05692005,0.789671471,2.734404802,18.10822473,6.939410031
06/02/20 6:00,4.088378918,119.2528736,103.7152168,103.8100599,22.8199996,30.29750013,54.97500038,9.029999876,399.7931519,8.992529601,1070.634464,0.04097561,0.815000443,288.7773743,49.94799919,0.84223056,2.639273882,13.42554837,5.199302065
06/02/20 6:10,4.095599854,119.2528736,107.415274,104.6115838,22.60750036,30.18499985,54.90500145,8.067499995,399.1300949,8.991125152,1070.604687,0.064390244,0.49000001,288.7773743,50.02544994,0.866668771,2.607546329,16.03502619,11.0681952
06/02/20 6:20,4.277011037,119.2528736,112.199968,124.7482251,22.85999947,30.14750013,54.89000168,8.45,400.2522324,8.993286341,1069.642536,0.046829268,0.714999852,288.7773743,50.06045494,0.779377861,2.566945791,22.23060317,14.07246246
06/02/20 6:30,4.350629878,119.2528736,121.1163696,132.9199165,22.89999962,30.05999975,54.88500156,8.297499943,401.1119858,8.991880238,1070.54361,0.058536585,0.49000001,288.7773743,49.89681473,0.796370193,2.58318305,22.76177001,6.734682399
06/02/20 6:40,4.197210765,119.2528736,111.7198486,115.8903949,21.56499987,29.9625,54.84500179,7.9875,404.0656509,8.991326854,1070.576563,0.064390244,0.5899994,288.7773743,49.95619469,0.826610384,2.527444601,16.36885202,8.551147115
06/02/20 6:50,3.934996963,119.2528736,79.40746651,89.18977523,14.76500006,29.90750027,54.67750034,7.795000052,404.2652466,8.993852153,1070.619267,0.035121951,0.99000001,288.7773743,49.96986942,0.739169719,2.613411665,17.95767467,10.09918355
06/02/20 7:00,3.645941675,119.2528736,59.04242325,67.79968393,13.90500011,29.80250025,54.35499973,7.425000048,403.4562515,8.991114736,1067.045105,0.026341463,1.290000314,288.7773743,50.0341198,0.729677576,2.633609056,23.89772959,11.08683159
06/02/20 7:10,3.931136072,119.2528736,99.15405426,88.9040693,17.4875,29.69500008,54.16750031,7.549999881,401.2809998,8.991136551,1068.564011,0.052682927,0.790000314,288.7773743,49.90088501,0.926034696,2.621387243,21.5804841,13.94456176
06/02/20 7:20,3.898707259,119.2528736,101.6221634,86.50433714,18.75000029,29.73999996,53.96000061,7.337500024,401.2389862,8.99409686,1067.703369,0.043902439,0.714999852,276.4178595,50.05963974,0.976202882,2.609256268,24.7183548,14.381284
06/02/20 7:30,3.557231474,119.2528736,86.08561459,61.23512907,19.42249994,29.51749992,53.93500099,7.342499971,401.0205704,9.070335791,1079.516785,0.04097561,1.040000505,262.4358215,50.00788021,1.182831508,2.847857237,50.10355408,23.77086592
06/02/20 7:40,3.922077513,119.2528736,71.49355764,88.23373594,19.77500019,29.39249992,53.86750031,6.914999938,400.8030197,9.076325074,1081.021145,0.046829268,1.114000828,262.4358215,49.94139977,0.672925196,3.214437246,79.67910662,26.52511411
06/02/20 7:50,2.98324182,119.2528736,18.78812135,0,19.79500008,29.30999975,53.69499855,6.714999986,403.0831482,9.089763343,1081.495983,0.008780488,1.49000001,262.4358215,49.91483974,1,3.119274616,103.3654917,21.17292805
06/02/20 8:00,2.4849316,119.2528736,-5.387478924,0,19.91999969,29.15999994,53.46499996,6.714999962,404.1543503,9.169990584,1090.87001,0.001463415,1.49000001,262.4358215,49.96310482,1,3.907271147,93.04026394,39.20398884
06/02/20 8:10,2.52590344,119.2528736,-5.647824979,0,20.00749998,29.07750025,52.88249969,6.727499986,404.2944321,5.124599283,608.8045152,0.001463415,23.24000084,262.4358215,49.97970428,1,3.491106033,58.22486599,18.71077002
06/02/20 8:20,2.301806307,119.2528736,-2.569336021,0,19.6800004,28.86749964,51.78250046,6.582499909,404.9126831,0.707174138,84.94620717,0.00097561,44.99000168,262.4358215,49.96638947,1,3.594980955,5.042277005,3.216543242
06/02/20 8:30,2.542518789,119.2528736,-1.636244541,0,19.67750072,28.79499998,50.23999977,6.672499967,405.551564,0.954987687,115.0115772,0.00097561,44.99000168,262.4358215,50.00154476,1,3.461030006,5.304058582,3.091769594
06/02/20 8:40,2.526487505,119.2528736,-2.574676561,0,19.97999992,28.75000019,49.30249901,6.752500057,405.9946655,0.931972205,112.2449931,0.00097561,44.99000168,244.2476076,50.04421482,1,3.330080271,4.96259245,7.314453346
06/02/20 8:50,2.71275003,119.2528736,-1.704532534,0,20.06000013,28.69500008,48.78500004,6.895000005,405.9568817,0.879569166,105.7952936,0.00097561,44.99000168,239.3869629,50.05380554,1,3.30986166,4.098551497,3.497897176
06/02/20 9:00,3.093511212,119.2528736,1.768651122,26.91982968,20.33999939,28.62000008,49.11749992,6.917500019,405.153299,6.921626369,826.0183039,0.00097561,10.97623343,244.9858374,49.93540936,0.042762098,3.321273804,56.04161428,25.2624365
06/02/20 9:10,3.114868581,119.2528736,7.963525659,28.50027502,20.70500002,28.64749994,49.89999962,7.089999914,403.9814789,9.130365193,1086.436781,0.00097561,1.465000281,245.9723511,50.08930511,0.186345643,3.913254738,65.45410099,22.43812985
06/02/20 9:20,3.253975952,119.2528736,27.82709979,38.79422042,21.21500015,28.64750023,50.06249905,7.185000014,404.3683655,9.040588483,1074.657904,0.011707317,1.440000466,245.9723511,50.10381985,0.538335784,3.682859421,83.00269566,15.91618925
06/02/20 9:30,2.689026237,119.2528736,9.071393049,0,21.50250006,28.71750021,50.26999874,7.475000048,405.4339874,9.133894041,1085.799225,0.008780488,1.49000001,245.9723511,50.09998417,1,3.454212904,62.74004369,25.01561174
06/02/20 9:40,2.877152148,119.2528736,10.72134169,0,21.7499998,28.78157897,50.30526231,7.547368426,401.2765407,9.094494299,1082.266225,0.002926829,1.49000001,245.9723511,50.0390894,1,3.85909462,67.73918078,21.8323524
06/02/20 9:50,2.726726687,119.2528736,-4.127284998,0,21.24749956,28.90499992,50.31249924,8.192500114,401.3709213,9.188340202,1091.520779,0.002926829,1.49000001,245.9723511,50.00585918,1,3.809917927,87.01749401,24.3820278
06/02/20 10:00,1.502873057,119.2528736,-5.013888586,0,15.95999999,28.90249977,49.56999969,8.362499857,403.1117493,1.022714174,120.3913717,5.23E-05,42.99136711,245.9723511,49.98218021,1,4.111529827,18.44253135,8.210207482
06/02/20 10:10,1.425487569,119.2528736,-4.008719063,0,13.81000004,28.98249979,47.47500019,8.529999971,404.1430496,0.320714562,40.11279631,5.23E-05,44.99000168,245.9723511,50.00939503,1,3.538753271,2.780408071,2.828887723
06/02/20 10:20,1.216574904,119.2528736,-3.707291567,0,13.09500003,29.04750004,46.02999992,8.717499971,404.3466995,0.146778027,20.17543243,5.23E-05,44.99000168,245.9723511,50.01639538,1,3.465356112,2.786637025,2.992501402
06/02/20 10:30,1.280156314,119.2528736,-3.906820619,0,13.1099999,29.12750025,44.14499969,8.967500019,404.8872616,0,0.945950164,5.23E-05,44.99000168,245.9723511,50.01037839,1,3.445735216,2.871379738,2.741664357
06/02/20 10:40,1.612638179,119.2528736,-3.313035035,0,13.18684196,29.20000046,44.51750011,9.223684261,405.4524826,0.248641043,31.23049827,5.23E-05,44.99000168,245.9723511,49.99488468,1,3.457943678,3.298273776,3.360791203
06/02/20 10:50,2.14701791,119.2528736,-3.904153049,0,13.21999989,29.29761832,44.60750046,9.48571414,406.6463547,0.5283231,62.65619159,5.23E-05,44.99000168,245.9723511,50.06909924,1,3.41942811,2.569379207,3.455176084
06/02/20 11:00,1.47627626,119.2528736,-2.800875068,0,13.56500015,29.37499924,44.08250008,9.689999962,402.446637,0.429898068,50.74532694,5.23E-05,44.99000168,245.9723511,49.9857296,1,3.40280509,3.041864978,3.291713525
06/02/20 11:10,1.332037492,119.2528736,-1.920066535,0,16.43500013,29.47631585,43.38000011,10.00263154,403.2111801,0.236000039,30.81952065,5.23E-05,44.99000168,245.9723511,50.03575497,1,3.385895491,3.258530423,3.197019137
06/02/20 11:20,1.590918747,119.2528736,-1.317745027,0,18.03999996,29.54250021,43.31578967,10.23500009,403.7151993,0.174979036,25.70974449,5.23E-05,44.99000168,245.9723511,50.10673008,1,3.422862768,3.591859365,3.688165553
06/02/20 11:30,1.92204386,119.2528736,-1.718403539,0,18.82000008,29.67750044,42.82999992,10.4525001,403.7820618,0.324591637,40.81532456,5.23E-05,44.99000168,245.9723511,50.08166523,1,3.427120447,3.026958941,2.920872585
06/02/20 11:40,2.253768748,119.2528736,-2.366072536,0,19.3124999,29.78499975,42.59249973,10.69750004,403.7836975,0.442070578,53.1522789,5.23E-05,44.99000168,245.9723511,50.08186016,1,3.456143618,3.211945,3.367691053
06/02/20 11:50,2.261118746,119.2528736,-2.590142512,0,19.58000031,29.89249973,41.92500038,10.95500002,404.1947678,0.423952453,49.09226471,5.23E-05,44.99000168,245.9723511,50.10568981,1,3.46486783,3.772381645,3.312683526
06/02/20 12:00,2.410237551,119.2528736,-2.43332163,0,19.81499996,30.01250038,40.92000103,11.11000004,404.3891159,0.414235321,50.18810508,5.23E-05,44.99000168,244.7811935,49.98676472,1,3.468379736,3.592223084,3.406709675
06/02/20 12:10,2.136318821,119.2528736,-2.918778539,0,19.9749999,30.12500029,40.775,11.27750006,405.0026459,0.420185064,52.6159869,5.23E-05,44.99000168,224.0210571,49.94636478,1,3.42910099,4.318205421,4.20329845
06/02/20 12:20,1.726687501,119.2528736,-2.327127039,0,20.00249996,30.20750008,40.53500023,11.44250002,405.7769836,0.476027589,57.50527489,5.23E-05,44.99000168,224.0210571,49.98756485,1,3.453520298,3.411276492,3.443109655
06/02/20 12:30,1.619868702,119.2528736,-2.422623554,0,19.94749985,30.38249979,40.19000015,11.58750014,406.1949509,0.358302562,45.39717253,5.23E-05,44.99000168,224.0210571,50.0418602,1,3.441005945,3.562971294,3.258563811
06/02/20 12:40,1.853550078,119.2528736,-2.311655551,0,19.77750015,30.43249989,39.57249889,11.80500002,406.8828064,0.038500006,6.522320846,5.23E-05,44.99000168,224.0210571,50.08689003,1,3.45800066,3.020280629,2.570473427
06/02/20 12:50,1.836187553,119.2528736,-1.538614035,0,19.61250048,30.55750008,39.26749954,11.95500002,404.2646866,0.150500029,21.15253522,5.23E-05,44.99000168,224.0210571,50.04754982,1,3.490812063,2.828992407,3.208662039
06/02/20 13:00,1.716187689,119.2528736,-2.067846042,0,19.64750061,30.63500032,39.09249992,12.13499994,401.3400681,0.449745085,53.01234743,5.23E-05,44.99000168,224.0210571,49.97411919,1,3.491677284,2.900847803,3.004673666
06/02/20 13:10,1.525874925,119.2528736,-2.650428033,0,19.56250029,30.74000006,38.71499996,12.23250008,400.0045197,0.287706058,34.92139974,5.23E-05,44.99000168,224.0210571,50.0732851,1,3.446101189,2.94740821,2.784295323
06/02/20 13:20,1.90413754,119.2528736,-2.407685542,0,19.5,30.84749994,38.80250034,12.3874999,400.0809509,0.474285596,57.59428339,5.23E-05,44.99000168,224.0210571,50.1110445,1,3.498212337,4.175702709,3.462413812
06/02/20 13:30,2.098979137,119.2528736,-2.512192239,0,19.3194437,30.93333297,38.30277824,12.43611124,402.0020159,0.395091742,49.41911846,5.23E-05,44.99000168,224.0210571,49.93763267,1,3.515965939,2.643988192,2.951025095
06/02/20 13:40,1.705153827,119.2528736,-1.360014645,0,19.17692331,31.06538464,37.34615355,12.58076917,405.1600999,0.331460061,40.86586503,5.23E-05,44.99000168,224.0210571,49.97492981,1,3.500066757,2.800549885,2.563192158
06/02/20 13:50,2.24518134,119.2528736,-3.48748951,0,19.12500038,31.08500004,37.93249989,12.80750003,405.2393967,0.582300137,69.42752677,5.23E-05,44.99000168,204.2477509,50.0346693,1,3.546356678,4.938482386,7.934416664
06/02/20 14:00,1.900931261,119.2528736,-2.225762028,0,19.08500013,31.16500025,37.54750042,12.83999996,403.1331497,0.420191081,51.2908781,5.23E-05,44.99000168,198.7770691,49.94662514,1,3.478423119,3.482507676,3.283682084
06/02/20 14:10,2.631618774,119.2528736,-2.475440061,0,19,31.25750017,37.05,12.96750002,403.1346024,0.791054643,95.01587713,5.23E-05,44.99000168,198.7770691,49.9667799,1,3.497125149,4.761692852,3.157889293
06/02/20 14:20,2.300306273,119.2528736,-3.080429029,0,18.86499977,31.35250006,37.29750004,13.0275002,403.2153168,0.629645616,75.59157068,5.23E-05,44.99000168,198.7770691,49.93202972,1,3.50007391,3.281858918,3.152100572
06/02/20 14:30,2.650293756,119.2528736,-3.069225544,0,18.65500059,31.45999985,37.02499905,13.08250012,402.6631195,0.701782141,84.37711555,5.23E-05,44.99000168,194.7648365,49.93170929,1,3.480420589,3.973172092,5.306645977
06/02/20 14:40,2.132437491,119.2528736,-3.063890553,0,18.60000038,31.57500019,36.60750008,13.07249999,402.5366684,0.622942133,74.06562567,5.23E-05,44.99000168,170.240387,49.94391518,1,3.456221342,3.116456909,3.279697263
06/02/20 14:50,2.286693712,119.2528736,-2.579472536,0,18.60000038,31.64249992,36.17499924,13.0624999,403.3695511,0.688471145,83.41995513,5.23E-05,44.99000168,170.240387,49.99584942,1,3.521278858,3.262572321,3.536559972
06/02/20 15:00,2.621118724,119.2528736,-2.392747539,0,18.60000038,31.70750017,36.19249916,13.1275001,403.1947525,0.819539155,99.50823319,5.23E-05,44.99000168,170.240387,50.01376514,1,3.540495396,3.60089767,2.67107643
06/02/20 15:10,2.778656197,119.2528736,-3.804921961,0,18.60000038,31.78249989,36.01499977,13.13000016,402.2512009,0.976797167,117.2511749,5.23E-05,44.99000168,175.9846447,50.0134798,1,3.474907398,3.554081947,6.174274914
06/02/20 15:20,2.956068742,119.2528736,-3.85347054,0,18.60000038,31.84749966,35.83000088,13.1349999,401.3522675,0.908801202,109.4589028,5.23E-05,44.99000168,198.3487868,49.95572968,1,3.409741163,4.312872106,6.878872338
06/02/20 15:30,2.622243762,119.2528736,-2.988667029,0,18.5250001,31.91749964,35.60499935,13.0900001,400.8437866,0.828253149,100.2589849,5.23E-05,44.99000168,188.0302853,49.9930603,1,3.367913723,4.113201523,4.539204091
06/02/20 15:40,2.566631311,119.2528736,-2.943319523,0,18.38499956,32.02749996,35.31999989,13.11749992,399.6495499,0.808825663,98.17283428,5.23E-05,44.99000168,178.4749896,49.92961483,1,3.460936546,3.205964974,4.651271731
06/02/20 15:50,2.663325113,119.2528736,-2.91184305,0,18.26249981,32.09750004,34.94250011,13.06500001,402.7008835,0.748111158,90.18999481,5.23E-05,44.99000168,179.0209045,49.91639996,1,3.480053902,3.573944592,4.203439988
06/02/20 16:00,2.601375091,119.2528736,-3.17059049,0,18.15750065,32.06499939,34.54749966,13.05750012,403.3517502,0.631495618,75.85322392,5.23E-05,44.99000168,186.0889111,50.04267998,1,3.561921835,3.545093292,6.150085069
06/02/20 16:10,2.436318827,119.2528736,-2.678170025,0,18.10000038,32.13499985,34.47499962,12.89249992,403.7424805,0.746446146,90.58038819,5.23E-05,44.99000168,211.9478455,50.01226978,1,3.506319046,3.453345069,2.73149135
06/02/20 16:20,2.443312401,119.2528736,-2.952922559,0,17.93999977,32.13249989,34.38999958,12.74999976,404.0130127,0.712019138,86.2589196,5.23E-05,44.99000168,211.9478455,50.08796463,1,3.525070667,3.108207369,3.270686543
06/02/20 16:30,2.63864975,119.2528736,-2.349000531,0,17.7449996,32.19749985,34.19499989,12.61249995,403.6373306,0.708500141,85.63451672,5.23E-05,44.99000168,211.9478455,50.09408493,1,3.529078484,3.569008934,3.684115879
06/02/20 16:40,2.129212648,119.2528736,-2.082784033,0,17.46499987,32.17749996,33.46499996,12.43249984,402.6301666,0.462352088,54.75553787,5.23E-05,44.99000168,211.9478455,50.00469475,1,3.567883253,3.334733956,3.408047214
06/02/20 16:50,2.150118947,119.2528736,-1.599433023,0,17.1300005,32.13249931,32.93750038,12.34750009,404.8641846,0.459401098,53.96349657,5.23E-05,44.99000168,211.9478455,49.96228504,1,3.563578606,3.884927231,3.592245226
06/02/20 17:00,2.126250112,119.2528736,-1.786691535,0,16.82499962,32.1324995,32.65500011,12.125,402.3063187,0.494000077,57.83636552,5.23E-05,44.99000168,211.9478455,50.02524452,1,3.563394308,3.13057472,3.380787797
06/02/20 17:10,2.274206305,119.2528736,-1.839508018,0,16.48499994,32.12000008,32.68500004,11.95749998,399.2748474,0.514323109,61.45300108,5.23E-05,44.99000168,211.9478455,49.99448528,1,3.581037521,3.226792957,2.8236624
06/02/20 17:20,2.111906421,119.2528736,-1.70880053,0,16.14500036,32.02999935,32.19499969,11.75999994,401.3635834,0.263593049,34.96222959,5.23E-05,44.99000168,211.9478455,50.03172474,1,3.532468081,3.059340419,3.081399204
06/02/20 17:30,2.118168932,119.2528736,-1.547683516,0,15.77000003,31.97749949,32.02749987,11.525,401.9683212,0.236141043,34.43815836,5.23E-05,44.99000168,211.9478455,49.96388454,1,3.525770426,3.600269276,3.13652841
06/02/20 17:40,2.299143827,119.2528736,-2.387412518,0,15.41999989,31.8749999,31.66499996,11.31500006,401.8217026,0.365940065,43.13947642,5.23E-05,44.99000168,211.9478455,49.97359447,1,3.53660059,3.428643484,3.783975226
06/02/20 17:50,2.335331368,119.2528736,-1.800562534,0,15.12000027,31.76750011,31.11499996,11.12249999,401.8628998,0.238894034,30.99335253,5.23E-05,44.99000168,211.9478455,50.00339413,1,3.5347054,3.90165602,4.078054512
06/02/20 18:00,2.416331232,119.2528736,-1.681058541,0,14.90249977,31.68750019,31.05500011,11.0375,401.5666641,0.260500039,31.83704111,5.23E-05,44.99000168,211.9478455,50.00561504,1,3.539832115,3.569292144,3.044415611
06/02/20 18:10,2.161950117,119.2528736,-1.953143525,0,14.67499995,31.63250036,30.71499987,10.95250001,402.0093826,0.134768023,22.13837001,5.23E-05,44.99000168,211.9478455,50.01540985,1,3.504086733,3.506050219,3.181323625
06/02/20 18:20,2.371762449,119.2528736,-2.097722018,0,14.41999993,31.5625001,30.18499994,10.85249991,402.3442535,0.023961005,11.28876838,5.23E-05,44.99000168,211.9478455,50.03198471,1,3.506584883,3.722036479,3.213261316
06/02/20 18:30,2.138100135,119.2528736,-3.829996544,0,14.4525001,31.50750017,30.58249989,10.68999991,403.705101,0.576803107,72.16624801,5.23E-05,44.99000168,162.4784054,49.95809002,1,3.510050297,3.614704074,5.211611843
06/02/20 18:40,2.211543763,119.2528736,-3.059622526,0,14.60000038,31.38749971,31.28749943,10.5625,404.2540176,0.741160149,86.97081757,5.23E-05,44.99000168,157.0696106,50.00378036,1,3.430391312,3.21395932,3.238752069
06/02/20 18:50,2.481018716,119.2528736,-3.267687559,0,14.60000038,31.34499989,30.88249979,10.3625,403.3791687,0.81835171,97.92989767,5.23E-05,44.99000168,157.0696106,50.07751465,1,3.438027143,2.466404174,3.094433124
06/02/20 19:00,2.86948123,119.2528736,-3.602192008,0,14.60000038,31.24000006,30.69000072,10.29499984,403.6622025,0.878500191,105.6541339,5.23E-05,44.94850283,156.7409609,50.04928989,1,3.415211678,3.412584713,3.083433302
06/02/20 19:10,2.966368699,119.2528736,8.398598576,0,14.6974999,31.18250027,31.82000008,10.14499993,402.7825821,8.305237183,985.6811085,5.23E-05,2.750592875,153.664525,49.96377411,1,3.423357725,8.992524743,6.466497827
06/02/20 19:20,3.268603194,119.2528736,22.53397017,39.87663634,14.98499994,31.14750032,33.72999973,10.04000025,402.7081512,8.994070664,1064.480782,0.008780488,1.49000001,157.0696106,49.97497044,0.428136528,3.002421856,9.884665227,5.548989284
06/02/20 19:30,3.537963521,119.2528736,37.34685831,59.80930059,15.30750003,31.18249998,35.23000031,10.15999999,402.7547668,8.990926266,1064.688864,0.014634146,1.49000001,157.0696106,49.94406967,0.525923095,2.987499714,36.6669553,14.90603077
06/02/20 19:40,3.55329622,119.2528736,21.82421411,60.9439203,15.6875001,30.9875001,35.79000072,10.08499999,401.4494492,9.044302762,1074.839773,0.014634146,1.49000001,157.0696106,50.01315556,0.301363126,3.110184193,88.44879951,20.57902305
06/02/20 19:50,2.066274726,119.2528736,-5.380483061,0,15.96999998,31.04500046,36.32749958,9.9599998,401.0796524,8.656895248,1027.208048,0.002926829,3.866732721,157.0696106,50.08318996,1,3.268167019,59.83002248,13.54017406
06/02/20 20:00,2.178693855,119.2528736,-2.563467538,0,15.7275001,30.97999983,36.07499981,9.830000019,402.191568,0.767876666,92.50227714,0.001463415,44.99000168,157.0696106,49.98111992,1,3.701819897,6.206610692,3.622486631
06/02/20 20:10,2.452631193,119.2528736,-3.293829036,0,15.40749993,30.87249975,35.10000038,9.719999981,403.1712967,0.863917672,103.7658799,0.001463415,44.99000168,151.1507914,50.04873486,1,3.382260799,4.398108271,5.860717726
06/02/20 20:20,2.727581251,119.2528736,-2.701644063,0,15.35000005,30.82999983,34.26499996,9.62750001,403.4274338,1.142801207,136.8239672,0.001463415,44.99000168,126.3378143,50.06161041,1,3.343312263,4.371794762,5.527502492
06/02/20 20:30,3.135215575,119.2528736,19.99712722,30.00595251,15.54749994,30.75750027,34.79250011,9.4625,403.207869,7.813098662,931.1064327,0.001463415,6.072387392,142.9336158,49.99067497,0.454013988,3.375266552,72.44810827,29.57822089
06/02/20 20:40,3.536645675,119.2528736,38.72818465,59.71177993,16.00000029,30.79250021,36.28250008,9.364999914,403.0332932,9.226202175,1096.450081,0.023414634,1.49000001,147.1915283,49.97839508,0.546304996,3.227966785,85.39215956,35.88362613
06/02/20 20:50,3.434339875,119.2528736,50.32518417,52.14115073,16.31578957,30.76052636,37.22105247,9.339473825,403.6266849,9.155499072,1088.063573,0.017560976,1.437368902,147.1915283,50.04573099,0.794991426,3.591742754,77.34178061,26.96784607
06/02/20 21:00,3.85021807,119.2528736,75.7556066,82.91613719,16.62368423,30.73157883,38,9.089473624,403.8891537,9.14912812,1086.882429,0.029268293,1.122104692,147.1915283,49.98037318,0.760201557,3.832880259,75.45162602,32.90518166
06/02/20 21:10,3.586170495,119.2528736,51.09763899,63.3766166,16.88749952,30.63000021,38.62749996,9.152500105,404.3423645,9.25137493,1098.671156,0.032195122,1.415000576,147.1915283,49.97301483,0.67738604,3.476258993,79.23761377,22.02164197
06/02/20 21:20,3.367058754,119.2528736,54.87448006,47.16234779,16.93999977,30.525,39.08750019,8.859999895,404.522551,9.069685444,1078.592251,0.023414634,1.315500439,147.1915283,49.9605196,0.930529486,3.548936844,68.08819489,29.50824981
06/02/20 21:30,3.844152117,119.2528736,83.11330109,82.46725664,17.21000042,30.50999975,39.67000008,8.8,405.7645035,9.009255856,1070.206673,0.035121951,0.99000001,147.1915283,50.07351475,0.838718108,3.540342808,29.58473871,14.32869141
06/02/20 21:40,4.432300329,119.2528736,138.9003272,141.9853365,17.39374959,30.390625,40.29687476,8.981250048,405.9603558,8.990981709,1070.174432,0.07902439,0.492499961,147.1915283,49.95004344,0.862206572,3.12672019,15.7373746,6.909873903
06/02/20 21:50,5.2421411,119.2528736,235.7063693,250.0382446,17.42692287,30.44230813,41.25769307,8.573076908,405.7865882,9.284419188,1102.656907,0.102439024,0,147.1915283,50.12706903,0.812946699,2.752249956,42.95005098,25.37346345
06/02/20 22:00,5.068078836,119.2528736,235.5148053,217.6626635,17.71666654,30.41944408,42.2861112,8.336111228,405.2220696,9.314577629,1107.066116,0.105365854,0,147.1915283,49.9864165,0.910279905,3.064955711,139.112133,65.59520064
06/02/20 22:10,5.288704407,119.2528736,318.5147758,258.6990197,17.59999981,30.42500038,43.02499943,8.047499919,405.9507538,10.08167508,1197.977646,0.175609756,0,147.1915283,49.91702938,1.067800695,3.437007427,125.7916925,56.13420763
06/02/20 22:20,5.01811887,119.2528736,359.1961609,208.3701099,18.14250069,30.51999989,44.18250046,7.930000043,402.209697,10.44044119,1240.424074,0.15804878,0,147.1915283,49.99493484,1.438113024,4.461772919,141.6896347,58.89404144
06/02/20 22:30,6.895641494,119.2528736,576.9066696,618.4929394,18.51250029,30.84749975,45.56249981,7.855000067,400.7327667,12.01135643,1425.928677,0.228292683,0,147.1915283,50.09507999,0.789177219,4.300437927,48.21896091,24.40249014
06/02/20 22:40,7.692622495,119.2528736,852.3726624,876.3359132,19.04749994,31.59500008,47.88250008,7.767500043,404.9588806,13.58206701,1612.208811,0.477073171,0,147.1915283,49.99690475,0.828541142,4.859489918,17.83401138,12.93970908
06/02/20 22:50,7.91568799,119.2528736,1038.195508,950.8397887,19.68000011,32.99999981,50.19249973,7.692500091,405.0530655,14.48421004,1718.668104,0.453658537,0,147.1915283,49.95862942,0.950641042,4.834085941,20.05433788,16.81632807
06/02/20 23:00,8.230025458,119.2528736,1134.371289,1070.090082,17.1250001,34.84000053,49.77500038,7.742500067,404.5276917,14.8909931,1766.088455,0.494634146,0,147.1915283,49.97821026,0.939518131,4.633049965,37.70798459,28.98611813
06/02/20 23:10,7.76382823,119.2528736,1009.934192,900.1186288,14.85999999,36.3175005,48.19500008,7.562499976,402.8764847,14.35954669,1702.314371,0.605853659,0,147.1915283,50.00463428,0.962776083,5.620313644,68.52741718,19.80981922
06/02/20 23:20,6.769415529,119.2528736,674.2707552,586.4315444,14.7131579,37.18684207,46.99736826,7.460526341,400.0031594,12.61215119,1497.668983,0.310243902,0,147.1915283,50.09079481,0.981593333,6.561175346,116.3612928,24.28717704
06/02/20 23:30,4.945613694,119.2528736,298.0115623,198.9631201,17.71749992,37.01249981,48.26500034,7.510000038,399.8475555,10.09800334,1199.833466,0.152195122,0.097999428,147.1915283,50.03055496,1.251932832,7.23597908,153.3790073,37.72505093
06/02/20 23:40,3.524895668,119.2528736,145.7362637,58.84227943,18.82750006,36.35499973,48.57000027,7.729999995,400.8868164,9.575387076,1136.868708,0.090731707,0.639999476,147.1915283,50.0645153,2.087510415,6.365895748,166.8201271,31.46351333
06/02/20 23:50,3.61074717,119.2528736,151.028422,65.19529061,14.95750008,35.66750011,48.84500084,7.450000024,401.0741486,9.574289605,1138.086674,0.067317073,0.59749777,160.7731829,50.01967945,1.944044717,6.370079041,142.6247452,29.04424639
07/02/20 0:00,5.411866617,119.2528736,339.6522972,281.6071908,11.81749988,35.03500004,49.6449995,7.235000062,401.2484497,10.3021574,1224.410511,0.137560976,0.030499754,174.6306458,49.9056797,1.06016799,6.477470875,54.98564758,19.70095104
07/02/20 0:10,4.861228621,119.2528736,280.0885677,189.5963769,14.97250009,34.56750011,49.9875,7.259999943,402.2738693,9.913379654,1176.518211,0.172682927,0.098497939,174.6306458,50.00055981,1.245471653,4.11686182,66.65203414,29.27911148
07/02/20 0:20,3.206381738,119.2528736,83.65166798,35.27224863,16.88500004,34.12500057,49.70750046,7.339999986,401.8735031,9.506059885,1130.226477,0.035121951,1.290505527,174.6306458,50.07501602,1.720277113,3.985448837,114.2888005,28.51731498
07/02/20 0:30,4.57514329,119.2528736,233.4758919,157.8409051,17.76999989,33.63499928,49.93249969,7.327500057,399.7037003,9.62765497,1143.871307,0.090731707,0.122499442,174.6306458,49.94563446,1.295038969,5.771752834,99.67661071,22.90438213
07/02/20 0:40,4.190713978,119.2528736,223.2550209,115.1692515,18.24000015,33.29499989,50.34999943,7.244999981,399.5893829,9.600549012,1141.544809,0.134634146,0.073499468,174.6306458,50.00349503,1.660664086,5.387838364,130.6926506,33.23224347
07/02/20 0:50,4.283804917,119.2528736,200.0564758,125.5023458,18.45249987,32.90750084,50.36000042,7.05999999,399.8808029,9.591765001,1140.374857,0.087804878,0.220499856,174.6306458,50.07574043,1.382457974,6.842999458,185.0102514,28.30785162
07/02/20 1:00,4.117245661,119.2528736,149.0343725,107.0142684,18.70555613,32.65833304,50.46666718,7.375,399.3723128,9.562622954,1137.472928,0.064390244,0.628888333,174.6306458,49.99740007,1.179729911,7.012691021,130.2996682,18.02337578
07/02/20 1:10,4.6903422,119.2528736,185.9444427,170.6279842,18.95750017,32.34750004,50.48000031,7.312499952,398.8833466,9.582447499,1139.784199,0.102439024,0.299499561,174.6306458,49.94423943,0.937955829,6.563146591,122.4731574,23.90047913
07/02/20 1:20,4.362881219,119.2528736,158.5997856,134.2798154,19.18000069,31.99999952,50.58999996,7.042499995,399.3057602,9.576646462,1138.534859,0.067317073,0.518000256,174.6306458,49.96822453,1.033643743,6.343793392,128.6048264,30.73753147
07/02/20 1:30,5.462461901,119.2528736,289.343987,291.0179135,17.90333341,31.63666662,50.7200002,6.946666718,400.2065104,9.870341539,1174.079933,0.128780488,0,174.6306458,50.02541326,0.878267284,6.619936943,99.72231166,26.46188917
07/02/20 1:40,5.433071839,119.2528736,272.3868906,285.5513621,12.34736844,31.61052654,51.14473704,6.807894657,400.4202126,9.722457967,1156.281377,0.15804878,0.012105236,174.6306458,50.05328409,0.840237521,6.616401672,78.90901689,29.68293346
07/02/20 1:50,5.108778131,119.2528736,249.5054276,225.2327324,13.01499996,31.48250017,51.22000027,6.622499967,400.4065018,9.679907531,1150.678802,0.105365854,0.073499468,174.6306458,50.05702,0.937898322,6.154130936,134.7244587,26.34310155
07/02/20 2:00,6.406241179,119.2528736,529.3805252,494.1852593,16.06999998,31.49249992,51.49250011,6.614999938,399.9166519,11.62415586,1381.053967,0.207804878,0,161.2955893,50.02747955,0.930884949,6.500258446,107.7578746,29.20209446
07/02/20 2:10,6.303572035,119.2528736,585.973465,468.1072968,17.77000017,31.77999973,52.93749981,6.497500038,400.8104538,12.07940376,1435.458956,0.351219512,0,147.1915283,50.02619972,1.080510691,6.699222088,86.37675056,27.20795777
07/02/20 2:20,6.740681767,119.2528736,589.6164932,579.1331689,18.6375001,32.14000006,53.93249989,6.347500014,401.0253357,12.11417319,1438.703196,0.260487805,0,147.1915283,50.02150936,0.871087729,6.181606293,95.26528063,28.69486532
07/02/20 2:30,6.676993799,119.2528736,592.9105347,562.956425,18.97999992,32.38249969,54.53249969,6.562500024,400.8372681,12.100324,1439.391518,0.254634146,0,147.1915283,49.94934959,0.905734167,6.27863884,68.75372181,11.72367407
07/02/20 2:40,7.224513268,119.2528736,724.409436,719.9874317,19.43500004,32.74500027,55.41000004,6.179999995,401.3044815,12.89541735,1530.572153,0.415609756,0,147.1915283,50.03902493,0.842091855,5.469112396,68.08743825,14.82993834
07/02/20 2:50,7.006088352,119.2528736,689.4427277,647.0335096,19.93499994,33.14999981,56.11499977,6.030000019,401.6278854,12.71071507,1508.5383,0.301463415,0,147.1915283,50.12581482,0.895373813,5.932944775,50.39135075,12.98352091
07/02/20 3:00,7.550210977,119.2528736,856.9044891,828.7704662,16.63000007,33.73999996,53.93249989,6.190000033,399.6501144,13.59211618,1612.748915,0.365853659,0,147.1915283,49.94633427,0.867025359,4.791512489,29.63595617,16.38802698
07/02/20 3:10,8.067900467,119.2528736,846.9482269,1005.888585,15.38999991,34.57499981,52.36500015,6.127499986,400.4908203,13.54314838,1607.708027,0.500487805,0,147.1915283,49.99869995,0.740982311,5.417111874,68.26249104,23.77277901
07/02/20 3:20,7.950102878,119.2528736,886.5150909,962.3343611,18.54500017,35.29500084,54.91250057,6.142500019,400.9447006,13.72943075,1629.467308,0.386341463,0,147.1915283,50.06042538,0.804553452,6.855285645,85.57119675,42.52345123
07/02/20 3:30,8.103551287,119.2528736,973.6298767,1020.00631,15.368421,36.10263262,52.58947372,5.981578902,401.004054,14.13121721,1673.947641,0.418536585,0,147.1915283,50.07647324,0.841391395,7.882918358,50.43246872,26.17399447
07/02/20 3:40,8.241014361,119.2528736,1009.232086,1074.441687,12.76500006,37.17750034,50.82000065,5.975000024,400.4288193,14.30763532,1699.673246,0.591219512,0,136.3192038,50.03943996,0.832863796,6.908845425,91.96950636,55.41816025
07/02/20 3:50,7.424338722,119.2528736,840.6375824,786.7291332,10.00499997,37.74500027,49.11249981,5.797499967,400.2493164,13.46254268,1597.487823,0.362926829,0,135.1183167,50.06470089,0.891630098,8.702092171,93.31765141,48.57285671
07/02/20 4:00,7.141650343,119.2528736,812.6884541,692.3112145,12.62000003,38.12000008,52.60249977,5.882499957,399.1596939,13.35926315,1584.511442,0.374634146,0,135.1183167,50.02584476,0.983867347,7.79990387,73.84393654,30.7847137
07/02/20 4:10,6.312797534,119.2528736,788.2659332,470.4505738,16.31750011,38.15500011,54.07999973,5.995000005,399.4208832,13.20792559,1568.45006,0.462439024,0,135.1183167,50.00368958,1.447205447,7.58310318,93.58151083,51.0154778
07/02/20 4:20,6.530925584,119.2528736,758.5689484,525.8550983,16.56750016,38.23750019,54.47000027,5.939999986,399.5405975,13.02021267,1546.196411,0.327804878,0,135.1183167,50.02984982,1.256789781,8.394313812,119.5345352,63.02411013
07/02/20 4:30,7.352687383,119.2528736,992.8435272,762.7975858,13.6375,38.50249958,51.35750027,6.005000019,399.4168808,14.10582952,1674.499105,0.415609756,0,135.1183167,50.0223547,1.087206151,8.719249725,88.67252226,38.0089767
07/02/20 4:40,7.541597915,119.2528736,921.8152588,825.8937035,12.81500015,39.16250019,50.28500023,5.929999924,399.0142273,13.85736497,1645.398989,0.556097561,0,135.1183167,49.96485481,0.935016465,9.3135252,112.2501198,59.20104027
07/02/20 4:50,5.795961857,119.2528736,460.5707153,353.0489054,15.9625,39.02749958,51.65250015,6.010000014,399.7132141,11.13298823,1322.95475,0.222439024,0.048999571,147.7811003,50.02238483,1.117795063,9.085990906,111.1428462,28.56587286
07/02/20 5:00,5.965808773,119.2528736,389.905291,384.6404318,17.4249999,38.24249973,52.09750061,5.985000038,399.594104,10.64938608,1265.017084,0.152195122,0,153.7769165,49.93419495,0.855868559,6.011378765,133.8747278,34.54612122
07/02/20 5:10,7.221728992,119.2528736,704.1068909,719.0574835,18.30499992,37.57749977,53.41749992,5.962499976,401.4537186,12.74433638,1513.540209,0.386341463,0,153.7769165,49.98196011,0.819587079,6.311226845,48.92030146,21.19397547
07/02/20 5:20,5.119971323,119.2528736,291.055423,227.3146661,18.59000025,37.04750042,53.57749996,5.867500019,401.3489517,10.13513003,1203.159508,0.128780488,0.195993342,153.7769165,50.0177248,1.085892943,5.823449612,138.0593025,34.74794936
07/02/20 5:30,6.445036864,119.2528736,561.1247208,504.0393635,13.47499986,36.40000076,54.44750023,5.845000005,401.2044678,11.85128993,1409.418005,0.237073171,0,153.7769165,50.0726656,0.969711714,5.988289833,87.13857527,23.68060298
07/02/20 5:40,7.756365967,119.2528736,850.339917,897.6262329,10.66999998,36.23249931,55.87000008,5.817499995,399.9780334,13.44851232,1596.855858,0.462439024,0,153.7769165,50.08898983,0.812274653,6.999795914,86.4441678,28.90786974
07/02/20 5:50,6.346098757,119.2528736,609.9104614,478.9090842,12.91250014,36.44749985,53.38999996,5.735000014,398.7119797,12.15332754,1443.553505,0.266341463,0,153.7769165,49.9946949,1.102442047,8.549105644,94.08298407,35.6439074
07/02/20 6:00,6.916895628,119.2528736,694.9162537,623.8914895,16.19000001,36.2625,55.14000015,5.942499971,401.6934036,12.69222316,1507.624935,0.310243902,0,153.7769165,49.98360996,0.94104712,6.696688175,61.40918837,18.93772259
07/02/20 6:10,6.549506617,119.2528736,579.2099274,530.5746806,17.24750013,36.05999985,55.56250038,5.9625,400.9538879,11.91146895,1416.253916,0.345365854,0,153.7769165,50.02598972,0.949416157,5.938049793,66.0334074,22.37941475
07/02/20 6:20,7.184771013,119.2528736,739.9368484,706.7135184,17.87249937,35.88250046,56.38999977,5.960000014,403.6526505,12.90974195,1532.362135,0.31902439,0,153.7769165,50.04409485,0.876879058,6.014034271,48.15681875,18.91868958
07/02/20 6:30,5.822821808,119.2528736,447.3097488,358.0448563,18.34249992,35.78749943,56.62000008,5.957499933,402.9883133,11.05064772,1313.849373,0.24,0,153.7769165,50.02179985,1.067770867,5.689958096,62.33874254,27.65717318
07/02/20 6:40,4.929835618,119.2528736,241.1918724,197.2117535,18.58750038,35.26000061,56.14499893,6.082499957,400.7409134,9.696632713,1152.212597,0.152195122,0.122499442,153.7769165,49.93505459,1.023815549,5.242322922,92.27389417,32.21995053
07/02/20 6:50,5.528944386,119.2528736,336.871351,303.3836559,18.73888938,34.54722214,56.00277774,5.761111021,401.3217027,10.28025384,1222.465439,0.149268293,0.077775978,153.7769165,50.06278886,0.980421637,4.918997765,103.701355,30.46724666
07/02/20 7:00,4.897533969,119.2528736,231.4205533,193.6262705,18.90789494,33.96842133,55.79473797,5.928947399,400.3161059,9.82480951,1168.315544,0.108292683,0.364205502,169.6369203,50.07318938,1.003795378,5.459883213,76.15670039,28.42662154
07/02/20 7:10,4.396757758,119.2528736,154.4377371,138.0401111,19.02000027,33.47000027,55.43250046,5.832500029,399.7408279,9.534018338,1133.140732,0.090731707,0.707999671,175.7282104,50.00962505,0.982577201,4.596705437,81.74756727,20.76278303
07/02/20 7:20,4.369823563,119.2528736,110.7750942,135.0504155,12.75750012,32.70750027,55.33250008,5.617500019,402.5623856,9.181973398,1091.899155,0.055609756,0.73949802,175.7282104,49.96745949,0.718368456,4.107187271,85.63162632,23.22727277
07/02/20 7:30,5.234836113,119.2528736,251.5701801,248.6795171,10.61749992,32.11749897,55.1625,5.380000091,403.6636353,9.541927233,1134.16357,0.087804878,0.098993062,157.1666584,49.97206993,0.871598491,4.034249783,74.30454512,19.67818524
07/02/20 7:40,4.828637751,119.2528736,226.0112736,185.9787903,14.38684218,31.67631561,54.78157987,5.41315789,402.8685592,9.569456954,1137.280059,0.137560976,0.206840745,146.0939636,50.04431032,1.028237114,3.64658165,95.38036763,29.54195025
07/02/20 7:50,5.616852331,119.2528736,324.7027237,319.7345336,16.00749993,31.34249973,54.86750126,5.455000114,402.1099365,10.1296218,1204.137022,0.146341463,0,146.0939636,49.99795933,0.886852721,3.991353035,63.73693018,18.68730576
07/02/20 8:00,4.33466624,119.2528736,202.9022771,131.1479527,16.66999989,31.04750013,54.71500034,5.237499976,402.3178986,9.481924653,1126.895004,0.096585366,0.171499596,146.0939636,50.0015995,1.349768451,4.165424824,122.6790274,37.73930917
07/02/20 8:10,4.949771821,119.2528736,263.8488647,199.4246722,17.08500032,30.72000008,54.64499969,5.30999999,401.9841507,9.615356103,1142.965542,0.146341463,0,146.0939636,50.00881443,1.105406587,4.377073765,57.39346571,23.47824085
07/02/20 8:20,5.43935771,119.2528736,305.0723625,286.720534,17.28500032,30.38500004,54.59999886,5.104999971,401.9370697,9.930583522,1180.994722,0.134634146,0,146.0939636,50.02535419,0.937802299,3.85278821,65.83073487,28.0334404
07/02/20 8:30,4.480994344,119.2528736,180.0089763,147.3903722,17.62750015,30.27750006,54.59000015,5.049999928,402.2488678,9.423035681,1120.014044,0.099512195,0.445492565,146.0939636,50.0531105,1.081313356,4.205442429,80.32776413,24.95097277
07/02/20 8:40,5.143489969,119.2528736,292.6634342,231.6891342,17.91499968,29.96750031,54.50000019,5.204999971,401.841832,10.07703616,1198.924421,0.143414634,0.219497949,146.0939636,50.00617962,1.074978022,4.023378372,85.23411367,25.1424226
07/02/20 8:50,5.829244447,119.2528736,427.4564278,359.2394671,18.44250011,29.98249998,55.22750034,5.267499995,401.5980194,10.91229826,1296.882809,0.19902439,0,146.0939636,49.94025974,1.016385268,4.983660698,63.51556778,20.30643771
07/02/20 9:00,5.3168823,119.2528736,248.1491386,263.9401079,16.23500004,29.89250002,55.12500057,5.195000052,402.1935394,9.575474203,1139.152245,0.105365854,0.073499468,146.0939636,50.02000961,0.818047113,5.222805977,67.19047012,27.75046721
07/02/20 9:10,5.840103507,119.2528736,370.1912613,361.2592523,10.59249997,29.68500023,55.92999973,5.037500095,402.1471848,10.44575961,1241.772566,0.207804878,0,146.0939636,50.04826527,0.874436159,4.147114754,49.89403062,23.92492874
07/02/20 9:20,3.239942747,119.2528736,115.3319678,37.7557633,12.69749999,29.65,55.61749992,5.052499986,402.1086197,9.576526299,1138.075819,0.061463415,0.893003179,146.0939636,50.07749424,2.270872475,4.420936108,118.2891422,49.5932651
07/02/20 9:30,4.273409927,119.2528736,215.9189251,124.3485019,15.47750006,29.43249989,55.02750015,5.22750001,401.1881348,9.815416619,1166.609144,0.061463415,0.471489344,146.0939636,49.94994469,1.503995763,5.753635406,111.8302932,45.66224871
07/02/20 9:40,5.503156948,119.2528736,380.1368088,298.5871923,16.56000004,29.40249987,55.30249977,5.147500062,401.2873505,10.5926912,1259.992733,0.219512195,0.024499745,146.0939636,50.0733202,1.128038799,6.642335892,149.3152603,44.99523363
07/02/20 9:50,5.166618848,119.2528736,417.4761612,235.9911057,17.17500038,29.47750015,55.59749947,5.300000048,401.6742813,10.84087801,1286.710699,0.181463415,0,146.0939636,50.07178078,1.510416221,6.05201149,180.1649511,54.4085618
07/02/20 10:00,5.477614903,119.2528736,419.9666916,293.836372,17.59499998,29.575,55.75750122,5.532500005,402.0348526,10.83805834,1287.391062,0.169756098,0,146.0939636,50.01721497,1.264328114,7.613226891,136.237385,45.39493642
07/02/20 10:10,5.815062678,119.2528736,585.7584824,356.6016581,17.98249989,29.94249992,56.35749969,5.750000048,403.1056458,12.01882665,1424.905174,0.333658537,0,146.0939636,50.01625919,1.404930539,8.019126892,152.6787895,53.67525578
07/02/20 10:20,6.848659825,119.2528736,718.6275314,606.5595956,17.96750002,30.53000011,57.18500004,6.092500019,403.5234482,12.82122704,1523.57361,0.316097561,0,146.0939636,49.98521461,1.005628058,9.236451149,142.5071745,64.93118286
07/02/20 10:30,7.048744988,119.2528736,763.1610535,661.2808261,11.79749999,31.36999998,54.53249969,6.1125,403.640181,13.0705858,1552.338238,0.327804878,0,146.0939636,49.98167419,0.968934091,9.675650597,131.5433357,57.37828093
07/02/20 10:40,6.623014116,119.2528736,736.2512238,549.2455855,10.50500002,32.12999964,51.02500076,6.312499976,401.2235168,12.88202883,1530.027163,0.436097561,0,146.0939636,50.05250492,1.158071906,9.35310936,141.4375954,59.23141088
07/02/20 10:50,6.545237267,119.2528736,765.413623,529.4902658,14.75750003,32.84499969,53.62000008,6.532499981,402.0917191,13.06992048,1552.428143,0.339512195,0,146.0939636,50.00356522,1.257708933,9.072211266,104.5078764,48.37882829
07/02/20 11:00,6.915243506,119.2528736,743.0740631,623.4718506,16.79000025,33.54750023,55.29500046,6.952499962,403.205748,12.97032402,1540.404945,0.316097561,0,146.0939636,49.99677486,1.007049146,9.625522614,71.76006842,26.91286169
07/02/20 11:10,5.65078454,119.2528736,448.1724274,326.0459245,17.56499987,33.77250023,55.71500072,7.022499967,402.7421692,11.05759969,1313.203051,0.310243902,0,146.0939636,49.96348953,1.195681021,6.397081375,103.1475229,42.9217805
07/02/20 11:20,5.010044098,119.2528736,283.7283638,206.8682022,18.13499994,33.57500019,55.275,7.502500033,403.247113,9.945807785,1181.758524,0.122926829,0.097999428,146.0939636,50.04454479,1.142586575,5.827628136,107.2636428,40.47834501
07/02/20 11:30,5.820575809,119.2528736,396.3002121,357.6271006,18.76250029,33.32250023,55.29000015,7.742500019,404.1257141,10.69882862,1271.083168,0.15804878,0,146.0939636,50.05807056,0.947307981,5.633270264,74.30959697,28.82807219
07/02/20 11:40,5.760191989,119.2528736,367.4547302,346.3957099,18.57499962,33.15499992,55.68749981,8.112500024,405.1970474,10.45818557,1243.899055,0.228292683,0,146.0939636,49.93280983,0.912098885,5.31145668,67.02955833,21.35928044
07/02/20 11:50,6.472156644,119.2528736,682.1002319,510.9277875,14.14750004,33.15250034,56.78249969,8.457499981,402.0364639,12.49525863,1484.464211,0.266341463,0,146.0939636,49.98574467,1.164753644,5.152170658,90.82074757,46.42384758
07/02/20 12:00,7.631811786,119.2528736,974.0684616,856.0251364,12.30750003,34.36749992,54.48250027,8.585000062,400.6407837,13.90595779,1650.718843,0.427317073,0,146.0939636,50.10491486,0.962997231,7.943381786,96.44662352,46.6822324
07/02/20 12:10,6.897027944,119.2528736,641.6892877,618.8450978,14.98157903,35.27631539,53.4526317,9.10000008,398.2992425,12.40423091,1473.380621,0.409756098,0,146.0939636,50.02084712,0.877214979,9.972417831,56.00262918,31.64827862
07/02/20 12:20,7.883816171,119.2528736,1037.487457,940.194601,16.70500016,36.42000008,54.69499989,9.467500019,402.1195343,14.09893964,1672.612553,0.468292683,0,146.0939636,50.06155987,0.95793059,6.704903603,57.77674875,26.16173077
07/02/20 12:30,8.707248759,119.2528736,1399.560916,1259.070509,15.19500027,38.04749985,52.41250057,9.644999933,400.2740143,14.83904591,1760.001205,0.538536585,0.032499584,146.0939636,50.04530468,1.00207894,7.117545605,63.78492589,32.93852205
07/02/20 12:40,8.277378488,119.2528736,1290.47038,1088.841881,14.86250019,41.11000004,52.15250053,9.73499999,399.3437485,14.77779284,1752.285387,0.775609756,0.016999915,146.0939636,50.01993942,1.052411147,9.138092041,70.04211321,30.74960022
07/02/20 12:50,8.08817091,119.2528736,1198.511063,1013.91568,12.52999992,43.28000069,51.03750038,10.11500001,401.0774139,14.56567843,1725.712429,0.570731707,0.105988113,146.0939636,50.09365978,1.041225643,9.346474648,81.59384279,35.41706614
07/02/20 13:00,7.690037351,119.2528736,983.2411371,875.4724752,11.87368423,44.72105187,49.30526312,10.38684233,400.2675797,14.08218266,1670.535224,0.436097561,0,155.9192717,50.01624178,0.956433078,9.258059502,73.80775427,38.41820069
07/02/20 13:10,6.818635464,119.2528736,664.5267511,598.9334078,14.19473678,44.72105247,49.0473685,10.93421063,399.9671583,12.42144265,1475.264589,0.403902439,0,160.803645,50.03128353,0.943777248,10.06800842,76.70096438,32.18314738
07/02/20 13:20,8.239102459,119.2528736,1293.292245,1073.684574,17.925,45.2,52.88250008,11.45750003,399.6769547,14.58010201,1729.505047,0.541463415,0.053499585,168.4379326,50.05917492,1.067952256,8.475146294,69.41147451,31.47650976
07/02/20 13:30,8.275633526,119.2528736,1181.980612,1088.150876,16.43250008,47.61000023,51.58250046,11.47249994,399.9222839,14.34216946,1700.788616,0.541463415,0.074999474,170.240387,50.0508852,0.964480113,9.835669518,61.96522489,40.77577095
07/02/20 13:40,8.917097688,119.2528736,1585.412515,1342.170684,15.33499999,49.34999943,51.03999958,11.69250007,399.8818665,15.0897658,1788.670012,0.889756098,0.089499597,170.240387,49.94590454,1.071424516,9.677205086,58.22301517,37.38973389
07/02/20 13:50,9.197001648,119.2528736,1591.451044,1457.740692,13.24749999,52.62499924,50.79000015,11.94250007,400.262384,15.09125577,1789.333517,0.711219512,0.230485526,170.240387,49.99633465,1.002039256,8.43850708,56.60469627,37.59608424
07/02/20 14:00,9.125034952,119.2528736,1527.700192,1427.51468,12.74000025,54.81749992,50.1149992,12.24749999,398.6349304,14.98518728,1776.215309,0.646829268,0.218996975,170.6817468,49.96621017,0.978938294,8.242181778,54.17863474,32.10206742
07/02/20 14:10,9.097302508,119.2528736,1435.602722,1415.867054,12.5275001,56.66249962,49.525,12.33999987,398.4145615,14.96201728,1774.755976,0.834146341,0.080499253,180.7330988,50.02633972,0.926245597,8.652409554,77.42215047,40.11827397
07/02/20 14:20,9.714524221,119.2528736,1647.926651,1675.100173,12.51500006,59.44499969,49.56249981,12.6124999,398.6900986,15.03269398,1782.278131,0.72,0.609396554,178.2032138,49.97577991,0.937309733,9.394948006,65.9674202,35.95865045
07/02/20 14:30,9.450212908,119.2528736,1704.595874,1564.089421,12.65000038,61.80499954,49.43249969,12.88249989,402.000885,15.13656646,1794.126366,0.725853659,0.287496482,164.7525635,49.91574974,1.011344032,8.99857235,63.49603071,34.17597065
07/02/20 14:40,9.31201489,119.2528736,1676.382117,1506.046254,12.80000019,64.61500092,49.62249985,13.2375,401.2487183,15.07529095,1787.362324,1.04195122,0.677376657,167.5849665,49.92690964,1.026948784,8.450651169,68.96088505,37.43523166
07/02/20 14:50,9.711071706,119.2528736,1705.16413,1673.650116,12.8150001,66.96250038,49.55750027,13.33999996,402.2769684,15.16478987,1797.520718,0.696585366,0.474445071,168.0452576,49.95812054,0.970340945,9.48237133,76.58878331,41.71043291
07/02/20 15:00,8.951531219,119.2528736,1515.325937,1355.806363,12.80000019,68.70749855,49.49499969,13.3624999,402.2022003,14.99092671,1778.371605,0.749268293,0.248982723,168.0452576,49.95956955,1.014713067,8.909786224,48.84039326,37.89833612
07/02/20 15:10,9.305258322,119.2528736,1501.844629,1503.208495,12.56250024,68.56249962,48.44000053,13.49999986,400.7059341,15.08289434,1787.842249,0.825365854,0.117498548,179.1986068,49.89727993,0.921492499,7.462050915,64.60100527,33.95359592
07/02/20 15:20,9.262434459,119.2528736,1588.184766,1485.222473,12.53500013,69.78750038,48.73500099,13.71249986,400.1231995,15.11691315,1791.2673,0.722926829,0.225474001,173.5330811,49.9482748,0.984404118,7.986291885,41.75211172,38.8406312
07/02/20 15:30,6.741795492,119.2528736,695.1195297,579.416055,12.64749985,68.84249954,47.1625,13.64250002,398.882431,12.65454456,1501.247274,0.383414634,0,173.5330811,49.9514452,1.026365699,7.815660954,54.48310604,23.16804447
07/02/20 15:40,6.429407167,119.2528736,523.6984131,500.0694205,15.76750007,65.39750042,47.95000019,13.9474998,398.3584991,11.64257589,1381.68346,0.27804878,0,173.5330811,49.99081478,0.911356598,5.580588341,58.55541325,21.22066894
07/02/20 15:50,7.529235291,119.2528736,1007.455389,821.7645874,18.25500011,62.7875,51.25750027,14.11749992,401.3464523,14.32396777,1697.267504,0.453658537,0,173.5330811,49.93244953,1.025534466,5.472959995,77.92502785,32.44850025
07/02/20 16:00,8.541782688,119.2528736,1229.73277,1193.545944,17.84117665,61.76176475,51.47352937,14.01176475,403.8602744,14.96671547,1773.601018,0.51804878,0.022941029,173.5330811,49.95003554,0.923805895,7.938113213,60.42503637,43.40975935
07/02/20 16:10,8.663199949,119.2528736,1260.541818,1241.62718,16.61500006,61.51499939,50.25249958,13.72999997,399.095697,14.89057888,1764.191774,0.717073171,0,173.5330811,49.90370941,0.913951974,8.564939499,56.73436561,28.86284881
07/02/20 16:20,8.983433247,119.2528736,1519.614749,1368.439566,16.00526303,61.25263194,50.03157887,13.47368426,398.7511356,15.05978079,1784.527196,0.626341463,0.297329107,173.5330811,50.01309967,1.009052254,7.89234066,50.02679785,28.96353132
07/02/20 16:30,9.709104037,119.2528736,1878.639325,1672.823696,13.94500008,63.81750126,50.35249977,13.35249991,397.2480377,15.12728123,1791.642775,0.816585366,0.944948889,173.5330811,49.96882458,1.069357631,8.489113808,74.8887043,33.39983211
07/02/20 16:40,9.626073933,119.2528736,1844.025269,1637.951052,13.19500008,67.21499977,50.2649992,13.31249995,399.2199326,15.14569822,1794.206949,1.056585366,0.957789217,173.5330811,49.94941425,1.062184898,9.258384705,67.12886257,38.49770832
07/02/20 16:50,9.478223562,119.2528736,1697.895782,1575.853896,12.89249988,69.59749985,50.03749905,13.1375001,399.3276459,15.12977891,1792.850698,0.743414634,0.11999946,173.5330811,49.97621002,1.000978961,9.987900734,69.71984529,41.45140171
07/02/20 17:00,9.818789768,119.2528736,1934.177521,1718.891703,12.65750027,72.05500183,50.05249901,13.14749975,398.971814,15.1331386,1794.043991,0.848780488,1.837837061,173.5330811,49.93212948,1.084076966,9.84075737,65.74417429,43.2150805
07/02/20 17:10,9.934137154,119.2528736,1868.435529,1767.337605,12.42499971,75.17249985,50.21249847,13.06750011,397.4654373,15.14986512,1796.62413,1.112195122,0.766964444,173.5330811,49.9062994,1.030599062,9.486767769,57.42338896,37.35790462
07/02/20 17:20,8.73282783,119.2528736,1532.245911,1269.199821,12.32999964,76.37500038,49.54999943,13.25250001,398.6845978,15.13284002,1791.497309,0.652682927,0.016999915,173.5330811,49.93754959,1.089184601,9.379965782,66.59963045,28.68835783
07/02/20 17:30,9.047759128,119.2528736,1461.770923,1395.058834,12.15249996,75.93500099,48.70750084,13.2250001,398.6480423,15.14792942,1795.591061,0.658536585,0,173.5330811,49.94726505,0.954853367,9.606511116,62.32007771,47.60847373
07/02/20 17:40,8.92411449,119.2528736,1463.823962,1344.949338,12.08000007,74.58499985,47.63750038,13.15,398.0263657,14.81403762,1757.066706,0.851707317,0.15749934,173.5330811,50.07937508,0.98740135,10.1735096,98.07299614,54.90821061
07/02/20 17:50,10.39810679,119.2528736,1935.347577,1876.611892,12.0400002,76.47000084,48.60750046,12.97000003,398.5678452,15.15432858,1796.980282,0.854634146,1.037940876,173.5330811,50.05482044,1.00800129,11.44635868,75.53929939,31.56972537
07/02/20 18:00,9.466547871,119.2528736,1714.11684,1570.950106,11.92000003,78.17250023,48.76000118,13.06999998,398.923848,15.10569231,1788.851006,0.734634146,0.428948119,173.5330811,49.99820518,1.013220905,9.880023956,67.18269548,37.58668113
07/02/20 18:10,9.058803892,119.2528736,1596.490826,1399.697635,11.7875001,78.05750008,48.20750027,13.03000002,399.7120193,15.14293438,1794.488136,0.942439024,0.154485462,173.5330811,49.99341946,1.039972618,9.56201458,68.25435181,33.2305635
07/02/20 18:20,9.05993035,119.2528736,1563.857576,1400.170747,11.69473668,78.25263214,48.02368465,13.0842106,400.7395293,15.12576083,1793.309085,0.684878049,0.325697852,173.5330811,50.02337406,1.018427884,9.742703438,49.89352106,30.41111043
07/02/20 18:30,9.250851607,119.2528736,1683.330322,1480.357675,11.65499997,78.13249931,47.99750042,13.12249994,400.8672012,15.15803155,1797.130342,0.743414634,0.160498306,173.5330811,49.94092426,1.046263494,9.37432766,77.57550745,35.07950482
07/02/20 18:40,8.875777674,119.2528736,1490.910944,1325.807959,11.50999999,77.7900013,47.72499943,13.04999986,401.2155014,15.05554886,1784.623793,0.895609756,0.102998416,173.5330811,50.0566,1.018821727,8.866270065,88.50010672,36.274685
07/02/20 18:50,9.156572652,119.2528736,1430.606158,1440.760514,11.4474998,77.18499947,47.57499962,12.97249994,398.4555695,15.12685418,1792.51823,0.629268293,0.033499758,173.5330811,50.02423534,0.909659762,9.581505775,63.29324493,43.84844284
07/02/20 19:00,9.054831457,119.2528736,1593.807697,1398.029212,11.41999969,76.54500046,47.60999947,13.21999998,402.1718338,15.14955443,1796.072325,0.702439024,0.08149855,173.5330811,49.98531017,1.039257801,8.990470886,68.13843708,37.95665979
07/02/20 19:10,9.777045543,119.2528736,1696.088614,1701.359128,11.41538437,76.78461691,47.69615437,12.92307692,403.3295687,15.1309526,1795.25233,0.977560976,0.531920893,173.5330811,49.96631534,0.956215967,9.047066689,81.91110523,46.46901109
07/02/20 19:20,9.229069524,119.2528736,1745.553419,1471.2092,11.39166636,77.07222282,47.71388944,13.0444444,399.5230187,15.13228272,1793.4972,0.717073171,0.551036187,173.5330811,50.06152259,1.090609496,9.349726677,74.5814032,44.91984675
07/02/20 19:30,10.24718123,119.2528736,1948.640008,1845.672152,11.41944414,78.57222324,48.4194444,13.07222218,399.9705743,15.16869192,1796.270402,0.842926829,2.054832947,173.5330811,49.94217788,1.033408429,10.89391804,79.38289558,48.07680164
07/02/20 19:40,10.13847313,119.2528736,1943.705365,1823.386992,11.46999989,81.24500008,49.18749943,13.275,401.2401489,15.18616247,1799.481153,1.144390244,2.626340466,173.5330811,49.94002914,1.044492893,10.01872921,67.03495111,36.91632648
07/02/20 19:50,10.52891684,119.2528736,1997.585858,1903.427951,11.5999999,83.09249992,49.29249954,13.20249991,402.082103,15.16416898,1797.712109,0.863414634,1.875449874,173.5330811,49.96104488,1.026547513,9.192245483,69.30487347,43.21000032
07/02/20 20:00,9.872843862,119.2528736,1960.629041,1741.594422,11.70499988,85.0375,49.55249939,13.45000005,403.2038651,15.1625289,1798.996073,0.872195122,1.619630835,173.5330811,50.0089798,1.0906551,9.472014427,65.94676261,40.77801735
07/02/20 20:10,8.604022574,119.2528736,1408.834225,1218.192939,11.53250003,84.90999947,48.66999989,13.71250014,398.5275177,14.95824721,1773.460567,0.863414634,0.05749925,173.5330811,49.96924,1.039119394,9.525126457,69.98721304,35.41734805
07/02/20 20:20,9.400038457,119.2528736,1637.586749,1543.016152,11.43499975,83.68249931,48.20750065,13.51499982,402.4058868,15.08586998,1789.05241,0.752195122,0.631891823,173.5330811,49.95934467,0.982825606,10.22048759,57.79673307,47.19818869
07/02/20 20:30,9.75138936,119.2528736,1853.739301,1690.583531,11.46499987,84.03499908,48.64750061,13.71249995,403.7740997,15.1760864,1797.726637,0.778536585,0.651969907,173.5330811,49.92518044,1.048882606,9.461746216,80.53119564,33.54174023
07/02/20 20:40,9.354337573,119.2528736,1575.065701,1523.821781,11.50999999,84.2125,48.67750072,13.4624999,402.9760345,15.04974706,1782.69837,0.948292683,0.329916186,173.5330811,49.91619949,0.95536801,9.752971649,60.94532442,33.94054673
07/02/20 20:50,8.446167159,119.2528736,1487.812146,1155.682195,11.43749976,82.95249901,48.11000004,13.71999989,401.7944199,15.08868501,1788.862913,0.670243902,0.037499572,173.5330811,49.96958942,1.150453462,9.734075546,67.03003969,34.48083615
07/02/20 21:00,8.823691106,119.2528736,1515.494556,1305.181678,11.41999974,81.66000099,47.65500011,13.67249999,403.2335144,15.13922712,1794.649858,0.658536585,0.041499021,173.5330811,50.02219009,1.050420845,9.12630558,72.8423068,32.09452288
07/02/20 21:10,9.653509188,119.2528736,1611.486292,1649.473859,11.40999975,80.75499992,47.68749981,13.46750002,404.4535004,15.16598739,1798.79571,0.945365854,0.111487169,173.5330811,49.9763895,0.924592115,9.157164574,62.5010807,32.39831667
07/02/20 21:20,8.983811355,119.2528736,1554.218439,1368.589296,11.43999977,80.31999969,47.88000164,13.31499996,404.5771317,15.13401711,1793.533951,0.687804878,0.024499745,173.5330811,49.93676414,1.031927185,8.701230049,55.63697429,33.45096989
07/02/20 21:30,8.564521599,119.2528736,1409.787689,1202.550553,11.41749969,79.58249931,47.69750099,13.54000001,404.71418,15.06790911,1786.795538,0.652682927,0.024499745,173.5330811,49.94869976,1.051954578,8.612708092,47.65599203,29.89523826
07/02/20 21:40,8.953851533,119.2528736,1468.125848,1356.725207,12.65,78.14499969,48.26500053,13.87499986,403.3927307,15.16148651,1797.332382,0.837073171,0.004499999,173.5330811,49.94522419,0.982502026,8.368140221,60.30733085,38.24260716
07/02/20 21:50,8.527786422,119.2528736,1392.558301,1188.003423,13.88250003,77.24749985,48.9425005,13.87500005,402.1302338,15.07820839,1790.128635,0.658536585,0,173.5330811,49.98979492,1.050496655,9.374124527,59.31246643,31.17349858
07/02/20 22:00,8.163386083,119.2528736,1193.349152,1043.700889,14.43500004,75.70999947,48.73000069,14.13250003,401.3956009,14.9200324,1769.940462,0.532682927,0,173.5330811,49.97429485,1.01051606,9.445056915,69.5168931,39.76330929
07/02/20 22:10,8.253080034,119.2528736,1225.498816,1079.219694,14.8724998,73.6849987,48.73500099,14.18749986,402.5641159,14.85417911,1760.535988,0.708292683,0,173.5330811,50.03163433,1.007353192,9.2101717,76.75870023,35.58549929
07/02/20 22:20,7.082231808,119.2528736,874.8637909,672.4654238,15.30750017,71.50749969,48.25250034,14.14749985,402.6886276,13.46107399,1595.950544,0.39804878,0.014999942,173.5330811,50.01029968,1.091580926,9.419078827,73.0754303,32.3331471
07/02/20 22:30,6.18343544,119.2528736,510.1114609,437.5926018,18.43000002,68.06499939,49.69000015,14.2375001,400.3218201,11.60569748,1377.462753,0.222439024,0,173.5330811,50.06269512,0.997381107,7.423400879,69.5769021,25.33860981
07/02/20 22:40,7.083642578,119.2528736,775.9210556,672.9366211,20.43249989,64.77750053,51.69749985,14.19500008,401.945256,13.15677166,1562.320021,0.421463415,0,173.5330811,50.03924065,0.967424993,6.182639599,57.40351191,30.22876017
07/02/20 22:50,7.616460419,119.2528736,949.3071808,850.8977798,19.03750014,62.56000061,52.34000015,13.89249997,403.4254669,13.9834418,1658.90106,0.406829268,0.038499008,173.5330811,50.07487984,0.942579266,7.401758671,62.46633453,31.24925146
07/02/20 23:00,8.489157987,119.2528736,1217.985593,1172.706563,14.24249997,61.58749962,49.9199995,13.76499996,402.711969,14.88527419,1766.505363,0.512195122,0.002,173.5330811,50.02368431,0.929537199,8.774264336,85.01748981,35.60469618
07/02/20 23:10,8.876427341,119.2528736,1334.17319,1326.065227,13.2025001,61.79249973,49.45999966,13.4099998,402.7261368,14.99130405,1777.111908,0.784390244,0,173.5330811,50.01378021,0.911553978,10.74403286,89.07854156,47.32564011
07/02/20 23:20,9.158447409,119.2528736,1528.248657,1441.547912,12.97249999,62.45999985,49.03749924,13.35249987,401.7516159,15.13337459,1791.46883,0.643902439,0.179997354,175.9341578,50.04780979,0.971301589,10.82818604,83.94897718,37.33009176
07/02/20 23:30,9.391852188,119.2528736,1663.386847,1539.577919,12.84500003,64.29750099,49.08749905,13.4099998,400.1585541,15.13753259,1794.153357,0.72,0.60782794,184.508728,50.07141037,1.000197578,11.41393948,94.46528463,50.90466909
07/02/20 23:40,9.622769761,119.2528736,1482.089484,1636.5633,12.78750024,66.24500122,48.9074995,13.57250004,400.493605,14.96272494,1772.688795,0.860487805,0.23794437,184.508728,50.05725975,0.854110462,11.99918461,87.75997844,58.46047672
07/02/20 23:50,9.58542495,119.2528736,1554.327014,1620.878479,12.77105291,67.11052784,48.61842085,13.64736843,401.0770199,15.10139357,1791.457178,0.711219512,0.18578248,184.508728,50.03306319,0.900577751,11.0419035,70.6547327,47.62020531
08/02/20 0:00,9.025020146,119.2528736,1528.704855,1385.508461,12.74500031,68.00249901,48.34249992,13.7999999,399.3124146,15.06951758,1786.610567,0.655609756,0.065499619,184.508728,49.95001926,1.004305826,10.91203022,65.89051485,44.53302441
08/02/20 0:10,9.283001804,119.2528736,1653.440179,1493.860758,12.79500022,69.44999886,48.63000011,14.10499992,399.0634613,15.16094242,1797.492926,0.957073171,0.481376251,184.508728,50.01779499,1.019857266,10.9760561,69.60690489,47.84541435
08/02/20 0:20,9.265478921,119.2528736,1579.892047,1486.501147,12.80750017,70.88000145,48.58250046,14.24250002,399.0895279,15.09739977,1789.984337,0.687804878,0.598795141,184.508728,50.05837975,0.978554736,10.78746033,87.10669417,43.75722294
08/02/20 0:30,9.778880358,119.2528736,1764.128156,1702.12975,12.84499993,72.02750206,48.69000092,14.17750001,398.1552963,15.14792351,1794.59194,0.737560976,1.017452167,184.508728,50.02065506,0.994318378,11.35771751,95.57185678,48.29067068
08/02/20 0:40,9.256847143,119.2528736,1689.906152,1482.8758,12.89749966,74.03750038,49.06999912,14.48250003,398.1834976,15.13195986,1795.142349,1.021463415,0.920590093,184.508728,50.0569355,1.048849318,12.34999275,100.6538754,46.21864977
08/02/20 0:50,9.229467487,119.2528736,1623.034119,1471.376345,12.91999969,75.82499962,49.12249928,14.69749994,399.0075821,15.11462,1791.46475,0.728780488,0.72683413,184.508728,50.01361485,1.013963456,12.72874451,79.34600835,38.99210992
08/02/20 1:00,9.330725956,119.2528736,1795.467859,1513.904902,13.07000027,77.19250107,49.13249874,14.99249992,398.9234589,15.15606688,1796.360945,0.76097561,1.550367148,184.508728,50.00052013,1.095078954,12.06210995,110.5458869,41.70001864
08/02/20 1:10,9.267409301,119.2528736,1832.346796,1487.311906,13.14750004,79.07999916,49.46000023,15.06750002,399.0661301,15.1434449,1794.756294,1.077073171,1.500199022,184.8918918,49.98179951,1.134399356,12.4644556,88.97688336,54.1784667
08/02/20 1:20,9.869316936,119.2528736,1881.807465,1740.113113,13.26000009,81.04249992,49.52000008,15.2025002,399.3972153,15.17895985,1799.84103,0.831219512,1.935299594,194.3868103,49.94430981,1.047321256,12.26667023,107.0256326,46.50136757
08/02/20 1:30,10.50762558,119.2528736,1911.802753,1899.063244,13.45500002,83.07000084,49.70749989,15.41999989,399.2119843,15.153446,1796.554848,0.831219512,2.675842857,194.3868103,49.9338398,0.983489804,12.9597435,110.10549,38.46635804
08/02/20 1:40,10.4046407,119.2528736,1964.15946,1877.951343,13.55750022,85.25500031,49.90750008,15.37999997,400.2908875,15.19289508,1801.743793,1.129756098,1.989609041,194.3868103,50.0062746,1.02221605,12.72423744,102.4224404,51.91343074
08/02/20 1:50,10.76341696,119.2528736,1943.98493,1951.500476,13.69500041,87.38249969,50.05999908,15.71750002,400.512854,15.15844318,1796.3848,0.854634146,2.872801987,194.3868103,50.02261944,0.98765725,12.82721138,110.9984427,49.70522318
08/02/20 2:00,10.06589375,119.2528736,1905.391266,1808.508218,13.6800005,88.71000023,50.06249905,15.89750009,399.7261978,15.17640495,1797.882294,0.813658537,1.91030011,194.3868103,49.98501415,1.033072012,12.51896095,90.12897978,50.27711754
08/02/20 2:10,10.1450628,119.2528736,1972.623944,1824.737875,13.73000026,90.17500038,50.29499912,16.21749997,400.3135834,15.16723837,1797.807272,1.16195122,3.202292624,194.3868103,50.00790958,1.059179502,13.04662228,109.839356,51.59116383
08/02/20 2:20,8.886343744,119.2528736,1439.044969,1329.992123,13.75555579,90.67222129,49.54166688,16.26388894,401.9530758,14.49624807,1718.539505,0.623414634,0.678248086,214.4317193,50.04138947,0.980576245,12.45990086,110.7459062,48.21498283
08/02/20 2:30,10.9645786,119.2528736,1989.477216,1992.738614,13.82250004,89.86249886,49.82999973,16.63999996,401.7580368,15.1911689,1800.781471,0.845853659,3.794246777,225.6602218,50.04961033,1.001018179,13.47300816,93.84051399,53.67053699
08/02/20 2:40,9.50486083,119.2528736,1827.035413,1587.041549,13.84250002,91.04499969,50.08749866,16.4275001,401.5343002,15.15992796,1796.771547,1.085853659,0.563973198,228.4113159,50.05369511,1.071064138,10.90732193,86.30644169,45.05308042
08/02/20 2:50,9.477109885,119.2528736,1716.325641,1575.386152,13.83250003,90.85999985,49.84500027,16.4499999,402.0661194,15.14911795,1794.909033,0.743414634,0.298481839,228.4113159,50.06468506,1.012099364,10.39911175,85.25695791,36.78629198
08/02/20 3:00,9.945780516,119.2528736,1783.361336,1772.227817,13.80000019,90.24062443,49.76562524,16.38750017,400.822752,15.18246744,1799.769795,0.76097561,0.451864071,228.4113159,49.92896843,0.982099193,10.18587112,83.03092486,50.70135415
08/02/20 3:10,9.322692578,119.2528736,1649.580951,1510.530883,13.61923115,89.59615385,49.64615396,16.22307689,401.773799,15.18264784,1799.839431,0.948292683,0.304548876,228.4113159,50.01733046,1.007997762,10.41977119,76.09437219,52.32980235
08/02/20 3:20,8.999240674,119.2528736,1606.936218,1374.699307,13.57894767,88.69210534,49.58157851,15.94210509,401.273317,15.08815151,1789.373239,0.76097561,0.193645256,228.4113159,50.01778854,1.062620236,10.43916988,83.12004557,35.37524762
08/02/20 3:30,9.42123673,119.2528736,1731.259778,1551.919426,13.5,87.97749977,49.35749989,15.96500006,401.2945496,15.07863964,1788.606783,0.699512195,0.810861936,228.4113159,49.98062458,1.033991985,10.08023453,76.69872017,43.41929684
08/02/20 3:40,9.459883857,119.2528736,1824.00766,1568.15122,13.33500013,88.38000031,49.6675005,15.81999989,401.7528564,15.13211082,1794.331839,1.100487805,0.897710868,228.4113159,49.99729519,1.079811641,11.77981567,94.30682116,38.72303214
08/02/20 3:50,9.515812635,119.2528736,1730.338867,1591.641307,13.2750001,88.59500046,49.62250042,15.74249997,402.0042191,15.1609405,1796.107927,0.766829268,0.776341946,228.4113159,50.05328999,1.012754718,11.33118248,86.52365246,48.31163867
08/02/20 4:00,9.667727971,119.2528736,1713.154889,1655.445748,13.21999998,88.82000046,49.65,15.63999996,401.5957855,15.15702072,1797.333784,0.772682927,0.411910976,228.4113159,49.98484516,0.980927179,10.51069546,74.8155062,37.63551555
08/02/20 4:10,9.011896372,119.2528736,1453.411017,1379.996476,13.14000015,87.79749908,49.21999989,15.74250007,401.9549835,14.94120616,1770.409355,0.851707317,0.353440426,228.4113159,49.96673489,0.958013174,10.23312569,99.30059481,42.20528274
08/02/20 4:20,8.861521649,119.2528736,1432.00509,1320.162573,12.92749977,85.5,48.39500065,15.65999994,402.7311874,15.0562351,1783.86133,0.626341463,0.153986572,228.4113159,50.02282467,0.982356313,11.24484348,88.82192421,41.30303903
08/02/20 4:30,8.507404828,119.2528736,1262.934726,1179.932312,12.75000014,83.89500046,48.20750046,15.35750012,402.6250031,14.94002089,1772.228456,0.608780488,0.0005,228.4113159,49.91201992,0.958547035,11.93209648,115.4644728,41.93104088
08/02/20 4:40,7.239251995,119.2528736,837.0399963,724.9101664,12.92500019,80.65250092,46.59999981,15.23000021,402.0973511,13.47269247,1596.080183,0.532682927,0,244.7550769,49.89214535,0.966180276,13.03303909,117.9650509,42.73510609
08/02/20 4:50,6.279088044,119.2528736,577.2657104,461.8883632,15.27749996,76.55750008,47.34500027,15.62750006,402.5613342,12.02298157,1426.30442,0.248780488,0,245.9723511,49.96672497,1.076943788,11.81487846,114.9486839,32.98264394
08/02/20 5:00,5.629808974,119.2528736,421.5608772,322.1444692,17.95499992,72.20500069,49.41749973,15.4849998,402.3800049,10.93324019,1296.57209,0.213658537,0,245.9723511,49.94413986,1.141049754,9.792762756,147.3661422,37.94644365
08/02/20 5:10,5.844521403,119.2528736,484.001947,362.080981,19.05749998,68.26750031,50.36499977,15.12000003,401.95672,11.39377972,1351.343508,0.263414634,0,245.9723511,49.94036942,1.140220963,9.120708466,118.0495335,50.58027005
08/02/20 5:20,4.958440471,119.2528736,289.7786583,200.3868922,19.8250001,64.80000076,50.96000004,14.91750002,401.9699844,9.982116669,1184.633938,0.128780488,0.048999571,245.9723511,49.9227047,1.207205502,9.328536034,175.292929,39.80849533
08/02/20 5:30,4.504253185,119.2528736,231.4617939,149.9721035,20.06500025,61.51749973,51.13499966,14.6874999,402.0990509,9.800021634,1163.832012,0.117073171,0.220998832,245.9723511,49.91722507,1.367710175,8.010766983,145.3788252,48.05934451
08/02/20 5:40,5.739234865,119.2528736,305.7755772,342.4976848,20.29999971,58.54750023,51.30000038,14.27499981,402.1285538,10.1133927,1201.839226,0.16097561,0.050499527,245.9723511,49.91088943,0.769254678,7.703936577,123.0153545,44.14030938
08/02/20 5:50,5.840753186,119.2528736,354.5613365,361.3800925,20.79999981,56.00500011,51.80999985,14.06000013,402.2420395,10.45492883,1241.270388,0.15804878,0.024499745,245.9723511,49.95888481,0.837187117,6.928992748,100.3226302,38.25787582
08/02/20 6:00,4.804111803,119.2528736,218.2072681,183.2564101,21.09750032,53.85000057,51.89000072,13.90999999,401.2925491,9.555452451,1135.407766,0.102439024,0.073499468,245.9723511,49.91507931,1.010307563,6.790583611,110.8830845,29.54608507
08/02/20 6:10,5.201646245,119.2528736,281.7356804,242.5062015,20.99499998,51.69749966,51.79749928,13.41999993,400.5717834,9.759389162,1159.610304,0.15804878,0,245.9723511,49.89591999,0.996662209,5.450131416,45.46953874,17.761766
08/02/20 6:20,4.425362575,119.2528736,170.026973,141.2152458,20.89249954,49.7274992,51.59750004,13.27249999,399.9613846,9.212192327,1094.365528,0.076097561,0.294494746,240.5492592,49.96718006,1.060461404,3.819175005,64.64821157,24.15350304
08/02/20 6:30,3.820094979,119.2528736,152.6466169,80.68702843,20.05000019,48.17749939,51.71750031,13.02749987,398.8656448,9.332456455,1108.589693,0.061463415,0.519996669,214.1429749,49.95262012,1.575477519,3.519787312,72.49570723,32.34018698
08/02/20 6:40,5.514455628,119.2528736,276.2226899,300.6887469,15.33750014,46.61749973,52.76499996,12.38500009,398.4357605,9.453939113,1117.163572,0.163902439,3.932515506,214.1429749,50.02598972,NaN,4.124530315,49.27731586,20.99643896
08/02/20 6:50,3.973519611,119.2528736,7.394865179,92.04045124,13.9400001,45.35749989,51.6300005,12.07999988,401.2580856,3.586118734,428.263753,0.002926829,47.61715721,214.1429749,49.88081551,NaN,4.022843361,53.16471145,20.27109554
08/02/20 7:00,4.506517875,119.2528736,109.496022,150.2234841,16.44750004,44.09749985,51.52250004,12.01999979,401.9216873,9.376281202,1113.608173,0.03804878,0.84049898,213.6961839,49.9491497,0.645666115,4.206225872,61.88430696,20.75941324
08/02/20 7:10,4.65884167,119.2528736,189.1590363,167.1314253,18.40250006,43.10249977,51.67500038,12.00499997,401.3011658,9.325964615,1107.778925,0.105365854,0.146999501,186.8410082,49.93491955,0.978408388,3.895190239,82.12899823,21.65845482
08/02/20 7:20,4.238827968,119.2528736,148.9049759,120.5099044,19.36750011,42.04750042,51.82499981,11.61499991,401.0381653,9.432537451,1120.91185,0.073170732,0.518498296,186.7038574,49.8935648,1.065532125,4.041604042,96.12724843,29.20279613
08/02/20 7:30,3.512180269,119.2528736,71.65043201,57.90133989,20.00499992,41.23999996,51.83999996,11.72500005,401.0329681,9.383487359,1114.68314,0.035121951,1.202001405,188.5842939,49.99425488,1.043749183,4.202643394,91.6630415,24.51422065
08/02/20 7:40,4.54433849,119.2528736,266.6898948,154.4215724,20.30263168,40.50526288,52.12894761,11.82368414,399.6777729,9.946873784,1180.981967,0.125853659,0.181576115,214.1429749,49.99089512,1.519753204,4.517307758,97.22818397,38.56562589
08/02/20 7:50,6.514200711,119.2528736,576.6809494,521.6069807,21.08999996,40.31000061,53.50499954,11.48000002,398.23461,11.97915874,1423.174358,0.237073171,0,214.1429749,49.89720421,0.964781312,5.119374275,70.01651468,25.34705539
08/02/20 8:00,6.893284059,119.2528736,637.418959,617.8941509,21.70000038,40.2725008,54.93750038,11.23000007,398.3173798,12.41057785,1473.45857,0.295609756,0,227.3008271,49.99004021,0.872938474,5.704724312,43.00915325,18.58076077
08/02/20 8:10,7.412217402,119.2528736,782.9215454,782.6806124,21.74250002,40.46499996,55.78000031,10.96999989,399.5562332,13.2354809,1569.669228,0.427317073,0,230.6064453,50.00061989,0.834847613,5.201773643,57.30328565,27.59764132
08/02/20 8:20,8.436459041,119.2528736,1221.427417,1151.83778,17.64000006,41.48250008,53.47249985,10.9275001,401.6301147,14.83069499,1757.845894,0.515121951,0,230.6064453,49.91173954,0.947295257,6.211394787,56.51799746,36.81941218
08/02/20 8:30,8.227593756,119.2528736,1125.636279,1069.127127,13.59750009,43.93499928,51.86999969,10.54249992,400.162851,14.42863114,1710.755796,0.556097561,0,230.6064453,49.98617001,0.933029864,9.901734352,98.28061004,51.72010031
08/02/20 8:40,6.513495278,119.2528736,713.4746735,521.4278007,12.40749989,45.05249977,50.19500027,10.69749994,399.3528641,12.49106652,1483.942274,0.436097561,0,242.0632602,49.94776955,1.194128271,13.67395115,120.1273961,49.21506004
08/02/20 8:50,6.179048602,119.2528736,483.4420492,436.4783449,14.66666673,44.73000005,52.12333399,11.08666681,399.5789551,11.35886574,1348.285248,0.207804878,0,252.5577393,49.95652618,0.947323748,10.75212765,103.8632904,32.59727262
08/02/20 9:00,7.048684657,119.2528736,685.1425953,661.2606753,18.52812505,44.19687462,53.45624995,11.09375006,399.4512653,12.60014484,1496.923656,0.292682927,0,238.1934736,49.95772505,0.86990685,7.964465618,107.8076164,45.56353593
08/02/20 9:10,7.192992311,119.2528736,818.9465027,709.4594318,19.58947362,44.34999988,54.58947332,11.22894739,398.490925,13.27236626,1575.08989,0.462439024,0,233.8991394,49.9143735,0.966620268,8.708821297,95.25595314,38.35169586
08/02/20 9:20,7.18228364,119.2528736,724.2734192,705.8827357,18.59249983,44.29000034,52.88499985,10.97000008,399.5323181,12.85126457,1525.153416,0.298536585,0,241.6369677,49.95098991,0.859363355,9.363325119,103.0061752,40.956777
08/02/20 9:30,7.302420235,119.2528736,736.6882034,746.0083584,21.10750017,44.41250019,55.36500015,11.47999983,399.3513458,12.88677268,1529.264168,0.336585366,0,245.9723511,49.99353466,0.825478352,9.925415993,117.691708,38.70613513
08/02/20 9:40,7.326978374,119.2528736,732.3372375,754.2107768,18.75999994,44.2625,53.24750004,11.29999986,398.9087982,12.92709683,1535.560913,0.427317073,0,241.1527963,49.92243443,0.811378138,9.839553833,73.57704487,31.38071568
08/02/20 9:50,7.240829897,119.2528736,840.5853241,725.4371856,20.49500008,44.43750019,55.17250061,11.24250002,399.2687317,13.54581423,1606.088299,0.368780488,0,233.6784073,49.98021469,0.969542997,8.860862732,70.99566154,34.10602865
08/02/20 10:00,7.019063497,119.2528736,700.9441162,651.3672079,18.71000004,44.45749969,52.9625,11.0749999,400.4329346,12.79449758,1518.844168,0.313170732,0,235.2185675,50.03080482,0.904016772,7.050424099,71.21217241,20.38876394
08/02/20 10:10,6.17051599,119.2528736,557.8072296,434.3110615,21.43750029,44.10499878,55.07250099,11.42250028,400.9526169,11.87187852,1408.921652,0.348292683,0,229.5088806,50.09463997,1.097760164,6.384237289,52.92555366,23.40442214
08/02/20 10:20,6.425119257,119.2528736,511.2953842,498.9802913,22.40000019,43.56499939,55.95250034,11.33500004,400.7362335,11.57810766,1375.016899,0.231219512,0,229.5088806,50.03587456,0.891481269,5.8496418,73.92036276,25.26979072
08/02/20 10:30,6.333699012,119.2528736,527.3824768,475.759549,22.87499981,43.06999893,56.5574995,11.23999996,401.3804642,11.67277001,1384.912714,0.245853659,0,229.5088806,50.07579441,0.958789018,5.75040102,56.17002225,23.2196279
08/02/20 10:40,5.876411748,119.2528736,442.8222168,368.0125851,23.21499996,42.52500038,56.87000046,11.52500005,401.6703369,11.10521467,1318.627682,0.251707317,0,229.5088806,50.06555004,1.023501177,5.586914063,71.21326742,24.14887276
08/02/20 10:50,5.072507012,119.2528736,306.2962845,218.4863042,23.38499956,41.88999958,56.90999966,11.50250006,401.420166,10.02896959,1190.805777,0.137560976,0.023499775,229.5088806,50.07034054,1.180232638,5.767405987,87.7608758,32.31728516
08/02/20 11:00,5.148761821,119.2528736,233.4139729,232.6696987,19.80749979,41.23999996,56.81000004,11.56750002,401.0575668,9.785536364,1162.198013,0.117073171,0.270994908,229.5088806,49.98373528,0.854382929,5.561098099,85.43944983,28.35371444
08/02/20 11:10,5.404385865,119.2528736,277.1797749,280.2157708,15.02500005,40.63249989,56.9824995,11.61000004,400.8157516,9.982061729,1185.526114,0.143414634,0.196997487,229.5088806,49.90996475,0.868808226,5.837860107,117.416622,31.37622595
08/02/20 11:20,5.836038315,119.2528736,406.1492378,360.5031266,16.41750007,40.22999992,57.54249992,11.73000011,401.5817337,10.81639065,1283.678856,0.187317073,0.024499745,229.5088806,49.95623932,0.961740163,6.260641098,86.67527056,31.82359036
08/02/20 11:30,5.175881636,119.2528736,293.2476589,237.7139843,19.66750002,39.89999981,57.33499908,11.67500005,401.6554337,10.10850674,1200.937426,0.146341463,0.123496655,215.6346782,49.93919506,1.054623511,6.622475624,112.8714714,32.74157448
08/02/20 11:40,5.214825654,119.2528736,338.7180794,244.9575716,20.88000002,39.41500053,57.29999886,11.82250004,401.3211868,10.31882827,1226.083025,0.181463415,0,211.9478455,49.91231003,1.188307134,5.75903511,96.82359152,33.63172078
08/02/20 11:50,5.269882095,119.2528736,384.6302414,255.1980696,21.7499999,39.30250092,57.71250038,12.2099999,401.330452,10.65596558,1265.585878,0.163902439,0,211.9478455,50.05617504,1.304205978,6.468680382,94.28863182,31.1374023
08/02/20 12:00,5.865868247,119.2528736,439.4129257,366.0514939,22.30250015,39.17250061,58.11999893,12.09999995,402.8609863,11.07864681,1315.927849,0.204878049,0,211.9478455,49.98843498,1.022004534,6.900969505,102.6558159,30.24195309
08/02/20 12:10,5.723066974,119.2528736,454.2638504,339.4904571,22.81499987,39.12999973,58.56749992,12.22249985,404.4196487,11.13750467,1322.299479,0.257560976,0,213.7562045,50.05962963,1.154853096,7.313313007,102.8332028,32.59904966
08/02/20 12:20,5.736413372,119.2528736,389.4661545,341.9728871,23.12750015,39.07499962,58.73500023,12.2625,403.7163025,10.68561079,1269.252314,0.16097561,0,214.1429749,50.06722565,0.981584943,7.515028,84.04780226,35.95968769
08/02/20 12:30,6.714118814,119.2528736,784.6400513,572.3861789,21.70500011,39.53000088,57.96999989,12.33250012,399.8401825,12.99935049,1541.660345,0.345365854,0,218.4244679,50.04906521,1.175329287,6.9140625,108.1363026,34.64202313
08/02/20 12:40,7.00059396,119.2528736,757.9302933,645.1983827,21.16999989,40.39500008,56.66749992,12.94249992,400.6909485,12.71437432,1509.617449,0.421463415,0.0015,220.728363,50.02826519,0.987228533,8.815294266,103.6749875,39.91767654
08/02/20 12:50,7.6009794,119.2528736,1120.092317,845.7271195,20.5500001,41.8074995,57.58249969,12.83250008,400.3436813,13.57723407,1609.060661,0.506341463,0.366479101,219.3594008,50.01392498,1.117029321,8.538789749,96.30208116,36.92275357
08/02/20 13:00,7.988267326,119.2528736,1167.405005,975.081287,15.33500004,44.51749992,54.17999992,13.05999994,399.5356812,14.02331744,1663.539642,0.541463415,0.296863944,225.1334748,50.00171452,1.049156067,9.525550842,100.8467261,41.43413911
08/02/20 13:10,8.925321078,119.2528736,1570.008319,1345.427147,14.49249988,46.83999958,55.52000008,13.21750002,400.4044189,14.97404046,1776.038795,0.80195122,0.598423802,218.5332336,50.02951431,1.058685401,10.3349371,70.45952625,41.69595022
08/02/20 13:20,8.407909727,119.2528736,1418.737173,1140.532252,13.79500012,50.65999928,53.69999981,13.16000004,401.0369049,14.70377652,1742.688,0.673170732,0.260973314,218.5332336,49.99712486,1.110083525,10.58152485,107.1037431,44.70434556
08/02/20 13:30,8.7564394,119.2528736,1411.085736,1278.550002,13.425,53.38249893,52.32750034,13.50999994,399.5031326,14.56477833,1729.016121,0.608780488,0.224494067,218.5332336,50.00065041,0.996438717,11.42601967,100.3690237,43.59536102
08/02/20 13:40,9.600012183,119.2528736,1760.352325,1627.005117,13.38500009,56.68750019,52.01999989,13.81749992,399.6882477,15.05848391,1785.452499,0.927804878,1.008052326,220.067612,50.05248508,1.017801771,11.20075226,72.84679689,36.07133875
08/02/20 13:50,10.69837384,119.2528736,1959.65481,1938.166638,13.57250028,60.73749981,51.88249989,14.06499982,399.6561508,15.1132789,1792.260921,0.834146341,3.234391209,225.4515758,50.04322987,0.998764481,10.67990875,92.4298625,51.45034881
08/02/20 14:00,9.548426986,119.2528736,1784.983932,1605.339334,13.58500032,65.19250069,51.77000008,14.36499996,399.5592987,15.01262802,1781.028053,0.796097561,2.045986692,217.8141119,49.95941467,1.039783922,12.46641159,93.89678764,50.89506974
08/02/20 14:10,10.68666089,119.2528736,1775.40542,1935.765482,13.66250024,68.17999916,51.30250034,14.67249994,399.8703659,15.03571326,1783.530247,1.044878049,4.390566569,220.3195914,49.94574947,0.905374481,11.49979019,98.89749613,58.03446035
08/02/20 14:20,9.444588327,119.2528736,1559.950702,1561.727098,13.73250027,71.65250015,51.11749992,15.13500018,400.0101959,14.58930387,1729.133892,0.699512195,3.041195229,219.6307983,49.96404991,0.926713332,12.95236874,111.1175579,53.55260098
08/02/20 14:30,7.812647581,119.2528736,1155.027025,916.4242921,13.52000008,71.59250069,49.69749985,15.51999998,400.3886673,14.15038848,1676.550613,0.52097561,0.319972974,217.9238946,49.99754963,1.086733278,12.12170982,94.66032276,47.13180943
08/02/20 14:40,8.899983144,119.2528736,1495.067697,1335.393325,13.48499999,71.43249817,49.43250027,15.56499987,400.0087662,14.83073388,1758.446646,0.813658537,1.166517739,206.8482384,49.95480003,1.015016382,13.30051327,107.1505313,52.94581962
08/02/20 14:50,6.923893619,119.2528736,855.6139114,625.6689791,13.49000001,71.20250015,48.46999989,15.81999993,399.7997818,13.41630596,1593.060459,0.406829268,0,210.8502808,49.98295479,1.154837684,13.71646786,108.2762178,38.32981238
08/02/20 15:00,10.31958754,119.2528736,1675.556213,1860.515446,14.85999994,70.30749969,48.62250023,16.03000021,399.3697342,15.03716491,1783.355289,0.658536585,2.378059982,217.5742615,49.93598003,0.880889292,11.69366837,126.6490578,49.78190269
08/02/20 15:10,8.852426171,119.2528736,1542.202704,1316.560764,15.94000015,72.04749947,49.63249989,16.21250005,399.2747147,14.93003547,1768.520863,0.930731707,0.726057258,209.6566942,49.98861961,1.060571386,13.46130562,121.5035521,61.91627426
08/02/20 15:20,7.712595701,119.2528736,1018.617984,883.0069642,14.47000003,71.84249992,48.65750046,16.11499991,398.6715942,13.94154029,1654.013283,0.43902439,0,209.7527161,50.01025982,0.984710061,14.0871954,130.9479206,44.41536765
08/02/20 15:30,8.038404727,119.2528736,1111.972473,994.2082719,13.66500025,70.89250069,48.10750008,16.07249994,398.5900986,14.41487248,1709.41468,0.523902439,0.075498238,209.7527161,49.98333988,0.982921886,12.72988129,97.6671751,41.15245833
08/02/20 15:40,7.299413037,119.2528736,919.1075958,745.0039545,14.89749999,69.26499863,47.71999989,16.16249995,397.7948105,13.71536444,1627.483646,0.535609756,0,209.7527161,49.96567478,1.031319846,14.67898464,130.8881684,48.15485678
08/02/20 15:50,7.038479888,119.2528736,931.8825012,657.8522827,18.71000013,67.48750038,51.20000038,16.61250019,398.517984,13.9874977,1658.25701,0.430243902,0,209.7527161,50.04321995,1.189553687,12.51943874,102.9198421,41.66776924
08/02/20 16:00,8.269043708,119.2528736,1264.112231,1085.541308,18.40749989,66.62000046,51.425,16.40499969,398.4169968,14.59923349,1728.053741,0.553170732,0.148974835,209.7527161,49.98523979,1.03370599,13.84147358,127.1633593,45.71170025
08/02/20 16:10,8.650577426,119.2528736,1276.406985,1236.628661,17.21500053,66.29000053,50.06999931,16.29499984,397.6432388,14.80186419,1755.792,0.699512195,0.21295822,209.7527161,50.00918961,0.928819798,14.41640186,127.2627738,40.33486562
08/02/20 16:20,8.865921044,119.2528736,1374.697189,1321.904734,15.45000019,66.64249992,49.86249981,15.80499997,397.1235046,14.70720336,1741.077747,0.591219512,0.341923413,206.9594971,50.00404434,0.941917807,15.13957119,125.0540915,57.28947592
08/02/20 16:30,9.634946799,119.2528736,1505.004224,1641.677656,14.12999983,67.53499947,49.57500019,15.4750001,399.2686157,14.98286453,1774.522591,0.646829268,0.353472977,200.1259551,50.02047958,0.86579945,13.82613754,107.1410158,46.33554742
08/02/20 16:40,9.800412822,119.2528736,1661.112912,1711.173385,13.80250001,69.01249847,49.54500008,15.1474999,400.1428848,15.11928275,1791.046938,0.968780488,0.728789588,198.3881164,50.02448959,0.933428154,13.4900341,110.3130446,50.40294099
08/02/20 16:50,10.23895192,119.2528736,1927.919684,1843.985144,13.5,71.3125,49.73249969,14.90749993,399.3723007,15.21381918,1803.592981,0.807804878,2.45774581,194.3868103,50.05688,1.023436267,13.41712666,98.21922741,31.60892754
08/02/20 17:00,10.16490614,119.2528736,1904.327393,1828.80576,13.35500011,74.82749901,50.01999931,15.01750002,398.5204468,15.1351866,1793.255075,0.848780488,2.385365119,194.3868103,50.11124039,1.020035456,12.71169281,102.4741112,53.46051145
08/02/20 17:10,9.853798771,119.2528736,1824.219458,1733.595484,13.26500006,77.42750053,49.95999928,14.99750009,398.3440506,15.13785352,1793.322905,1.053658537,1.090281084,194.3868103,49.99973545,1.017463965,12.38327885,102.5029057,47.392272
08/02/20 17:20,9.884018302,119.2528736,1763.669305,1746.287687,13.21999989,78.84999924,49.70750008,14.9749999,402.0129684,15.09711492,1790.24719,0.743414634,1.77552823,194.3868103,49.95711441,0.979570861,12.29379082,75.3486969,40.98964391
08/02/20 17:30,10.46144216,119.2528736,2015.191913,1889.595643,13.20249987,80.91999931,50.05749912,14.87750015,401.337851,15.17158091,1798.025871,0.87804878,4.391255038,194.3868103,49.99260464,1.041767736,12.17475414,99.61051025,45.87075682
08/02/20 17:40,10.45915897,119.2528736,1848.04386,1889.127589,13.19499984,83.39250031,50.13749866,15.01500001,401.2952545,15.12012434,1793.251293,1.126829268,2.374032944,194.3868103,50.02982483,0.955616014,12.78798485,95.3729744,54.48111343
08/02/20 17:50,10.87896843,119.2528736,1903.633789,1975.188528,13.17749991,85.10750008,50.07999878,14.95,401.6236023,15.15153895,1796.602289,0.822439024,2.457208852,194.3868103,50.0448101,0.961774497,11.93279076,105.7774907,53.37381248
08/02/20 18:00,10.90892828,119.2528736,2001.626819,1981.330296,13.15000005,87.05500183,50.24499874,14.95499988,402.2088196,15.13727282,1793.67639,0.875121951,4.61886363,194.3868103,49.9889698,1.009826595,13.51828671,96.39472771,62.85573549
08/02/20 18:10,10.76518035,119.2528736,1981.405963,1951.861972,13.17999988,89.15250092,50.37749996,14.89500008,402.5655853,15.18896449,1801.43755,1.164878049,4.79991654,194.3868103,49.95924015,1.006583348,13.39871693,126.3259795,49.88050232
08/02/20 18:20,10.84275303,119.2528736,1982.135236,1967.764371,13.12750015,90.8575016,50.37500038,15.07999997,403.0536987,15.20507044,1798.926361,0.869268293,4.140674081,194.3868103,49.96066971,1.003185487,13.10988903,129.5024117,50.71513243
08/02/20 18:30,10.03355796,119.2528736,1745.332275,1801.879382,13.03000002,91.46000061,50.18249893,15.20499988,403.0722504,15.14661849,1795.69582,0.781463415,1.850805529,194.3868103,49.95098972,0.95008072,13.23749638,96.30244064,56.56708632
08/02/20 18:40,10.86080536,119.2528736,1876.362774,1971.465099,12.97368411,91.88947336,50.21315645,15.10263152,403.1896137,15.17538758,1798.227635,1.115121951,2.729785288,194.3868103,49.95292101,0.948826285,13.80575657,130.1829038,66.46762607
08/02/20 18:50,10.58898511,119.2528736,1995.552545,1915.741947,12.92499971,92.82250023,50.29749889,15.14749999,403.026767,15.14970714,1795.278408,0.869268293,3.187344771,194.3868103,50.03968067,1.022494012,13.93183899,95.3373013,56.65993338
08/02/20 19:00,11.05215654,119.2528736,2007.957196,2002.086262,12.84500003,94.21999969,50.37500076,14.92750001,399.3393814,15.18029863,1801.989618,0.883902439,5.263647845,194.3868103,49.91798992,1.006892631,13.76183987,104.5130413,49.9320612
08/02/20 19:10,10.66943507,119.2528736,2049.535498,1932.23419,12.86749988,95.64499893,50.47000046,15.05500011,400.0252533,15.18243197,1799.8316,1.188292683,4.655252253,194.3868103,49.96443958,1.046043996,14.10250187,112.9849731,56.68609262
08/02/20 19:20,11.49316459,119.2528736,2009.550861,2019.726583,12.93749986,96.94749985,50.51749992,15.08749981,399.9446823,15.17957112,1799.480364,0.87804878,5.276893204,194.3868103,50.03934498,0.993446764,13.74803352,116.7237314,59.63414192
08/02/20 19:30,11.11406252,119.2528736,2014.635449,2004.562501,12.90249982,97.93250008,50.52749996,15.10499978,400.8914185,15.20463976,1798.581905,0.875121951,5.067916167,194.3868103,50.07143993,1.008212102,13.52997303,96.04060459,66.26571751
08/02/20 19:40,11.61684618,119.2528736,1990.353815,2024.673847,12.95499983,98.58750114,50.63500004,15.2025001,401.7073486,15.09305231,1787.9786,1.179512195,5.889891203,194.3868103,50.0827301,0.982309053,13.52662754,87.98434687,54.11405473
08/02/20 19:50,11.56509411,119.2528736,2013.001746,2022.603765,13.01500006,99.39499969,50.55500011,15.25499992,401.5903656,15.13351965,1795.414021,0.886829268,4.921305202,194.3868103,50.08960991,0.994127477,13.24111366,126.8140633,65.60173435
08/02/20 20:00,10.9764957,119.2528736,1930.463599,1995.181617,12.95250001,100.1725002,50.67000046,15.35750008,400.2563385,15.15715049,1798.797901,0.883902439,4.943077482,194.3868103,49.97160378,0.970770252,14.20072079,102.7535448,57.30774906
08/02/20 20:10,11.10918052,119.2528736,2020.031055,2004.367221,12.89499965,100.5149994,50.55500011,15.41499996,401.4639145,15.19917548,1800.283997,1.153170732,5.178475148,194.3868103,50.02949486,1.01107247,14.25230503,112.3281195,58.83788099
08/02/20 20:20,10.87031837,119.2528736,2033.568427,1973.415265,12.89499989,100.9699993,50.6875,15.3400002,402.6819351,15.15151137,1796.705011,0.886829268,6.323521148,194.3868103,50.08987904,1.027849659,14.27438164,108.2234787,55.85446358
08/02/20 20:30,12.3548172,119.2528736,2060.658618,2043.548172,12.88999968,101.6024994,50.75249996,15.36750021,403.5136642,15.17246032,1798.989927,0.898536585,6.814980253,194.3868103,50.03639469,1.010320035,13.9633379,102.8344635,57.34462795
08/02/20 20:40,9.881698084,119.2528736,1782.019611,1745.313195,12.81000013,101.6449997,50.54500046,15.54499989,404.1005829,15.11799534,1791.928465,1.085853659,1.639954638,199.1651593,50.07715034,0.990081388,13.22098351,111.2935667,53.52955637
08/02/20 20:50,10.60238719,119.2528736,1904.757947,1918.489374,12.75000029,100.7899998,50.36499977,15.6374999,400.334819,15.13499393,1795.355621,0.857560976,3.140671529,202.0697632,50.03272476,0.975333672,14.65677357,148.0181982,66.66536255
08/02/20 21:00,11.32333608,119.2528736,1979.833594,2012.933443,12.82000008,100.7675003,50.41500072,15.57249999,399.9588989,15.15957892,1795.535454,0.845853659,4.492826262,205.417521,49.93803463,0.984112936,16.16544342,143.0171246,60.3572073
08/02/20 21:10,12.36072001,119.2528736,2026.367328,2043.6072,12.92999973,101.475,50.51500015,15.71499987,400.4559723,15.22758168,1803.407845,1.188292683,7.687083678,202.8380641,50.01180935,0.993477058,16.65199471,134.3333438,72.61195998
08/02/20 21:20,13.5122632,119.2528736,2069.774512,2050,13.05000014,102.2100018,50.71249981,15.93749986,401.0370056,15.26675785,1803.695801,0.895609756,10.26278135,202.0697632,50.04930992,1.009792401,17.23171234,139.206881,78.57017779
08/02/20 21:30,14.07088691,119.2528736,2061.53824,2050,13.23947364,102.9131574,50.78421041,15.85263152,401.1633349,15.20552314,1801.373303,0.895609756,10.50364608,202.0697632,49.95951,1.005630373,17.69726753,123.2012951,80.5691962
08/02/20 21:40,13.75500503,119.2528736,2050.176782,2050,13.34500012,103.5300003,50.85249977,16.125,400.7167984,15.23482051,1804.718943,1.194146341,10.86654919,202.0697632,49.91047935,1.000105601,18.4081192,154.6020868,83.88377733
08/02/20 21:50,15.03839769,119.2528736,2051.277972,2050,13.53500013,104.0575005,50.99249992,16.15249982,399.7746323,15.15156032,1795.357504,0.892682927,12.84434219,202.0697632,49.95002995,1.000963238,18.86772156,134.8495548,99.608603
08/02/20 22:00,13.4245368,119.2528736,2025.140149,2050,13.48250003,104.7600002,51.07749882,16.2125001,398.0382111,15.15803736,1793.981901,0.892682927,10.56514574,202.2892697,49.95524979,0.988123059,18.46362877,163.9480538,84.83648472
08/02/20 22:10,15.14078841,119.2528736,2051.212366,2050,13.56250024,105.1299999,51.12499943,16.15749969,398.0851471,15.24193677,1803.073591,1.197073171,12.75625186,203.1673279,50.04485493,1.001056265,17.48491669,105.3506743,111.7672014
08/02/20 22:20,14.36274133,119.2528736,2052.919678,2050,13.6775003,105.8749992,51.12249947,16.23249993,398.5238464,15.24404052,1805.007168,0.895609756,12.29438191,203.1673279,50.09103508,1.001876917,18.22034073,145.07124,73.81870742
08/02/20 22:30,15.69892588,119.2528736,2050.212512,2050,13.83000007,106.3049999,51.1375,16.03499985,398.8646667,15.15659447,1797.58849,0.895609756,12.91608816,202.8380641,50.04699478,1.001310438,18.21650887,157.8148672,92.33768806
08/02/20 22:40,14.34495835,119.2528736,1998.506726,2050,13.86249995,106.6225014,51.23750134,16.47499981,400.4033539,15.11973345,1793.766294,1.194146341,11.89697026,202.1142128,50.08756065,0.975295268,18.47836876,139.3840683,109.7112577
08/02/20 22:50,17.21535196,119.2528736,2058.289166,2050,13.93499999,106.9274986,51.28500175,16.27000003,401.5181213,15.22089145,1799.474121,0.898536585,15.37966003,202.2261625,50.09640503,1.005716419,17.32830811,166.1176649,116.2323032
08/02/20 23:00,15.04127479,119.2528736,2029.855548,2050,14.14749999,107.1400009,51.40250149,16.41750011,400.7244522,15.11581452,1793.674084,0.898536585,13.85223853,202.2245151,49.98365993,0.990513202,19.79176712,136.316224,97.17204437
08/02/20 23:10,15.49622326,119.2528736,2042.416547,2050,13.98249993,107.3100002,51.43000107,16.70500021,401.1878662,15.18957505,1801.991175,1.188292683,13.55270842,202.1246385,50.01532955,0.99719607,18.55042458,137.5679026,102.2330133
08/02/20 23:20,16.51446915,119.2528736,2047.929016,2050,14.1474999,107.6674995,51.44000092,16.76999984,402.100972,15.17022818,1801.09849,0.898536585,14.65872603,202.268967,49.99760494,1.000654267,18.97812462,177.473715,118.6146098
08/02/20 23:30,14.06798735,119.2528736,2040.192792,2050,14.16750002,107.6474995,51.48750019,16.7599999,402.1617874,15.14540148,1794.733046,0.895609756,11.61409465,202.9478214,49.99336491,0.995213491,19.53167343,170.6454462,105.8702249
08/02/20 23:40,15.35798855,119.2528736,2011.491888,2050,14.20249982,107.7599987,51.52750015,16.72999988,402.8591049,15.13705619,1791.893034,1.194146341,13.61862572,202.399027,50.04240494,0.981931633,18.82844925,163.1625683,98.20926609
08/02/20 23:50,14.52562728,119.2528736,2047.102039,2050,14.1499999,107.8600006,51.48750019,16.63249989,404.0275681,15.17578214,1795.752663,0.895609756,11.82255639,202.1756739,50.01958466,0.999230277,19.08122635,120.4921516,99.46616116
09/02/20 0:00,15.80796189,119.2528736,2046.593542,2050,14.22250004,107.814999,51.52249985,16.85500002,404.02173,15.16741267,1796.300308,0.895609756,14.26990079,202.1054325,50.01416512,0.999709056,19.3461113,173.7758225,133.9888189
09/02/20 0:10,15.21334051,119.2528736,1987.042937,2050,14.38421049,107.7815789,51.59736834,16.87105264,403.719643,15.05201213,1787.70919,1.191219512,13.8402147,202.1483222,50.02982109,0.96982541,20.33512115,187.8465359,97.58221154
09/02/20 0:20,16.59567995,119.2528736,2020.082849,2050,14.33000002,107.9350006,51.60999985,16.7375,403.6601959,15.12984355,1793.207302,0.892682927,14.33895051,202.0697632,50.01409531,0.987048138,19.32961273,146.0723652,121.4658014
09/02/20 0:30,14.92889748,119.2528736,2046.251587,2050,14.32999992,108.0274998,51.64750023,16.8124999,402.4890366,15.20228519,1801.146612,0.892682927,12.15313472,202.0697632,49.97671471,0.998516396,19.98645592,187.1872185,86.66822643
09/02/20 0:40,14.92555623,119.2528736,2029.973456,2050,14.26999998,108.0499992,51.65750008,16.85249987,402.2754532,15.13240649,1791.198034,1.191219512,13.26523662,202.0697632,49.99711971,0.990575556,18.18978691,189.8238112,98.13755112
09/02/20 0:50,15.35579801,119.2528736,2038.925647,2050,14.3150001,108.075,51.67000008,16.96750002,402.7652039,15.10305315,1795.980389,0.895609756,14.06835108,202.1795148,50.02482052,0.99532106,18.20339203,136.4503572,117.1437273
09/02/20 1:00,14.55851979,119.2528736,2027.284467,2050,14.3150001,108.1825012,51.70250034,16.94749994,403.7970108,15.16060558,1799.481514,0.892682927,12.05043044,202.0697632,50.10625,0.989532786,21.06036377,138.166716,84.60807667
09/02/20 1:10,17.49845711,119.2528736,2074.033447,2050,14.4666667,108.2111113,51.68888897,16.74999995,403.6201833,15.28412576,1810.265986,1.194146341,15.56536413,202.0697632,50.04713313,1.013409353,17.67046738,151.2916819,107.6530721
09/02/20 1:20,15.83504472,119.2528736,2035.844989,2050,14.51000004,108.1799995,51.73250027,17.04250011,404.4066299,15.10157897,1787.167374,0.895609756,14.19492875,202.0697632,50.09528923,0.994499709,18.08798599,156.9395034,101.262098
09/02/20 1:30,18.53784506,119.2528736,2038.197882,2050,14.66842104,108.3400002,51.75249996,16.95789478,403.234595,15.16871564,1794.725744,0.898536585,17.14126293,202.0697632,50.08757882,0.995899463,17.95663643,165.2467178,119.5420011
09/02/20 1:40,15.74160104,119.2528736,2010.965765,2050,14.52500014,108.4184205,51.78749962,16.96500006,401.3983521,15.06123103,1786.320534,1.194146341,14.25024721,202.0697632,50.07855511,0.982206454,21.0936451,176.5569294,100.4450299
09/02/20 1:50,15.0284482,119.2528736,2010.969019,2050,14.32999997,108.5900002,51.79999924,16.88249993,402.1487366,15.09689239,1787.438364,0.889756098,12.57253013,199.2731498,50.09336033,0.981281745,18.4180336,136.9151486,116.5313585
09/02/20 2:00,14.55712786,119.2528736,2030.59342,2050,14.20500002,108.5475002,51.76499977,16.96249957,402.4993195,15.17257369,1796.61042,0.889756098,12.0132148,199.3266926,50.00604916,0.991148935,19.36307716,135.3937184,103.1307369
09/02/20 2:10,15.25071564,119.2528736,2015.625745,2050,14.13999991,108.3500008,51.6375,16.8999999,402.6279037,15.0907908,1784.578938,1.179512195,13.71928931,199.4978425,50.01839886,0.983820822,18.99785805,160.496619,118.9537137
09/02/20 2:20,14.94959493,119.2528736,2027.409863,2050,14.07249999,108.3924999,51.70250072,16.7974999,402.6879486,15.18246523,1800.389849,0.892682927,12.30500017,203.1673279,50.04172993,0.989306948,19.6227417,147.2599688,110.7562222
09/02/20 2:30,16.59710951,119.2528736,2020.403473,2050,14.24249992,108.4874989,51.70250015,16.50750008,402.2879532,15.13214292,1791.036953,0.895609756,14.60430697,203.1673279,49.95952435,0.987204801,19.00752258,140.1643013,121.5476184
09/02/20 2:40,15.91350818,119.2528736,2040.347522,2050,14.20999994,108.4750004,51.72750034,16.91749992,402.4382996,15.18760367,1797.371647,1.197073171,14.32407111,203.1673279,49.99217472,0.996818379,20.08659172,166.6285978,100.1877396
09/02/20 2:50,15.29701042,119.2528736,2030.068433,2050,14.18249998,108.5900005,51.74750004,16.83500023,403.4151138,15.1635299,1799.351057,0.892682927,13.88693682,203.1673279,50.06414528,0.990926233,20.1342392,151.6723625,119.8025471
09/02/20 3:00,15.10869393,119.2528736,2033.819189,2050,14.27749996,108.7500004,51.78499966,16.83249989,402.6206711,15.09869112,1788.223263,0.898536585,13.59599451,203.1673279,50.01336956,0.992528981,20.55507278,150.8352322,89.1001255
09/02/20 3:10,15.09003844,119.2528736,2030.720984,2050,14.15499992,108.7399998,51.7625,17.11749992,402.9550507,15.21523552,1804.45582,1.182439024,13.33461165,203.1673279,50.05658989,0.990994463,19.84555817,197.0596678,120.4434299
09/02/20 3:20,14.97363305,119.2528736,2064.528302,2050,14.4124999,108.7250008,51.79499931,16.96000009,403.275827,15.25442693,1806.920408,0.895609756,13.33468399,203.1673279,49.98094959,1.007401521,19.08347511,157.3931587,101.8954782
09/02/20 3:30,15.21863966,119.2528736,2034.64082,2050,14.3875,108.8174995,51.8199995,16.99749956,403.653717,15.15525368,1791.741486,0.895609756,13.11501081,203.1673279,49.95274467,0.993063154,19.81831169,154.9268503,121.4615631
09/02/20 3:40,14.1024209,119.2528736,2064.328217,2050,14.35249982,108.8525002,51.79249935,17.13999977,403.9649979,15.28479664,1808.457653,1.188292683,12.25917271,203.1673279,50.00818043,1.007040291,19.38006401,142.4363915,93.4325573
09/02/20 3:50,14.33959382,119.2528736,2064.895361,2050,14.31999979,108.8950001,51.75749989,17.25249996,404.4321808,15.19867221,1797.498922,0.892682927,12.0013848,203.1673279,50.08868523,1.007685383,19.61922073,154.6820517,114.2700216
09/02/20 4:00,13.76707063,119.2528736,2034.452515,2050,14.42999983,108.9399994,51.79999962,17.29250031,403.7955826,15.10389362,1790.406864,0.898536585,11.48339707,203.1673279,50.03337975,0.992428886,20.32743645,160.1748867,68.69469671
09/02/20 4:10,13.58053601,119.2528736,2019.966516,2050,14.33999987,108.8075012,51.79249935,17.55749979,404.1108139,15.15133251,1797.693918,1.188292683,10.5099728,203.1673279,50.09388523,0.985457503,18.60576439,136.6776154,82.90695915
09/02/20 4:20,13.60297809,119.2528736,2031.927808,2050,14.36749983,108.8275002,51.77999973,17.52249975,404.072464,15.175742,1798.793947,0.889756098,10.69633523,203.1673279,50.1056551,0.991281415,17.82057381,174.8891575,109.3541311
09/02/20 4:30,14.11407809,119.2528736,2013.925299,2050,14.47750001,109.0125008,51.80749931,17.48249979,403.7180969,15.11269444,1793.224188,0.895609756,11.51998531,203.1673279,50.10502567,0.982469914,19.46897507,143.1771338,84.73940229
09/02/20 4:40,15.25580173,119.2528736,2041.285437,2050,14.68250003,109.2575008,51.81749954,17.63999968,403.7805786,15.23967719,1804.255703,1.194146341,13.24079561,203.1673279,50.09506073,0.996351424,18.22282982,152.081802,114.2292426
09/02/20 4:50,14.06798716,119.2528736,2055.415521,2050,14.67999992,109.3050011,51.84249973,17.66749992,403.70681,15.24296898,1805.253908,0.895609756,11.79258334,203.1673279,50.10677986,1.002639194,19.56076622,135.7479237,96.05562077
09/02/20 5:00,15.70750175,119.2528736,2037.604614,2050,14.67749991,109.3475006,51.86500034,17.89500017,402.1721832,15.19464464,1797.748381,0.892682927,14.40310617,203.1673279,49.88574505,0.995165828,20.97063828,178.3900721,106.5759709
09/02/20 5:10,14.72259374,119.2528736,2025.167383,2050,14.80499964,109.3450001,51.91750107,17.75999994,402.0863327,15.16784339,1797.04002,1.191219512,12.8979039,203.1673279,49.90723553,0.988379106,20.84494019,163.1481125,86.68554368
09/02/20 5:20,16.83883042,119.2528736,2058.936865,2050,14.9349998,109.6924999,52.03999939,17.88000002,401.9219345,15.20482399,1802.272797,0.895609756,15.0960207,203.1673279,49.92342434,1.006032896,21.92026901,138.1135842,115.5854422
09/02/20 5:30,16.02987695,119.2528736,2021.200586,2050,15.07000027,109.8750019,52.11749973,17.84749994,401.8100494,15.13444854,1792.261024,0.892682927,14.87860638,203.1673279,49.96618023,0.987594284,21.22861099,157.716326,119.4633832
09/02/20 5:40,14.22368975,119.2528736,2007.032593,2050,15.03750014,109.9799995,52.13999977,17.81499977,402.0515701,15.11700167,1791.70356,1.191219512,12.3365718,203.1673279,50.0220499,0.979272859,21.28886604,155.856657,92.55052071
09/02/20 5:50,17.10869203,119.2528736,2036.597809,2050,15.28250027,110.0700001,52.13000011,18.12749977,401.2051056,15.13077097,1795.551344,0.889756098,15.76305416,204.1538416,49.9362896,0.995117639,20.61065102,190.8571819,103.8600062
09/02/20 6:00,15.60316205,119.2528736,2024.200653,2050,15.33250003,110.2025002,52.1375,18.23499985,401.8547668,15.13304311,1795.434156,0.886829268,13.93987783,209.7527161,50.07720451,0.988462176,23.39398384,180.7267412,106.6537173
09/02/20 6:10,15.07338791,119.2528736,2049.778229,2050,15.33750005,110.4,52.14249992,18.36000023,401.0964706,15.15907194,1800.802923,1.191219512,12.4889715,209.7527161,50.06269512,1.000274104,20.4208622,191.664642,107.1107597
09/02/20 6:20,15.9324419,119.2528736,2029.518378,2050,15.5275001,110.4374992,52.2525013,18.7125,400.5251511,15.16494311,1801.678814,0.892682927,14.50598257,209.7527161,49.98919964,0.991556382,22.42003441,169.1272425,84.63120356
09/02/20 6:30,18.9192225,119.2528736,2023.162915,2050,16.0000001,110.6474991,52.37750072,18.72000027,399.2797668,15.06257142,1782.945477,0.889756098,18.52307917,209.7527161,49.90491009,0.988553113,20.91404343,193.726847,127.1572697
09/02/20 6:40,17.21123118,119.2528736,2039.81026,2050,16.09000025,110.9275005,52.51999969,18.98500004,399.0266129,15.25420868,1806.420959,1.191219512,16.83100387,209.7527161,49.92309437,0.996687299,21.6037178,169.3791986,130.0906981
09/02/20 6:50,18.41560345,119.2528736,2038.370728,2050,16.30750017,111.2075008,52.58249874,19.2625,398.1625122,15.11807388,1792.483629,0.898536585,17.82781016,209.7527161,49.98133984,0.995983918,21.30512238,170.7535028,125.6290159
09/02/20 7:00,16.99677873,119.2528736,2036.946765,2050,16.37749996,111.5600002,52.70499802,19.28999958,400.0873047,15.16671914,1793.782179,0.892682927,16.48258842,209.7527161,49.96496506,0.995288145,22.71201515,210.9794436,159.1364584
09/02/20 7:10,18.3260951,119.2528736,2044.243854,2050,16.27250013,111.6425007,52.70999851,19.48500004,402.477533,15.21506761,1797.709139,1.188292683,17.16232821,209.7527161,49.92591496,0.998853632,22.56204796,155.7575516,146.6541943
09/02/20 7:20,19.99265485,119.2528736,1977.482819,2050,16.67499981,111.714999,52.82249947,19.64499989,403.4173157,15.11949442,1794.632223,0.892682927,20.13626209,209.7527161,49.89992485,0.966233011,23.32965088,221.2152794,145.8817579
09/02/20 7:30,19.1403389,119.2528736,2045.623645,2050,16.82499962,111.8799992,52.97000046,19.36999989,403.3595306,15.18364464,1798.261391,0.895609756,18.34200332,209.7527161,49.96040993,0.999527822,24.00008583,179.2121546,123.2719732
09/02/20 7:40,22.12963597,119.2528736,2037.46148,2050,17.25833374,112.0611115,53.15555573,19.62500011,401.5210232,15.19358322,1795.60229,1.191219512,22.58285271,209.7527161,49.89204428,0.995539644,24.46810722,207.7599915,124.6505822
09/02/20 7:50,20.98632417,119.2528736,2061.397009,2050,17.38499985,112.3524994,53.28500004,20.0925004,400.5440384,15.29519708,1813.434071,0.892682927,21.06823293,209.8075914,49.89621449,1.007234966,27.14843369,182.1205511,144.4602774
09/02/20 8:00,20.56267195,119.2528736,2018.288025,2050,17.34500008,112.5674999,53.35,20.06500006,399.8017639,15.09430629,1794.681896,0.892682927,20.00204428,209.7527161,49.85418549,0.986171155,26.00818634,207.2744275,152.3895593
09/02/20 8:10,20.50876656,119.2528736,2011.148779,2050,17.63749981,112.9150017,53.48999996,20.13249979,401.0213806,15.03007677,1786.790462,1.191219512,21.01629163,209.7527161,49.95640965,0.982682794,25.66530609,217.4004288,171.0128996
09/02/20 8:20,21.17549453,119.2528736,2072.587848,2050,17.73999977,113.0674999,53.64999828,19.99999981,402.2227844,15.29315507,1816.804064,0.892682927,21.14980919,209.8075914,49.90613537,1.012703007,25.06818581,221.673386,189.368927
09/02/20 8:30,21.2695509,119.2528736,2055.655664,2050,17.9375,113.3750004,53.76749897,20.30000019,401.4604507,15.27209155,1808.482767,0.892682927,21.58527496,209.7527161,49.88246498,1.004429643,25.00570488,232.3067383,138.1559086
09/02/20 8:40,20.75009775,119.2528736,2047.163391,2050,18.03000002,113.4950012,53.84499989,20.6625001,399.5131943,15.19963856,1804.2537,1.188292683,21.0495848,209.7527161,49.8865202,1.000280169,27.25438499,216.7196104,132.9550543
09/02/20 8:50,21.7010675,119.2528736,1549.718262,2050,18.42999973,113.5975006,53.74999962,21.23999987,400.0818512,11.76963815,1387.944932,0.796097561,35.54183987,209.7527161,49.90520496,NaN,23.85515404,218.8399906,154.1349109
09/02/20 9:00,20.10797195,119.2528736,874.181218,2050,20.93500004,109.1650009,52.87750015,24.31000004,399.4538864,8.3980829,1008.478336,0.169756098,48.65325997,209.7527161,49.99482517,NaN,22.74072075,138.2150453,180.5313692
09/02/20 9:10,22.48500443,119.2528736,2045.98963,2050,19.42249994,107.5299992,55.3425005,21.85750017,397.1429672,15.19548963,1801.179571,1.188292683,22.541232,209.7527161,49.9220747,0.999706649,16.63673019,245.9706512,134.954299
09/02/20 9:20,23.82623816,119.2528736,2056.692841,2050,18.90250015,109.2125004,54.66500015,22.0250001,396.5014572,15.23292504,1799.224972,0.892682927,23.83030872,209.7527161,49.93160477,1.004936426,25.78033447,251.5921803,192.9137411
09/02/20 9:30,20.3336658,119.2528736,1618.721736,2050,18.6625001,110.5974995,54.49249954,21.375,395.8954788,12.29124777,1455.048589,0.895609756,32.01461534,209.9722226,49.73572025,NaN,26.61609077,164.246939,190.1838524
09/02/20 9:40,21.77129595,119.2528736,-3.368350543,2050,19.67105273,106.9342109,49.96315745,24.86315767,400.2280033,0.296383206,25.6967817,0.049756098,89.98999786,209.7527161,49.80250509,NaN,22.25337982,52.12408337,162.0119309
09/02/20 9:50,21.45147181,119.2528736,423.2249421,2050,19.86111101,99.09444385,47.73888906,25.1750004,399.1280195,5.200861053,608.8824579,0.049756098,66.30999643,209.7527161,50.00067223,NaN,7.101861477,134.1882372,177.0303912
09/02/20 10:00,22.07687092,119.2528736,2003.387531,2050,19.53500004,97.34250031,54.76750011,23.125,395.2592148,15.10156207,1788.055607,0.889756098,21.83525751,209.7527161,50.02816982,0.978890511,12.3224926,265.3375739,123.9858036
09/02/20 10:10,21.10898495,119.2528736,2048.497235,2050,18.90000029,100.1050003,54.79999981,21.66499949,395.1418976,15.20224817,1802.520653,1.185365854,21.27060872,209.7527161,50.0364151,1.000931909,27.60543442,214.4249891,171.992018
09/02/20 10:20,21.8805913,119.2528736,2041.330792,2050,18.76250029,102.5575005,54.48500004,21.54500008,394.7483963,15.19451916,1801.021334,0.895609756,22.15216622,209.7527161,49.94859943,0.997430258,27.63349152,234.1046853,179.6000168
09/02/20 10:30,20.70207629,119.2528736,2007.170758,2050,18.93500032,104.9974995,54.5449995,21.18499985,394.582193,15.07794374,1781.995697,0.889756098,21.3444062,209.7527161,50.00690479,0.980739063,26.30379105,187.1789087,145.0787914
09/02/20 10:40,19.91346324,119.2528736,2028.918014,2050,18.82631583,107.0368423,54.51842077,21.19210514,394.6943311,15.22586106,1809.070985,1.185365854,19.58745036,209.7527161,50.06072657,0.991365156,26.82045555,218.9291585,128.6328908
09/02/20 10:50,20.36306958,119.2528736,2043.423853,2050,18.94999981,109.0799999,54.51749973,21.05000029,394.4447784,15.13186486,1791.708275,0.895609756,20.83624443,209.7527161,50.04757462,0.998452964,26.11101723,265.5131622,151.7583295
09/02/20 11:00,20.19906969,119.2528736,2060.469165,2050,18.7425004,110.7249989,54.56749897,21.00249996,398.7753311,15.26599847,1811.797079,0.898536585,19.37031781,209.7527161,49.9267252,1.006781605,23.61153412,158.0448792,115.0341487
09/02/20 11:10,20.84810791,119.2528736,1994.734088,2050,18.88000021,111.6700005,54.5649992,21.16999998,399.3171677,15.04192221,1782.902767,1.194146341,21.17265079,209.7527161,49.9365799,0.974662286,22.40764046,207.6392374,161.3990871
09/02/20 11:20,21.50505323,119.2528736,2055.214941,2050,19.25999985,112.397501,54.66500034,21.17750006,399.1803162,15.13956307,1786.323195,0.898536585,21.30789311,209.7527161,49.96896038,1.004214299,23.41160202,158.8055485,143.9600667
09/02/20 11:30,19.38636632,119.2528736,2049.915356,2050,19.1750001,113.1825005,54.68000069,21.64249983,397.7945145,15.19684902,1797.39093,0.892682927,19.14104608,209.7527161,49.92602425,1.001624828,25.59482956,200.2534748,145.6474291
09/02/20 11:40,19.74807534,119.2528736,2046.979346,2050,19.21500044,114.0350014,54.64750004,21.58499985,397.2514999,15.22154345,1800.597782,1.194146341,19.7900039,209.7527161,49.92144966,1.000190241,24.0093708,208.5080544,128.1822766
09/02/20 11:50,18.06781645,119.2528736,2060.875751,2050,19.1300005,114.5125008,54.5849987,21.82500019,398.4431992,15.18587127,1797.68704,0.895609756,16.94268298,209.7527161,49.89938984,1.00698027,24.04852486,232.3698568,119.8651084
09/02/20 12:00,17.87006993,119.2528736,2042.225543,2050,19.17500057,114.9299995,54.5324995,21.95999966,398.2645996,15.14848714,1789.340429,0.892682927,17.65542081,209.7527161,49.91024456,0.997867449,22.68095398,214.3599518,120.9053562
09/02/20 12:10,19.05511861,119.2528736,2001.073584,2050,19.25249977,115.1799988,54.61499939,21.75749969,398.9207474,15.04880999,1786.218206,1.197073171,18.44742013,209.7527161,50.00482559,0.977759876,22.56993675,175.2133839,117.3334036
09/02/20 12:20,18.74065127,119.2528736,2017.059302,2050,19.27249985,115.5099998,54.59499893,21.79000006,399.1991318,15.13539867,1791.835402,0.895609756,18.05279225,209.7527161,50.00597515,0.98557078,23.06812477,195.1811396,150.7406755
09/02/20 12:30,17.35848161,119.2528736,2030.414705,2050,19.27105231,115.6736852,54.53947308,21.78157867,399.4626144,15.10313423,1790.839721,0.895609756,16.63594688,209.7527161,49.98963145,0.992096465,23.43412399,130.3853995,106.8876831
09/02/20 12:40,20.03245876,119.2528736,2026.444664,2050,19.36315747,115.8999999,54.5947362,21.6078945,399.6684426,15.22563952,1803.13785,1.197073171,20.2939604,209.7527161,49.99645253,0.990156633,21.31671524,188.1196177,127.6722311
09/02/20 12:50,19.67079968,119.2528736,2017.413031,2050,19.33749933,115.9625,54.68500099,21.78250017,400.127919,15.09526013,1792.673258,0.895609756,19.11963604,209.7527161,50.04464474,0.985743618,23.89325905,158.7788684,117.7357242
09/02/20 13:00,18.12040391,119.2528736,2061.007526,2050,19.24249992,115.9899994,54.60249958,21.86000004,399.9335693,15.19260679,1795.208616,0.895609756,18.00513724,209.7527161,50.00120487,1.007044658,22.28273582,212.2572546,130.4378601
09/02/20 13:10,18.78295493,119.2528736,2008.268793,2050,19.19000015,116.1350002,54.50999966,21.73250008,399.977301,15.14952314,1794.675453,1.191219512,17.75413699,219.9661545,50.05641003,0.981275582,22.56442642,164.3949104,99.95497866
09/02/20 13:20,19.65316505,119.2528736,2052.092706,2050,19.34249973,116.0949993,54.54999924,21.8324996,399.400528,15.20117198,1797.629242,0.892682927,18.89046204,220.728363,50.02571507,1.002688719,22.68504333,178.6546066,143.7831024
09/02/20 13:30,20.82085776,119.2528736,2060.310211,2050,19.38499947,112.0725006,54.64750023,27.14999962,399.3774139,15.1984157,1802.254091,0.901463415,20.39983016,220.728363,50.07593975,1.006703937,23.27842522,200.6065029,124.9357035
09/02/20 13:40,19.41040468,119.2528736,2044.267883,2050,19.36749945,104.6924999,54.63499966,30.01750021,399.5878967,15.14854963,1794.201164,1.191219512,18.76096386,220.728363,50.06917973,0.998865373,22.4254818,161.6974958,123.7756922
09/02/20 13:50,20.07429247,119.2528736,2049.590985,2050,19.47499981,108.6350002,54.72000065,24.64750004,399.2658579,15.16194257,1799.505821,0.898536585,20.01083417,220.728363,50.04209461,1.001466334,23.41428375,164.47271,136.2847885
09/02/20 14:00,17.0525034,119.2528736,2043.029034,2050,19.42894705,110.5625011,54.76000137,23.48000011,399.682016,15.13888662,1791.055264,0.898536585,15.60600078,220.728363,50.04595265,0.998260049,22.74902534,149.3356363,89.79818144
09/02/20 14:10,17.31357981,119.2528736,2032.243121,2050,19.31999998,111.3315787,54.60499916,22.87105269,400.5975861,15.16439407,1797.954111,1.194146341,16.16899624,226.7813097,50.03390999,0.992989862,20.36503792,158.0711483,117.1487211
09/02/20 14:20,20.82110341,119.2528736,887.7073792,2050,19.45249987,111.0095237,53.13249969,22.00238083,402.6808685,7.557237944,900.5965234,0.515121951,51.90159725,251.0023311,50.04931011,NaN,20.1934967,111.7222921,136.8435226
09/02/20 14:30,17.79096709,119.2528736,-3.687552047,2050,19.48500023,104.1815792,48.82000008,20.73157883,405.1877655,0.412294573,51.52148486,0.38195122,87.67462975,262.4358215,49.99279537,NaN,15.52844429,46.13579187,132.9558637
09/02/20 14:40,17.80039921,119.2528736,1739.036103,2050,18.34000034,98.47499924,52.83000011,20.70249958,399.5641312,13.97078119,1659.637671,0.38195122,19.56176255,262.4358215,49.99566994,0.849723737,6.565674782,254.1732841,159.5867695
09/02/20 14:50,17.98680978,119.2528736,1996.485736,2050,17.71000013,99.89499969,55.13684202,19.85499992,398.5196152,15.15934302,1795.960904,0.889756098,16.44382322,253.0355724,50.03230019,0.975518172,25.97720718,239.2045002,133.8398953
09/02/20 15:00,16.62847996,119.2528736,2056.396747,2050,17.42249994,101.8625,54.24750004,19.71000013,397.6721344,15.21408673,1799.562859,0.895609756,15.59494772,244.8747864,49.95453453,1.00479175,26.51775169,145.6251162,91.18410501
09/02/20 15:10,17.61058502,119.2528736,2064.335187,2050,17.44249983,103.4550007,54.01499996,19.42250004,398.6553131,15.21103286,1798.418661,1.197073171,15.77660621,244.8747864,49.97809448,1.008670611,19.02058792,154.7319513,86.92753811
09/02/20 15:20,15.64689512,119.2528736,2055.267242,2050,17.41749973,105.0199997,53.90750046,19.58250017,399.7804367,15.1946649,1794.349812,0.895609756,14.30005453,244.8747864,50.09066525,1.003699559,20.24082756,133.0399012,81.62828045
09/02/20 15:30,15.69565868,119.2528736,2062.247998,2050,17.42749977,106.2925003,53.79499931,19.66000023,399.1203644,15.17620015,1794.217958,0.901463415,13.76529676,244.0193019,50.11734943,1.007183477,19.78688431,186.8449989,89.75585518
09/02/20 15:40,16.27846541,119.2528736,2051.540977,2050,17.50499992,107.5475002,53.80749912,19.86750002,398.7318619,15.14366211,1789.318674,1.197073171,15.17444709,230.6064453,50.02659035,1.002419135,19.28290749,124.8927032,68.69293163
09/02/20 15:50,16.13501468,119.2528736,2042.631024,2050,17.50750008,108.6375008,53.75249863,19.825,397.8289627,15.15876684,1797.465197,0.901463415,15.22822563,233.6137051,49.97289448,0.998065575,16.83148575,120.828088,83.81029811
09/02/20 16:00,16.67139565,119.2528736,2065.684485,2050,17.52368425,109.6500011,53.72249832,19.86750031,397.9194384,15.21457918,1797.600105,0.898536585,15.04598237,239.3869629,50.10465783,1.009329902,17.59928131,139.4892357,86.14957504
09/02/20 16:10,16.9595405,119.2528736,2056.697107,2050,17.52380971,110.5474998,53.67749825,19.59750023,398.14252,15.17288174,1799.788942,1.2,15.34781596,239.3869629,49.97852362,1.004938511,18.02240753,135.0781367,76.02521987
09/02/20 16:20,16.76361504,119.2528736,2058.251312,2050,17.43999987,111.085001,53.6174984,19.58500013,397.8417535,15.20719957,1801.589092,0.895609756,14.52254972,239.3869629,49.98677006,1.005697923,17.77785301,107.9435056,69.3387991
09/02/20 16:30,13.7993664,119.2528736,2038.782111,2050,17.21578979,111.7026315,53.43421033,19.65789474,397.1585327,15.14099653,1791.079608,0.901463415,11.95751943,231.3925115,50.09869445,0.994524304,15.83545017,143.0888353,84.8084465
09/02/20 16:40,15.01187461,119.2528736,2050.559338,2050,17.19047683,112.3428566,53.36190487,19.56428619,399.449303,15.11249909,1786.733807,1.2,13.06235014,234.9967041,50.0146666,1.00058019,16.39206505,128.3858746,80.0763114
09/02/20 16:50,14.51486106,119.2528736,2044.668048,2050,17.17250071,112.5599998,53.31249962,19.46499987,404.245575,15.13690607,1793.177805,0.901463415,12.6883563,234.9967041,49.94579436,0.998050171,15.80422878,129.8350362,84.02492561
09/02/20 17:00,13.7959353,119.2528736,2044.066772,2050,17.19500074,112.6724998,53.27749958,19.68250017,400.9689774,15.13668564,1796.577421,0.901463415,11.68665229,234.9967041,50.03810463,0.997103947,16.17988586,139.1995828,94.04540043
09/02/20 17:10,14.63237341,119.2528736,2044.685114,2050,17.25526348,113.0684216,53.29210502,19.71578949,397.8919632,15.12490671,1791.437217,1.2,13.86497625,234.9967041,50.06092014,0.99797149,16.61757851,118.843017,84.84900579
09/02/20 17:20,14.5903115,119.2528736,2045.740985,2050,17.41499987,113.3547607,53.29523759,19.75714284,396.4963043,15.10180912,1784.57265,0.898536585,12.92375753,234.9967041,49.94590969,0.998518,18.1655407,117.9040342,84.82893543
09/02/20 17:30,13.85438964,119.2528736,2051.768329,2050,17.39249973,113.7449993,53.26249981,19.70249996,396.691304,15.16314684,1795.937817,0.901463415,12.02751936,234.9967041,50.00984516,1.000830547,16.45942688,128.622143,70.18219481
09/02/20 17:40,13.80297842,119.2528736,2041.125397,2050,17.28571447,114.0800007,53.24750004,19.85249977,396.6398682,15.10971071,1790.963636,1.202926829,10.47401934,234.9967041,50.05827999,0.995665506,16.51756096,109.6483038,60.41805696
09/02/20 17:50,14.53117863,119.2528736,2026.914716,2050,17.20000076,114.3657905,53.21315846,19.74210548,396.2030197,15.0954996,1792.413609,0.898536585,12.51234383,234.9967041,50.03339996,0.989372378,14.17835999,137.3688783,66.72233868
09/02/20 18:00,15.93053017,119.2528736,2048.137115,2050,17.28250017,114.639999,53.25714275,19.51000013,398.7834671,15.17288107,1797.651683,0.901463415,15.25500272,234.9967041,49.98545036,1.000649973,16.39525414,142.3991165,80.73139668
09/02/20 18:10,17.41623549,119.2528736,2061.245996,2050,17.3499999,114.652499,53.30999947,19.61000013,401.3398361,15.22909261,1805.34569,1.194146341,16.5344502,235.3201591,49.99364014,1.007161178,17.85822868,165.0731495,107.7346622
09/02/20 18:20,17.79491034,119.2528736,1998.203162,2050,17.17250023,114.5450001,53.21250057,19.47249994,402.4714859,15.11927591,1793.587466,0.889756098,16.41246866,252.5577393,49.97880478,0.976357337,19.83141518,254.7307762,127.7524022
09/02/20 18:30,14.10644879,119.2528736,2058.29502,2050,16.51000013,114.2575005,53.11842125,19.10250034,403.0992874,15.16689634,1795.352039,0.895609756,10.06187654,252.5577393,49.96557007,1.004103354,25.32409668,171.0301605,75.55555105
09/02/20 18:40,12.51449184,119.2528736,2034.302195,2045.144918,16.08750029,113.9850002,52.9150013,18.91500025,398.8871307,15.06531028,1785.868647,1.2,9.171914406,242.9059032,50.07745953,0.996548546,18.60427856,131.6245621,58.12649307
09/02/20 18:50,11.59011641,119.2528736,2043.862421,2023.604656,15.90249996,114.0825008,52.83249989,18.89750013,398.7601761,15.09716316,1790.542608,0.895609756,6.682593835,242.8571379,50.04046955,1.009053399,18.45719528,129.2264009,77.59846783
09/02/20 19:00,13.6975729,119.2528736,2010.324512,2050,15.99500012,114.0900005,52.66499844,18.80249987,399.7372208,15.15187097,1793.429363,0.892682927,9.356899539,251.4601746,50.0206852,0.980694216,19.03717232,168.3821159,82.20505877
09/02/20 19:10,12.29688358,119.2528736,2039.493835,2042.968836,16.07750025,113.8500011,52.61749859,18.85,400.150618,15.14668058,1795.693737,1.191219512,7.251094036,251.4601746,49.9604948,1.00024261,20.01016998,146.8328416,53.03588653
09/02/20 19:20,13.63123021,119.2528736,2009.488989,2050,16.1175004,113.9349998,52.54499931,19.05250006,402.083519,15.15937091,1795.205292,0.889756098,8.892735285,251.4601746,49.99175434,0.980320255,17.77604485,167.5539431,83.74254284
09/02/20 19:30,12.30995169,119.2528736,2035.398962,2043.099517,16.08000031,113.5399998,52.5324995,18.92250023,404.2448288,15.2356731,1802.80398,0.892682927,6.815737389,251.4601746,50.03406487,0.998166907,19.46089554,123.1772755,67.61271229
09/02/20 19:40,11.13713565,119.2528736,1886.166962,2005.485426,16.01000009,112.9850006,52.24750042,18.90749998,403.7936951,15.09457666,1790.864307,1.12097561,5.059269544,251.4601746,49.97865467,0.943214646,17.87983322,129.8675636,74.87343521
09/02/20 19:50,16.43351827,119.2528736,1972.086658,2050,16.11500044,112.0850018,52.33000126,18.61500015,401.4417664,15.03455065,1780.776684,0.88097561,15.22620766,258.9826322,50.02649479,0.963596352,19.17325783,195.9980568,116.152256
09/02/20 20:00,13.8040287,119.2528736,2035.148724,2050,16.1800005,112.3100006,52.45250072,18.15499983,399.0677444,15.11596629,1788.525764,0.895609756,10.56288029,260.8703133,49.98399448,0.992749533,23.37441254,119.6939814,92.32576194
09/02/20 20:10,12.62042799,119.2528736,2013.193835,2046.20428,15.84500003,112.2675014,52.32500114,18.31249981,399.1092117,15.07110657,1787.083397,1.185365854,8.268685591,246.4532236,49.95697994,0.985474775,18.36746979,152.8891809,87.18261213
09/02/20 20:20,12.94196761,119.2528736,2024.53678,2049.419676,15.75750003,112.2700005,52.3025013,18.2374999,399.4660339,15.15063442,1793.71447,0.889756098,9.456075901,245.9723511,50.03405437,0.988795466,18.95000648,191.6575993,108.2388597
09/02/20 20:30,14.85986371,119.2528736,2045.543042,2050,15.81000004,112.5375008,52.38000183,18.06750002,399.5730362,15.20262296,1796.718967,0.892682927,12.53254935,245.9723511,49.9406744,0.998221758,21.20409966,201.0864773,87.33591394
09/02/20 20:40,11.97721868,119.2528736,2031.876605,2039.088747,15.50749998,112.5799995,52.31500149,18.06499996,399.9792999,15.21166143,1801.404453,1.191219512,8.90036767,245.9723511,49.90442009,0.998320443,21.2023201,167.4392612,88.49918098
09/02/20 20:50,11.84429269,119.2528736,2048.510028,2033.771708,15.18750029,112.5349998,52.19250107,18.26750002,399.7258835,15.2070546,1803.677908,0.892682927,7.973781195,245.9723511,49.9664999,1.008154808,19.13222122,165.5416182,74.05556116
09/02/20 21:00,11.22909424,119.2528736,1991.006866,2009.16377,15.04750018,112.5574997,52.10250034,18.0749999,398.2616135,15.20590085,1800.984043,0.889756098,5.606991841,246.4099084,50.01099491,0.992681997,19.25372124,147.6630068,79.4949297
09/02/20 21:10,12.16388321,119.2528736,1978.294324,2041.638832,15.05000019,112.1299992,51.88250065,18.29499998,399.2088135,15.07639043,1789.869873,1.135609756,6.369651653,254.7528687,49.97921982,0.970895621,19.14760017,137.3228228,82.37924252
09/02/20 21:20,9.850030446,119.2528736,1841.585443,1732.012787,15.05750022,111.2600006,51.68249969,18.11500034,399.5183121,15.12479246,1792.990288,0.816585366,3.282752315,254.7528687,49.89989967,1.02768903,18.91872406,127.1868244,67.54487247
09/02/20 21:30,11.27488799,119.2528736,2000.754486,2010.99552,14.97749991,110.7050007,51.74999981,17.97749996,400.5426178,15.20508398,1799.910347,0.860487805,4.506843928,242.3834233,49.93045464,0.99606739,19.29690742,136.6693092,55.58945594
09/02/20 21:40,11.03669405,119.2528736,1965.697601,2001.467762,14.96249986,110.25,51.71249981,18.12500019,399.842131,15.15316272,1797.002655,1.153170732,4.391457228,236.0942688,49.99300537,0.986197314,15.63275242,116.0391752,47.57740264
09/02/20 21:50,11.24570761,119.2528736,1967.093335,2009.828304,14.90749965,109.8274998,51.68250027,17.96000013,397.3409668,15.19001421,1799.114965,0.863414634,4.948660213,236.0942688,50.01432457,0.980232657,13.88185787,129.9280766,59.10642529
09/02/20 22:00,14.94942784,119.2528736,2069.213806,2050,14.96499987,110.0899994,51.77499981,17.86750021,400.8446167,15.23308012,1804.086325,0.892682927,12.11383647,236.0942688,49.92997437,1.009705973,15.97791672,139.2898192,70.54942636
09/02/20 22:10,11.21205401,119.2528736,1868.625983,2008.482161,14.9749999,110.2125008,51.70749969,17.97000008,402.0076706,15.07233095,1787.886423,1.126829268,5.597759867,247.6832107,49.93535976,0.932178497,18.35892487,167.292638,79.64598694
09/02/20 22:20,14.63520174,119.2528736,1938.000275,2050,14.97749991,109.2900005,51.53500042,17.2150002,404.1472137,14.93877876,1771.98246,0.860487805,10.33558252,268.970798,49.99102001,0.945898687,18.34147835,135.6237839,79.72437906
09/02/20 22:30,12.53071532,119.2528736,2054.290826,2045.307153,14.55249991,109.2850002,51.73750019,16.175,404.098497,15.17002693,1798.399624,0.895609756,7.641809337,264.9485557,49.91048946,1.00622575,15.54765797,132.8265076,72.935042
09/02/20 22:40,9.249496508,119.2528736,1775.688721,1479.788533,14.33000002,108.8474991,51.38500042,16.54250007,403.1184998,15.13140155,1791.777838,1.08,1.986094588,255.2487705,49.97994957,1.104025464,14.50564766,137.8670164,61.77080393
09/02/20 22:50,13.04472961,119.2528736,1982.231842,2050,14.3499999,107.7400002,51.26250095,17.13000011,402.1251663,15.20322262,1802.502085,0.869268293,7.550091058,249.2650452,50.01299515,0.967681834,17.80784416,134.0169703,81.3811229
09/02/20 23:00,15.63967228,119.2528736,1992.014925,2050,14.55000014,108.1052612,51.35263302,17.03947348,398.8579599,15.07670977,1786.675566,0.87804878,12.96065688,264.2071243,49.9046155,0.972799282,17.4185791,188.1643749,112.8779921
09/02/20 23:10,12.69277011,119.2528736,2006.474453,2046.927701,14.42222219,108.6166666,51.53333346,16.38611121,399.5816481,15.17208015,1799.049403,1.185365854,8.448256141,266.8260803,49.96832212,0.981687073,22.96473694,127.0495031,60.75063986
09/02/20 23:20,8.84661795,119.2528736,1413.38103,1314.260708,14.01578933,107.4078935,50.85526336,16.53947368,400.281613,14.78020124,1749.048488,0.635121951,0.321440321,266.8260803,50.01204701,0.973520078,16.46645927,121.165428,53.18250882
09/02/20 23:30,8.43317349,119.2528736,1330.684424,1150.536702,13.65500026,103.6650005,49.90249977,16.62749977,400.221669,14.80286874,1755.569366,0.620487805,0.336288468,259.2591561,49.9520546,1.03307657,16.66562271,163.0048309,59.00373137
09/02/20 23:40,9.649351239,119.2528736,1640.790118,1647.72752,13.32000017,100.6199989,49.60000019,16.35499992,400.5204025,15.00694102,1780.088694,0.875121951,1.093694944,256.947998,49.91574478,0.941966115,19.78615761,150.1185131,53.9554738
09/02/20 23:50,9.864267826,119.2528736,1669.313027,1737.992487,13.24500003,98.7625,49.61500015,16.1874999,402.0538193,14.94599944,1770.777866,0.711219512,1.491606573,256.947998,50.00000477,0.929709424,17.61442566,136.3889744,53.66792688
10/02/20 0:00,12.18497021,119.2528736,2029.732343,2041.849702,13.07000003,98.97999954,50.1524992,16.61750021,401.2102966,15.14742717,1791.106991,0.892682927,6.953911191,251.2598918,49.94188461,0.996031423,17.65800858,133.3341003,90.22755127
10/02/20 0:10,14.85425773,119.2528736,2059.398328,2050,13.30499997,100.4474995,50.43500061,16.25499992,401.3510468,15.17208414,1799.190989,1.185365854,12.47363343,256.3333684,49.99366016,1.004987294,19.17615891,218.959948,128.2056564
10/02/20 0:20,16.39733963,119.2528736,2049.85827,2050,13.45999999,101.7975002,50.61749992,15.75749998,401.313002,15.20563518,1801.248447,0.886829268,14.77887511,266.8260803,49.9510397,1.001596935,21.17018509,206.5980305,107.469206
10/02/20 0:30,17.22285113,119.2528736,2060.455347,2050,13.46000004,103.0525005,50.80749969,15.3400001,399.3707825,15.21390671,1809.937477,0.892682927,14.99862307,254.6215193,49.90726452,1.006774853,24.62074471,244.4527565,96.86751738
10/02/20 0:40,16.32878857,119.2528736,2043.440942,2050,13.42000003,104.0199997,50.98749981,15.53249998,402.1909637,15.22381322,1801.099148,1.182439024,13.64771257,264.0029747,49.93082466,0.998461315,22.84636116,171.4923111,110.4323297
10/02/20 0:50,12.45752335,119.2528736,2008.732977,2044.575233,13.21249986,104.5424988,51.03499928,15.41999998,404.1617828,15.18894558,1800.977257,0.88097561,7.372822469,269.0212097,49.98099976,0.984338982,21.60412407,126.1765492,90.08123941
10/02/20 1:00,11.17609839,119.2528736,1972.225928,2007.043936,13.1400001,104.9599998,50.95749989,15.47500005,402.2767044,15.12647769,1792.544609,0.866341463,3.841060566,269.0212097,50.05276012,0.985005709,17.40789604,134.0331104,58.77310295
10/02/20 1:10,10.82651083,119.2528736,1917.677991,1964.434721,13.12000022,105.0850002,50.93249969,15.04750009,398.9351303,15.13915251,1793.775913,1.141463415,4.147626146,279.0173243,49.99454002,0.971323901,16.77637291,114.2288753,50.64558187
10/02/20 1:20,13.55159731,119.2528736,2070.464941,2050,12.94999981,105.2675007,50.99499989,14.66749988,399.459198,15.23517957,1806.270144,0.895609756,9.142255287,280.4032758,50.0265749,1.010108697,12.8093853,104.7815014,72.59023743
10/02/20 1:30,13.15595608,119.2528736,1955.609003,2050,12.8974997,105.7424999,50.96500034,15.02000017,399.1239151,15.04558446,1785.145237,0.889756098,8.190544788,267.923645,49.98605919,0.954542101,13.16483307,170.2748726,79.39621773
10/02/20 1:40,12.84234262,119.2528736,2047.342114,2048.423426,12.8375001,106.4675003,50.99249992,15.00249991,399.1752777,15.18374562,1802.411121,1.185365854,9.70671663,262.7098541,49.97302036,1.000631911,18.77840614,155.0663439,83.13233805
10/02/20 1:50,12.24669044,119.2528736,2021.570331,2042.466904,12.80000014,106.8800011,51.05499916,14.89750004,399.6945526,15.16296253,1795.517664,0.892682927,7.769815559,262.4358215,49.98239994,0.991709574,17.51260567,143.5293741,75.06277695
10/02/20 2:00,12.91217475,119.2528736,2052.362134,2049.121747,12.76000028,107.4025005,51.0774992,14.83500004,398.901297,15.13236974,1795.647852,0.895609756,9.850749604,262.4358215,49.91525974,1.002594732,15.70531368,130.2406325,76.5651228
10/02/20 2:10,13.01296902,119.2528736,2040.424347,2050,12.70000033,107.9474998,51.07499905,14.62999988,399.0429977,15.22677742,1801.514099,1.194146341,10.10319164,262.4358215,49.8980051,0.996132759,16.43405151,124.7157129,81.1946166
10/02/20 2:20,12.80950541,119.2528736,2050.720978,2048.095054,12.63000035,108.2325001,51.09249878,14.80249991,399.8521652,15.19043747,1802.064268,0.895609756,8.616401814,262.4358215,49.94798412,1.002514042,16.79138947,139.2128571,107.965543
10/02/20 2:30,12.19931905,119.2528736,2014.430609,2041.993191,12.61000042,108.6250004,51.08999882,14.6124999,399.9501343,15.08896637,1793.808683,0.898536585,7.863238366,262.4358215,49.91037521,0.98844919,16.7248745,147.78813,72.12365093
10/02/20 2:40,11.79896317,119.2528736,1989.323523,2031.958527,12.48499994,108.5825008,51.06249905,14.61750002,400.4689987,15.12285192,1791.820667,1.182439024,6.972595404,262.4358215,49.95232925,0.979578298,16.44517326,118.5476959,75.86120052
10/02/20 2:50,11.55469909,119.2528736,2015.88656,2022.187963,12.38999968,108.5500019,51.02999954,14.59000001,400.5601379,15.13424022,1793.948307,0.886829268,6.200891729,262.4358215,50.02869949,0.995681165,15.88075161,127.5206241,62.62168489
10/02/20 3:00,13.68422618,119.2528736,2039.23562,2050,12.50250001,108.6175007,51.07499886,14.6375001,399.0177979,15.13041343,1795.92992,0.901463415,10.42751128,262.4358215,49.97337456,0.994804753,15.82940292,129.0298723,66.11255407
10/02/20 3:10,11.14008713,119.2528736,2009.296924,2005.603485,12.47749991,109.0849998,51.03749924,14.47750001,398.5996643,15.19660087,1805.741158,1.185365854,5.717929332,262.4358215,49.98029499,1.004692041,15.74171257,126.4175591,61.00735188
10/02/20 3:20,13.90398755,119.2528736,2018.389905,2050,12.43499975,108.8725002,50.98999977,14.47749996,398.5072662,15.18078612,1798.739342,0.872195122,10.13736063,262.4358215,49.93939438,0.984523662,15.9425106,111.4879316,77.05388203
10/02/20 3:30,13.64866061,119.2528736,2038.095984,2050,12.58500028,109.0825024,51.04999924,14.37499995,398.5772949,15.09376462,1786.139196,0.901463415,11.32990208,262.4358215,49.89972019,0.994267088,17.4373703,114.761338,77.30536203
10/02/20 3:40,11.54866629,119.2528736,2009.145947,2021.946651,12.39499984,109.1625004,51.05749931,14.42749987,398.8897598,15.22675391,1804.120737,1.16195122,6.836200134,262.4358215,49.8989851,0.992426498,16.11468124,99.50318341,71.61184921
10/02/20 3:50,12.43816292,119.2528736,2001.555902,2044.381629,12.26999969,108.7025017,50.93250008,14.57000008,399.5234299,15.23876989,1805.21854,0.88097561,7.55072175,262.4358215,49.95119991,0.980920088,14.95201206,151.6239187,79.98784533
10/02/20 4:00,16.35230722,119.2528736,2070.048267,2050,12.50500002,108.6199993,51.00749969,14.45,400.0795517,15.23297565,1799.780085,0.895609756,15.13971053,264.1886221,49.92736893,1.011462123,18.44395447,153.5407303,103.3274629
10/02/20 4:10,15.97392919,119.2528736,2035.676923,2050,12.63500028,108.972501,51.07499886,14.39749994,401.6509048,15.19818324,1803.540064,1.188292683,14.698746,271.2163391,49.9387043,0.994628147,17.83808136,173.6183348,112.7434559
10/02/20 4:20,15.86812296,119.2528736,2038.352631,2050,12.65000033,108.9300014,51.08749905,14.34249992,401.8654846,15.13461247,1798.32268,0.895609756,14.09501317,271.2163391,49.92250462,0.995774881,19.29152489,128.1013023,98.1431654
10/02/20 4:30,12.14242501,119.2528736,2030.151709,2041.42425,12.51750002,109.010001,51.14249992,14.33250017,401.4070862,15.14504702,1793.857389,0.898536585,7.672511668,271.2163391,49.90631981,0.996456487,18.00000381,104.0657087,75.49818335
10/02/20 4:40,11.37300935,119.2528736,1946.326611,2014.920374,12.31499968,108.6524998,50.98499966,14.24250011,401.0035995,15.12346302,1793.555351,1.156097561,6.102047274,262.9783231,49.90291519,0.965911279,14.00852966,133.7621639,63.94194312
10/02/20 4:50,11.85914268,119.2528736,2023.890674,2034.365707,12.14750009,108.4325008,51.00249977,14.44499993,401.3001259,15.17921408,1801.111856,0.889756098,7.258735548,258.0455627,49.91739454,0.99585493,16.64596176,105.1055079,66.98594675
10/02/20 5:00,13.27961946,119.2528736,2039.433038,2050,12.16315786,108.4775005,51.02499962,14.27749991,400.4959366,15.13424304,1795.176493,0.889756098,9.358336997,258.0455627,49.94977493,0.995291202,16.47006989,143.6723783,82.73224249
10/02/20 5:10,13.04666685,119.2528736,2053.423346,2050,12.18999982,108.6394726,51.05749912,14.08157901,400.6341843,15.18118367,1797.194773,1.197073171,10.22313943,258.0455627,49.97773972,1.002433339,15.93737888,140.001209,61.15706358
10/02/20 5:20,12.15577759,119.2528736,1914.568549,2041.557776,12.18999996,108.6119047,50.98499966,14.35476208,400.6843018,15.12329176,1794.862576,0.869268293,5.946847507,258.0455627,50.04103966,0.939660059,15.7039299,142.052684,65.19577293
10/02/20 5:30,12.36350835,119.2528736,1922.755512,2043.635083,11.95000005,107.5263158,50.68421053,14.33947382,399.6488647,15.18915385,1799.867646,0.822439024,8.052252068,258.0455627,50.03862534,0.942665202,14.39311886,151.7678461,88.22255249
10/02/20 5:40,15.13676523,119.2528736,2025.071508,2050,11.92105268,107.5210531,50.91842109,13.93421048,398.5141762,15.13096893,1792.199309,1.188292683,12.49453692,270.3226574,50.01354218,0.988293851,17.84062386,133.6313121,98.61859653
10/02/20 5:50,11.77540731,119.2528736,1886.278519,2031.016293,11.52499995,107.6200001,50.83999996,13.55250001,402.9868362,15.07764499,1787.45521,0.866341463,6.019829359,267.2637292,49.98085957,0.929109117,16.33801651,124.9206822,70.32770373
10/02/20 6:00,10.71472833,119.2528736,1817.159674,1941.519308,11.10526346,105.5921049,49.63947356,13.44210524,403.7840544,15.15714479,1797.12581,0.734634146,4.258289031,263.0429496,50.02348428,0.925404664,15.40799809,117.099155,66.13346481
10/02/20 6:10,11.62328744,119.2528736,1969.238135,2024.931498,11.09500036,105.0600002,50.0274992,13.41749992,402.3591995,15.20295525,1803.999739,1.173658537,6.440252562,262.8309406,49.99881477,0.971809752,18.25675583,126.6001657,77.3209693
10/02/20 6:20,10.30397639,119.2528736,1794.20661,1857.315161,10.93000007,104.3250004,49.55999908,13.66000004,400.6802551,15.06387945,1782.91876,0.75804878,2.814400244,263.5333862,50.01560459,0.945032127,17.1022377,130.1486839,61.50307274
10/02/20 6:30,9.381865621,119.2528736,1729.922208,1535.383561,10.8125001,103.2924992,49.42999992,13.25500002,401.4992493,15.00515248,1781.093565,0.834146341,1.98757791,263.5333862,49.97346973,1.042610317,16.4431591,107.0463768,58.99488831
10/02/20 6:40,8.677734351,119.2528736,1319.776328,1247.382803,10.575,100.4250008,48.32250061,13.42749991,400.8900345,14.79622905,1754.519989,0.781463415,0.048999612,263.5333862,49.92604446,0.952924733,16.72911644,126.2768036,55.82030973
10/02/20 6:50,11.68888755,119.2528736,1960.646643,2027.555502,10.52000012,97.90000153,48.45250053,13.02750006,399.5662857,15.17080656,1800.790867,0.813658537,6.437418233,263.5333862,49.94592953,0.966779933,15.76241779,117.0456869,71.12050428
10/02/20 7:00,11.26698043,119.2528736,1930.717035,2010.679217,10.60500016,98.67000046,49.19999962,13.15249996,399.8116165,15.21252456,1809.325996,0.860487805,5.187812108,263.5333862,49.9885149,0.96144495,17.25151634,104.392661,56.68485641
10/02/20 7:10,10.66106334,119.2528736,1824.464362,1930.517984,10.41250014,98.34749947,48.74499989,13.13000011,398.1334808,15.09612125,1789.7272,1.056585366,4.045769402,255.4123741,49.97636948,0.931551365,17.28624153,143.2711017,102.2938068
10/02/20 7:20,12.7625051,119.2528736,2008.421899,2047.625051,10.3974999,98.8625,49.60999928,13.0375,397.9121338,15.1394586,1797.707073,0.886829268,8.591861252,251.4601746,50.01002941,0.982159349,17.48230934,184.8874533,85.76424217
10/02/20 7:30,10.970927,119.2528736,2017.02995,1994.040035,10.33750005,99.95500031,49.72000046,12.91500006,402.8162186,15.14209154,1797.169985,0.886829268,6.162636936,251.4601746,50.02338963,1.014572602,18.64103699,153.4370497,71.00500841
10/02/20 7:40,10.99947615,119.2528736,2021.288092,1999.89261,10.20749998,100.8100006,49.65249977,13.16999993,401.355304,15.12667103,1793.954756,1.188292683,5.348275745,251.4601746,49.93815441,1.015324659,17.66072273,155.1518101,71.8190937
10/02/20 7:50,11.04773872,119.2528736,2033.358801,2001.909549,10.01999998,101.4099995,49.84749985,13.05499988,400.6341003,15.21193372,1805.982164,0.892682927,5.597470134,240.231466,49.92945442,1.01977678,17.32812691,144.927593,59.91739597
10/02/20 8:00,10.08874424,119.2528736,1861.360883,1813.192568,10.05499997,101.6525005,49.69999981,13.14750004,401.7458527,15.15671235,1795.990065,0.84,1.877057019,240.4845276,50.00055504,1.006362492,15.29537678,139.5919617,70.21113005
10/02/20 8:10,9.005956411,119.2528736,1563.799615,1377.501693,9.984999847,100.3675014,48.97499943,13.0525001,401.6314987,15.06475867,1784.472284,0.945365854,0.771071269,240.4845276,50.02230949,1.032328185,13.71759033,123.0231318,71.46996651
10/02/20 8:20,9.883461595,119.2528736,1805.325958,1746.05387,9.942499781,97.70499954,48.64749928,13.0625001,401.9552353,15.15501755,1795.613491,0.749268293,2.085317054,240.4845276,50.03721981,1.002785042,16.37121391,106.7654497,53.41321864
10/02/20 8:30,10.1500005,119.2528736,1855.02998,1825.750103,10.22999997,97.19000015,48.93500099,13.13500009,402.076651,15.16893612,1797.279058,0.80195122,2.154666934,240.4845276,50.08462524,0.995438159,15.497962,110.2607,45.57714958
10/02/20 8:40,12.56893568,119.2528736,2051.037366,2045.689357,10.50499988,97.30749931,49.50499992,13.1999999,401.8848038,15.24932894,1807.512331,1.170731707,7.867568791,240.4845276,50.09752998,1.004362521,15.46062279,143.1571485,73.32929745
10/02/20 8:50,15.03359003,119.2528736,2018.007379,2050,10.68499999,98.41500053,50.375,13.13000007,401.4262848,15.10169296,1796.434668,0.895609756,14.01460048,244.8576666,50.01123028,0.984722393,14.93007565,194.2936275,101.309131
10/02/20 9:00,13.93501398,119.2528736,2056.442268,2050,10.30277777,99.51111052,50.34722243,12.91666667,401.1870015,15.27494426,1809.079889,0.892682927,11.2013621,253.655304,50.0443111,1.003068629,20.2938385,129.2708859,69.23019632
10/02/20 9:10,8.346974022,119.2528736,1318.756213,1116.401713,9.968420782,99.26842017,49.21749954,12.73947374,401.3618293,14.5922251,1731.67198,0.875121951,0.402794246,253.655304,50.06461595,1.051770396,18.30402565,130.8107798,52.49527971
10/02/20 9:20,6.983416489,119.2528736,851.7879105,640.7877883,9.754999733,94.11190542,47.30500011,13.16190465,401.3976334,13.28430909,1577.602375,0.345365854,0.024499745,253.655304,50.03350964,1.118279424,14.84208584,113.9738025,45.79643722
10/02/20 9:30,10.03717764,119.2528736,1702.845398,1802.621416,10.0224998,90.16052567,47.59249935,12.93684217,402.22995,15.14647458,1795.200619,0.687804878,0.607902674,243.0904552,50.04746037,0.926537361,12.50898552,126.7001417,55.29985976
10/02/20 9:40,10.07506359,119.2528736,1941.120392,1810.388035,10.29000006,89.93500061,47.97631635,13.16749992,401.8422501,15.16410631,1798.659868,1.088780488,2.740132743,231.70401,50.06818523,1.051254509,15.00631046,110.7494602,51.23979011
10/02/20 9:50,10.62648125,119.2528736,2023.997694,1923.428656,10.63249993,91.60499763,48.77999973,13.40500002,401.8248436,15.12048855,1793.998747,0.886829268,5.238251828,231.70401,50.05921021,1.035173169,13.42224026,98.3478513,47.429234
10/02/20 10:00,11.52688008,119.2528736,2019.297017,2021.075203,11.06944466,93.59999932,49.74166637,13.69444444,403.2998914,15.17280012,1800.254936,0.895609756,5.537235528,231.70401,49.92596626,0.99771166,14.32270527,137.5045947,70.69753828
10/02/20 10:10,10.95952954,119.2528736,2027.20816,1991.703556,11.40499988,95.00250053,50.14249878,14.06499991,404.9966492,15.14194174,1794.509583,1.173658537,5.552122192,235.1607679,49.94424953,1.020249806,14.39481926,125.2827543,58.2476573
10/02/20 10:20,12.86005116,119.2528736,2053.686353,2048.600512,11.80500002,96.48499985,50.41250019,14.375,403.6454056,15.18394536,1800.858015,0.898536585,8.875607558,239.3869629,49.93714447,1.003608077,13.991436,106.563592,56.24855261
10/02/20 10:30,13.03045502,119.2528736,2041.226202,2050,12.10250001,98.00250092,50.5625,14.78499994,402.2509018,15.12192446,1793.269896,0.898536585,9.849701825,239.3869629,49.89934502,0.996500745,13.24990559,101.8279489,57.31785221
10/02/20 10:40,13.40283723,119.2528736,2036.001318,2050,12.39249983,99.42749977,50.68000031,15.02750001,401.8019638,15.08167398,1788.217615,1.202926829,10.46093672,239.3869629,49.90760498,0.993451562,13.94938564,124.3345646,77.9281148
10/02/20 10:50,13.86959133,119.2528736,2032.747833,2050,12.63250031,100.7599998,50.73249969,15.09999986,401.5444977,15.07768026,1788.625877,0.898536585,11.52400097,239.3869629,49.88410511,0.99154476,14.52011967,136.1723254,67.0434566
10/02/20 11:00,12.30774264,119.2528736,2039.510919,2043.077426,12.81500015,101.9075005,50.87499981,15.7250001,401.8208344,15.15091811,1796.376028,0.895609756,7.79212626,239.3869629,49.90664501,1.000194845,15.6736269,120.4219891,46.76082036
10/02/20 11:10,12.63273482,119.2528736,2052.85188,2046.327348,12.81750011,102.864999,50.98250008,15.9599998,402.9797531,15.17614661,1798.367992,1.197073171,10.0852157,233.2400014,49.94252434,1.004800908,14.49024868,107.4733301,72.17638769
10/02/20 11:20,12.19285941,119.2528736,2038.358997,2041.928594,12.95999999,103.5899998,51.01499958,16.02750001,402.582132,15.15363121,1800.172153,0.895609756,8.030236335,232.8015747,49.91733437,1.000223886,13.74552536,112.6041854,56.58566599
10/02/20 11:30,13.08463902,119.2528736,2047.262091,2050,12.98999996,104.1099995,51.04999924,16.10750012,402.7981171,15.21973099,1800.891644,0.886829268,9.840226329,232.8015747,49.93515911,0.999374427,13.06673145,96.87408676,58.95986061
10/02/20 11:40,12.80234045,119.2528736,2061.014198,2048.023404,12.96874988,104.7031269,51.081249,16.21562505,403.1681213,15.19114539,1801.612337,1.2,9.182484426,232.8015747,49.95624948,1.007596589,13.58008862,122.6938597,52.83125687
10/02/20 11:50,10.77733291,119.2528736,1975.649472,1954.353246,12.97368411,105.1157893,51.08421004,16.00526308,402.6274029,15.13418513,1791.892819,0.869268293,3.530320177,232.8015747,49.88337326,1.003068685,13.90152359,91.17420638,51.28547227
10/02/20 12:00,11.51386161,119.2528736,1939.697986,2020.554464,12.93499975,104.9350002,50.96249981,16.13749995,402.4425476,15.24536195,1808.484324,0.860487805,4.185713971,241.4009675,49.95303974,0.958538305,12.55043221,104.8440639,57.09682455
10/02/20 12:10,12.94551291,119.2528736,2013.861298,2049.455129,12.86499987,104.1050003,50.83500004,16.17249999,401.1459854,15.16459286,1794.938278,1.126829268,7.425752025,236.3400349,49.95898018,0.983557076,13.35401821,80.31645534,67.20818129
10/02/20 12:20,12.23063407,119.2528736,2015.457635,2042.306341,12.5250001,104.4999992,50.98250008,15.79499998,399.7918335,15.18484953,1800.344719,0.87804878,6.973755543,251.2207113,49.91421452,0.988792995,13.52942467,134.8121386,85.93764114
10/02/20 12:30,10.71223991,119.2528736,1937.366949,1941.009181,12.1224998,104.5775002,50.94249973,15.06750002,399.7802826,15.17585617,1798.181242,0.854634146,3.692773019,252.3080535,49.89801025,0.986740476,16.21736908,135.9350739,54.13283024
10/02/20 12:40,8.986261606,119.2528736,1487.836722,1369.559596,11.2150001,103.8225006,50.26249981,14.79250002,400.7204163,14.66773948,1737.705299,0.936585366,0.556948603,238.2365759,49.93214016,0.987217139,14.34492493,125.0252111,52.7923475
10/02/20 12:50,7.560940003,119.2528736,757.2500305,832.3539611,10.49249992,98.17499962,47.59250031,14.45999994,400.9047684,12.89975412,1532.820425,0.336585366,0,248.3241623,50.00542507,0.763839441,12.98660088,97.76485033,50.27868948
10/02/20 13:00,5.911791849,119.2528736,459.2897301,374.5932839,10.225,91.68249969,47.51249962,13.64749994,398.1467163,11.15635416,1323.813955,0.24,0,258.0455627,49.94677906,1.039770419,11.03964806,130.4447919,37.66364141
10/02/20 13:10,6.052217162,119.2528736,378.2161194,404.2631591,11.875,85.08750114,49.06749954,13.3849999,398.2266281,10.52295363,1250.964134,0.207804878,0,253.1317837,49.90600986,0.791671858,8.783261299,113.9208118,48.1580827
10/02/20 13:20,6.088321185,119.2528736,468.6751068,413.433581,15.05750003,79.43750038,50.32500019,12.75750008,403.9367859,11.20739302,1331.612835,0.207804878,0,231.70401,49.99313488,0.96233642,7.36195612,80.87942305,24.84499586
10/02/20 13:30,6.588599229,119.2528736,521.1518723,540.5042041,16.37250009,74.39500046,51.11749992,12.18000011,404.4500336,11.60482581,1377.894596,0.216585366,0,231.70401,49.95822487,0.835540661,5.692438126,47.38634987,21.19650044
10/02/20 13:40,7.667043209,119.2528736,785.0401962,867.7924318,17.29250011,70.36000175,52.28750019,12.23249984,403.3100128,13.14728478,1559.858299,0.433170732,0,231.70401,49.96687527,0.768516892,5.49726963,78.13777776,26.77449017
10/02/20 13:50,7.80149157,119.2528736,1003.751038,912.6981845,16.80999999,68.11749954,52.90750008,11.99499998,403.6176819,13.92730138,1652.369562,0.462439024,0,223.0218906,50.0582449,0.947224902,8.238021851,84.43725834,40.62384582
10/02/20 14:00,7.292841887,119.2528736,882.317218,742.8091904,15.07750001,66.41999931,50.96500015,11.82000003,403.5067139,13.362497,1584.599613,0.386341463,0.071993522,223.1174549,50.09046993,0.99306306,9.96572876,110.4142561,48.28786445
10/02/20 14:10,5.723085403,119.2528736,425.617366,339.493885,17.37250013,63.93250103,52.57499962,11.82000008,403.535733,10.90767941,1295.309057,0.304390244,0.024499745,216.3381042,50.0954998,1.082013526,9.584160805,141.8447619,38.41861629
10/02/20 14:20,5.695835805,119.2528736,494.5994812,334.4254597,18.34500017,61.24999981,53.18749981,12.1,403.9000092,11.42924233,1357.93689,0.207804878,0,216.3381042,50.09568462,1.280109748,8.153878212,106.6207121,39.70639081
10/02/20 14:30,8.195276475,119.2528736,1074.315146,1056.329484,18.8749999,59.29250031,54.34749985,11.91749988,404.6194305,14.16375165,1679.818165,0.39804878,0,216.3381042,50.10288944,0.90006597,9.551812172,97.472334,46.15597477
10/02/20 14:40,8.605637622,119.2528736,1427.838736,1218.832498,13.66749997,59.91749992,52.47500019,11.43499994,403.8740158,15.00191268,1779.087879,0.845853659,0.317392885,216.3381042,50.08271999,1.052640273,10.96434879,79.79670806,46.50535369
10/02/20 14:50,9.655217028,119.2528736,1579.228894,1650.191152,11.48750014,61.52249966,51.34500027,11.61250014,402.9232834,14.88418266,1767.571661,0.64097561,2.742976564,221.8976283,50.06643524,0.905862843,11.62306404,100.8122024,61.98641529
10/02/20 15:00,11.15382347,119.2528736,1900.732983,2006.152939,11.12500024,65.09000072,51.34750137,11.66750011,402.5273026,15.12518187,1796.079523,0.825365854,4.576023229,246.3657077,50.03412991,0.949984639,13.8615284,137.0778543,64.33975391
10/02/20 15:10,12.33400841,119.2528736,1951.942053,2043.340084,11.17750039,69.05500031,51.25500107,11.82499995,403.0611832,15.09693767,1789.5693,1.141463415,6.758473902,252.6837413,50.03548031,0.957120327,17.5049324,174.71264,75.83773561
10/02/20 15:20,13.20848789,119.2528736,2006.08609,2050,10.8900001,73.27499962,51.1800005,10.74000006,399.7602448,15.01444875,1781.384399,0.88097561,8.027753022,309.1684518,49.99507523,0.979110918,18.68835258,110.8474409,81.02323933
10/02/20 15:30,9.94737215,119.2528736,1806.294876,1772.896303,10.12499981,76.67999954,50.22749939,10.37750006,398.7631104,15.12541102,1794.156092,0.831219512,2.081136454,309.0461655,49.94483471,0.994511144,13.66975975,102.8868271,57.47945705
10/02/20 15:40,8.417358208,119.2528736,1307.510922,1144.27385,9.475000048,77.50500031,49.27499981,9.854999971,398.6922318,14.54537478,1724.911852,0.804878049,0.36094886,295.3627625,50.03754539,1.020060054,12.22239208,68.37579641,32.25887976
10/02/20 15:50,6.559623098,119.2528736,609.2942581,533.144267,8.959999895,74.7875,47.9625,9.952500057,399.0450653,12.05207285,1433.655155,0.295609756,0,295.3627625,50.00671501,0.992975221,10.12519455,61.89171876,29.79089171
10/02/20 16:00,5.955339575,119.2528736,354.7208397,382.6931609,10.85499997,70.45,48.72000103,10.16500006,401.4248322,10.34014642,1229.646309,0.163902439,0,295.3627625,49.93497982,0.783249586,6.648724079,67.70583677,21.75626903
10/02/20 16:10,6.153865409,119.2528736,436.8199211,430.0818139,13.725,66.29999962,49.25749912,10.15249996,401.4190353,10.94340263,1300.444799,0.234146341,0,291.8176087,49.86450005,0.866955707,4.549651146,60.18998413,23.30054584
10/02/20 16:20,6.90789175,119.2528736,628.1290787,621.6045046,15.38421054,62.98420996,50.86315777,9.978947489,402.4456177,12.25082535,1464.838106,0.28097561,0,271.2163391,49.89993105,0.854244422,4.998582363,63.86556492,23.91866689
10/02/20 16:30,6.873049248,119.2528736,703.5301651,612.7545089,16.45952388,60.46666663,52.0047622,10.045238,400.8636039,12.65971193,1491.43704,0.272195122,0,271.2163391,49.99372337,0.972898083,6.558189869,86.37506652,30.43452183
10/02/20 16:40,6.632610917,119.2528736,667.8276794,551.6831729,17.3500001,58.39500027,53.20499992,9.717500067,399.428598,12.48813379,1482.804594,0.421463415,0,271.2163391,50.02609997,1.044934582,7.668223381,100.1419035,42.38611908
10/02/20 16:50,5.718524004,119.2528736,470.2207314,338.6454648,17.66315781,56.42249947,53.27250023,9.681578988,399.2366269,11.20647794,1330.342958,0.187317073,0,271.2163391,50.07935253,1.198968577,8.657565117,155.9518059,37.99923892
10/02/20 17:00,6.935105371,119.2528736,591.4859451,628.5167644,18.2874999,54.775,54.13500004,9.645238059,398.6869278,12.05204983,1429.56958,0.283902439,0,271.2163391,50.07908001,0.794139965,9.619727135,159.260909,47.99557414
10/02/20 17:10,6.135655689,119.2528736,658.7746872,425.4565451,18.95250006,53.23999996,54.82749996,9.557894757,397.7692963,12.48531707,1481.971418,0.365853659,0,262.7604996,50.01376495,1.319721019,11.19385719,125.0907166,36.87860508
10/02/20 17:20,7.428552246,119.2528736,1023.609203,788.1364502,17.56000013,52.78249989,54.30500011,9.390476045,396.7495972,13.69984429,1625.322344,0.456585366,0,255.8504333,49.91633434,1.083699648,10.65543365,110.1483192,48.96554484
10/02/20 17:30,7.979264522,119.2528736,1148.745458,972.0743502,11.60000005,53.14999972,51.15000012,9.447368371,396.947551,14.09302246,1670.781573,0.447804878,0.395535279,255.8504333,49.93594017,1.034763777,12.0350771,144.4812424,51.11896298
10/02/20 17:40,9.093590117,119.2528736,1439.629282,1414.307849,9.957499838,54.39999981,49.58999939,9.157500219,398.8463211,14.46497816,1714.702589,0.813658537,1.761488166,247.7207374,49.91390457,0.92969889,13.05377102,115.3822109,44.93767009
10/02/20 17:50,10.98872848,119.2528736,1988.225531,1997.689337,9.360000134,58.27249966,49.86499977,9.182499981,403.1723984,15.17885296,1800.730385,0.866341463,3.521793683,239.3869629,49.93392448,0.999231028,12.79953861,108.5024927,52.65655804
10/02/20 18:00,10.32684541,119.2528736,1943.165424,1862.003309,9.044999838,62.92249947,49.92749996,9.182500029,401.9000336,15.15648955,1798.969872,0.837073171,2.118750926,239.3869629,49.96632996,1.020693157,12.30262756,112.8492392,52.33126292
10/02/20 18:10,9.437553167,119.2528736,1863.403748,1558.77233,8.725000238,67.09749908,49.92999973,9.250000143,400.2634659,15.1363593,1794.068768,1.112195122,1.289673843,239.3869629,50.00041447,1.108764381,12.91595745,132.4806915,59.27505312
10/02/20 18:20,8.805592704,119.2528736,1572.644,1298.014711,8.63250041,69.32249908,49.42999954,9.38499999,399.7833817,15.06274769,1785.08202,0.661463415,0.420440303,259.6947772,49.99224415,1.095471955,16.22600555,141.0398004,71.51759849
10/02/20 18:30,9.896269631,119.2528736,1777.542743,1751.433245,8.627500296,70.86499977,49.11749859,9.597500038,400.1230011,15.0511913,1785.51194,0.749268293,2.688619038,260.2406921,49.99036961,0.985602424,18.2809906,173.7611137,74.49085236
10/02/20 18:40,9.893738345,119.2528736,1742.929424,1750.370105,8.597368792,73.59736834,49.22894628,9.613157925,398.7505076,15.14034626,1796.891345,1.047804878,1.840955574,260.2406921,50.07152618,0.966748889,18.33930016,126.8602651,62.41521353
10/02/20 18:50,9.927473307,119.2528736,1804.008667,1764.538789,8.5,75.14000053,49.19999866,9.5125,401.816333,15.20576647,1801.339262,0.743414634,1.378437494,260.2406921,50.08749962,0.995975995,17.22146416,178.1757545,66.02453594
10/02/20 19:00,9.182727122,119.2528736,1568.597668,1451.745391,8.339999723,76.52749939,49.14249916,9.682499981,402.8109177,15.04340963,1784.952518,0.711219512,0.236492211,260.2406921,50.00599976,0.991071452,18.57062912,136.1763105,48.84552908
10/02/20 19:10,9.940708113,119.2528736,1761.407086,1770.097407,8.229999733,77.48500061,49.0974987,9.635000038,402.2637512,15.12130183,1793.575762,1.03902439,1.866359757,260.2406921,50.02940006,0.970685751,17.32152748,139.7983089,65.63519163
10/02/20 19:20,10.63396201,119.2528736,1973.718225,1924.962212,8.174999905,79.42749977,49.30249958,9.640000057,399.6691147,15.18159293,1801.291574,0.863414634,3.316634932,260.2406921,50.03770981,1.009089733,18.58505249,139.4522161,62.58876357
10/02/20 19:30,9.473904021,119.2528736,1758.0339,1574.039689,7.947059042,81.2941172,49.27647063,9.844117613,400.7188272,15.17050619,1799.719122,0.778536585,2.281848699,248.9385419,50.04514717,1.037447649,17.71337891,140.9946789,50.16662328
10/02/20 19:40,11.98154387,119.2528736,1999.267548,2039.261755,8.150000143,83.00000038,49.06999969,9.717500114,398.6465622,15.1380284,1797.092451,1.147317073,6.572280371,258.2490508,49.99712486,0.982245973,17.87057877,168.3951935,88.73716154
10/02/20 19:50,10.84071107,119.2528736,1933.01922,1967.345769,8.15999999,85.33999901,49.26499901,9.882500076,399.9421204,15.11673957,1794.563662,0.866341463,4.010049874,256.3058178,50.00012989,0.978423591,19.0671463,117.739392,62.93861861
10/02/20 20:00,11.1886096,119.2528736,1990.660565,2007.544384,7.950000143,87.22250175,49.26749897,9.999999857,400.6058197,15.12715097,1795.347061,0.87804878,4.210769145,250.3626099,49.88316002,0.993810028,16.70340729,131.7022484,80.18097382
10/02/20 20:10,11.64019804,119.2528736,2016.050922,2025.607922,7.887500143,88.84999886,49.18999825,9.815000153,402.2949173,15.20261309,1804.317959,1.167804878,6.395965739,250.3626099,49.93973923,0.994702123,17.11971664,147.3724992,67.20371755
10/02/20 20:20,11.08484516,119.2528736,2008.758051,2003.393806,7.900000095,90.47250175,49.36249981,9.962500048,400.2923447,15.17955355,1799.918381,0.886829268,6.031148099,250.3626099,50.03363552,1.006224763,17.5044136,143.9862495,82.15108542
10/02/20 20:30,10.18952012,119.2528736,1914.356201,1833.851625,7.892500162,91.86500015,49.47750015,10.13000002,398.5431427,15.10708585,1791.675138,0.863414634,2.867861043,250.3626099,49.97439957,1.022340331,17.40836525,162.7915732,63.14286001
10/02/20 20:40,9.330206227,119.2528736,1896.226233,1513.686615,7.810000157,92.57000084,49.6024992,10.23500004,398.3950452,15.20522381,1802.253714,1.126829268,2.284060085,250.3626099,49.95732975,1.156673622,16.78956604,174.4445456,72.01331701
10/02/20 20:50,10.66926794,119.2528736,2017.313806,1932.199928,7.682499838,93.52250023,49.68250027,10.25749989,398.9058881,15.18493143,1800.60918,0.886829268,4.554980706,250.3626099,50.03375988,1.029607028,17.58204079,162.5994888,72.86711807
10/02/20 21:00,12.34343829,119.2528736,2055.536664,2043.434383,7.699999857,94.77750092,49.74750004,10.22249994,400.2613124,15.22567481,1804.656223,0.898536585,8.082920324,250.0885773,50.01512086,1.007868058,17.72797012,116.2258204,63.7346303
10/02/20 21:10,11.47057385,119.2528736,2044.198529,2018.822954,7.732500005,95.925,49.55249977,10.2874999,401.0709137,15.13283984,1797.397631,1.202926829,8.322177792,241.6899121,49.98811474,1.011307597,15.78000927,145.2051483,65.3720912
10/02/20 21:20,11.6861587,119.2528736,2016.807959,2027.446348,7.810000181,97.02250061,49.50749969,10.43750014,402.4521295,15.14330193,1797.882008,0.895609756,7.447342165,247.0699158,50.02370925,0.994506426,17.48124695,146.6164425,90.8308815
10/02/20 21:30,12.90574817,119.2528736,2043.838976,2049.057482,7.939473855,97.63947457,49.56315693,10.46315785,402.7244359,15.14544674,1796.978657,0.898536585,9.207490805,247.0699158,49.9466368,0.998476055,19.1339798,165.280509,78.04111185
10/02/20 21:40,11.31047237,119.2528736,1996.143768,2012.418895,8.020000243,98.15249977,49.63249989,10.6,402.81595,15.17435235,1797.026831,1.185365854,7.078669153,247.0699158,49.91273479,0.992631752,18.83181572,160.1277637,73.31411343
10/02/20 21:50,12.17982841,119.2528736,2028.938959,2041.798284,8.249999714,98.74749985,49.64500008,10.7650001,403.5174332,15.1330799,1794.381191,0.892682927,9.001786282,247.0699158,49.98460979,0.995668573,19.43551064,130.2101513,83.78604889
10/02/20 22:00,12.27264104,119.2528736,2048.207544,2042.72641,8.387499619,99.20499992,49.70500031,10.80499997,404.0834503,15.17796649,1794.415815,0.895609756,10.26328235,247.0699158,50.01103992,1.004642029,20.85782242,150.7153307,90.16165075
10/02/20 22:10,12.767313,119.2528736,2057.930133,2047.67313,8.469999886,99.76249886,49.79750042,11.16749992,399.7304825,15.23345406,1805.245068,1.197073171,9.832885624,247.0699158,50.00071468,1.006335958,19.8858242,163.1263605,123.3847466
10/02/20 22:20,14.52980399,119.2528736,2009.652216,2050,8.582500172,100.2974995,49.97999935,10.90999999,402.4951645,15.16652937,1805.252724,0.883902439,12.81478869,256.0980489,50.04723015,0.980947251,21.04696083,226.6720478,116.8713615
10/02/20 22:30,16.32043548,119.2528736,2057.884222,2050,8.962499905,100.6250004,50.33000011,10.8375,403.4358215,15.23271579,1810.229507,0.892682927,15.44038626,265.4541307,49.9633194,1.005518556,24.47028351,195.2099598,129.1758789
10/02/20 22:40,15.46338934,119.2528736,2042.677174,2050,9.029411709,101.0176463,50.17941105,10.90588227,404.0887254,15.15626865,1798.843561,1.188292683,14.34282079,265.0363999,50.0628707,0.997283351,23.91592598,206.4305667,147.0283739
10/02/20 22:50,15.05811551,119.2528736,2022.53264,2050,9.011764695,101.2222226,49.85277769,10.94722244,404.8697043,15.11058072,1792.757607,0.889756098,11.66324421,265.3411444,50.04449957,0.986960103,24.93764305,168.1100744,110.4692034
10/02/20 23:00,13.48050284,119.2528736,2051.040566,2050,9.052499962,101.2394738,50.21052632,10.98947364,404.2967178,15.14341216,1796.265787,0.895609756,11.44571392,248.6996758,49.94708481,1.000685184,22.42589188,158.7257267,101.3474409
10/02/20 23:10,13.03312802,119.2528736,2035.109271,2050,8.962499857,101.5700005,50.26499901,10.91999993,403.1817505,15.13506903,1793.585392,1.194146341,9.360106951,247.0699158,49.99454479,0.993510958,20.80337143,146.6833279,85.73227444
10/02/20 23:20,12.69859457,119.2528736,2043.774408,2046.985946,8.969999886,101.8600002,50.10999851,11.0499999,401.1495987,15.17688113,1799.142998,0.892682927,8.571300928,247.0699158,49.98326931,0.999895578,19.72857094,114.2320198,73.18290019
10/02/20 23:30,12.1359468,119.2528736,2007.388965,2041.359468,8.954999828,101.9875,50.08749866,11.09250002,400.8606537,15.22145766,1804.202299,0.892682927,7.660716216,247.0699158,50.0055397,0.985316904,17.43917274,159.9523677,69.73651743
10/02/20 23:40,11.60409398,119.2528736,2037.580591,2024.163759,8.979999924,102.1875,49.83249969,11.1875,398.1434967,15.21554245,1805.747824,1.179512195,7.276454965,247.0699158,50.02975006,1.005776884,18.11405182,149.0615089,77.01293311
10/02/20 23:50,11.59332762,119.2528736,1994.468958,2023.733105,9.009999895,102.4074997,50.05499954,11.30249991,398.5826294,15.1705986,1803.590876,0.883902439,7.100011562,248.988493,50.08744545,0.984628483,19.4522934,182.44916,94.09614639
11/02/20 0:00,13.3684968,119.2528736,2058.117358,2050,9.124999952,102.597501,50.03499908,11.27250004,400.8131042,15.26234803,1810.096338,0.886829268,9.077958475,254.7528687,49.9797348,1.004289363,18.64590263,119.8920816,80.12071352
11/02/20 0:10,12.48083787,119.2528736,1968.78891,2044.808379,9.197499895,102.6624996,50.13749866,11.41999998,402.0819168,15.19704196,1800.966362,1.173658537,7.441470158,254.7528687,50.05608501,0.964649039,19.66599846,147.1612819,84.07376547
11/02/20 0:20,11.67884517,119.2528736,2053.478851,2027.153807,9.109999943,102.3824993,49.79249954,11.30249991,401.9652206,15.24705644,1807.943161,0.88097561,6.717934284,254.7528687,49.98533478,1.012681357,19.33575058,138.9612364,72.60878735
11/02/20 0:30,12.0646666,119.2528736,2025.409613,2040.646666,9.039999962,102.5174984,49.81499977,11.51499996,400.8662186,15.19560671,1801.349888,0.883902439,7.364119269,254.7528687,49.87867985,0.994529,18.56469345,148.6692099,76.69030118
11/02/20 0:40,12.90168396,119.2528736,2069.658601,2049.01684,9.047368351,102.5763148,50.02631539,11.66578945,400.8735079,15.23265166,1803.394613,1.2,10.51093661,254.7528687,49.9383836,1.011118497,20.05970192,166.3201045,90.14833832
11/02/20 0:50,14.60396109,119.2528736,2056.052051,2050,9.124999905,102.85,50.26749916,11.52250013,401.4930206,15.14398965,1797.584536,0.898536585,11.98265129,254.7528687,49.94087009,1.003540627,20.19291306,161.2532786,110.3071794
11/02/20 1:00,13.42104721,119.2528736,2031.389471,2050,9.25,103.0474998,50.53250065,11.41749988,400.8945175,15.09913713,1792.951315,0.895609756,10.49239126,254.7528687,49.904175,0.991176938,20.20363426,155.3376953,100.2129704
11/02/20 1:10,12.53225613,119.2528736,2056.627203,2045.322561,9.272500038,103.247501,50.3800005,11.57250009,402.0939011,15.2388019,1810.179508,1.194146341,9.793522275,254.7528687,49.93840981,1.007359244,19.02375031,186.5811945,95.61261187
11/02/20 1:20,11.78739858,119.2528736,2037.753961,2031.495943,9.325000143,103.3850006,50.36500072,11.70999994,401.9991837,15.16505992,1802.540428,0.886829268,8.120089248,254.7528687,49.90850964,1.003570553,19.48840904,197.3216452,105.6463613
11/02/20 1:30,13.13971391,119.2528736,2034.104639,2050,9.410000086,103.1975002,50.36749973,11.46500006,402.9711166,15.14751944,1795.98262,0.892682927,9.861137158,254.7528687,49.95576954,0.992877921,18.23601913,151.4785583,96.58179321
11/02/20 1:40,11.07831109,119.2528736,1911.98678,2003.132443,9.412500095,103.2249992,50.21000061,11.59500008,403.4479813,15.1566339,1797.316177,1.141463415,5.854960403,254.7528687,49.94572945,0.957953511,18.52297401,119.6633907,51.62088575
11/02/20 1:50,10.03261118,119.2528736,1790.873627,1801.685292,9.212499857,102.0650005,49.50750027,11.7374999,404.2943649,15.121438,1794.649921,0.807804878,1.698032971,254.7528687,50.03180008,0.974985729,15.81572056,134.1440612,67.45960579
11/02/20 2:00,9.850772953,119.2528736,1831.48775,1732.32464,9.129999924,101.0400002,49.46000042,11.63000011,403.1783356,15.09179239,1789.040823,0.831219512,2.616362626,254.7528687,49.9433197,1.021948362,15.66201973,135.0661757,61.35384016
11/02/20 2:10,10.56245918,119.2528736,1912.788141,1910.304132,9.049999952,100.1275002,49.40000114,11.52249994,404.0325638,15.16528331,1798.544455,1.100487805,2.153076766,254.7528687,49.98793488,0.981358048,15.66989231,162.9218077,60.25094481
11/02/20 2:20,11.74477904,119.2528736,2025.706281,2029.791162,9.05999999,99.70499878,49.6100008,11.28999991,404.354982,15.23695703,1806.740181,0.88097561,6.810014329,254.7528687,49.99372463,0.998166014,16.52410507,146.5160486,76.75900793
11/02/20 2:30,11.77136064,119.2528736,2006.041309,2030.854425,9.174999905,99.83999901,49.71000023,11.62500005,404.1396606,15.19229333,1801.678225,0.872195122,5.473528814,258.4849721,49.90585022,0.988149429,17.5107708,122.0369932,74.81777973
11/02/20 2:40,9.970723867,119.2528736,1746.795746,1782.704024,9.204999971,99.88749809,49.64250011,11.43749986,404.2861771,15.1424135,1796.031115,1.077073171,2.883517544,259.1431274,49.92312012,0.958675575,15.00249195,171.8455103,59.63821182
11/02/20 2:50,8.473324132,119.2528736,1273.865735,1166.436356,8.767500067,96.8724987,48.82000046,11.76749992,403.769101,14.82372281,1758.716051,0.541463415,0.163477372,250.1776506,50.00999966,0.976871864,16.00267792,117.6882267,52.54515972
11/02/20 3:00,8.831468987,119.2528736,1669.231171,1308.261719,8.5525002,94.38500023,48.77750072,11.67250013,401.7274704,15.103084,1790.896151,0.772682927,1.73187424,247.0699158,49.94476414,1.154515185,15.46738148,125.2414082,61.20516853
11/02/20 3:10,8.605025077,119.2528736,1561.703912,1218.58993,8.527500105,92.39000015,48.67000027,11.79250016,400.9575348,14.99052331,1774.404041,0.889756098,0.467366269,247.0699158,50.00869522,1.151535045,15.4665966,114.6730959,58.07201557
11/02/20 3:20,8.673390675,119.2528736,1403.454117,1245.662707,8.477499914,90.33000069,48.51249981,11.46750002,399.6674484,14.85840073,1761.129885,0.646829268,0.468362511,249.7772725,50.02738419,1.014602624,16.86310196,143.8297501,49.98378968
11/02/20 3:30,8.958455014,119.2528736,1573.737201,1358.548186,8.454999828,88.08500023,48.43250008,11.05749984,399.6806808,15.02860862,1784.571602,0.664390244,0.989939993,253.5055812,49.9721899,1.051896689,15.05385208,126.8795445,59.04153423
11/02/20 3:40,11.30456953,119.2528736,1953.228912,2012.182781,8.472499895,88.2375,48.43000088,11.2124999,400.2899338,15.16271706,1795.312969,1.085853659,5.436758874,249.545728,50.02056522,0.971476179,14.74263763,122.0577082,67.97654419
11/02/20 3:50,12.20863748,119.2528736,1962.15069,2042.086375,8.542500114,89.39000015,48.7475008,11.03499985,400.80625,15.10093756,1791.562265,0.872195122,6.53736158,265.7285156,50.09155998,0.962749864,15.88334846,190.1385246,90.01516743
11/02/20 4:00,11.3312809,119.2528736,2015.155646,2013.251236,8.672500277,91.33999939,48.93250084,10.97250004,399.02108,15.16223019,1798.801872,0.889756098,6.748302597,265.7285156,49.93240509,1.001413993,18.24510384,145.1359059,90.54877834
11/02/20 4:10,10.90941091,119.2528736,1886.347308,1981.429236,8.720000315,92.73249969,49.09999866,10.87749991,398.9768143,15.10585843,1790.493113,1.11804878,3.235003123,265.7285156,50.01014996,0.951645657,17.64465904,142.502545,67.09319353
11/02/20 4:20,9.424188232,119.2528736,1615.20611,1553.159058,8.429999781,91.93499985,48.95000076,11.08499985,398.7916306,14.96225198,1777.384209,0.699512195,1.496186966,246.7992202,50.03573971,0.964026366,16.17482185,112.6377837,55.76616411
11/02/20 4:30,9.873363614,119.2528736,1848.284546,1741.812718,8.337499666,91.54749947,48.98250046,11.18000002,397.929747,15.17160854,1795.945284,0.810731707,2.979091548,253.5626975,50.02696476,1.028086119,15.73479748,119.0195862,69.06953211
11/02/20 4:40,11.1310472,119.2528736,2016.117609,2005.241888,8.474999905,92.62999878,49.02249966,11.15000005,397.9126328,15.18284199,1800.111374,1.164878049,6.426979712,251.2359574,49.99820919,1.00839808,17.92696762,108.0444712,79.70576916
11/02/20 4:50,10.6669662,119.2528736,2012.335376,1931.728071,8.542500162,93.9375,49.01499977,11.2349999,400.3243851,15.11922294,1790.649719,0.88097561,4.943627066,249.2650452,49.96260529,1.027181134,16.71687889,160.5935624,90.76430387
11/02/20 5:00,12.3888793,119.2528736,2008.788458,2043.888793,8.697500277,95.23499985,49.18999844,10.95749989,401.3796371,15.13586368,1797.723078,0.898536585,7.683768514,259.3656941,50.03251495,0.984715291,17.15019798,113.0814119,79.09539814
11/02/20 5:10,11.89036486,119.2528736,1939.269592,2035.614594,8.790000057,95.84749908,49.19999866,11.15000005,401.0208847,15.19715506,1804.537685,1.132682927,6.740225572,260.2406921,50.04077492,0.953847284,15.9206171,140.6561802,70.51111336
11/02/20 5:20,12.33721995,119.2528736,2052.199451,2043.3722,8.715000343,96.54500122,49.36750031,10.98000007,400.9556519,15.22783341,1806.465591,0.886829268,6.688933334,260.2406921,49.95200005,1.006264097,17.43339348,136.2097393,63.03486061
11/02/20 5:30,9.229188967,119.2528736,1644.727594,1471.259366,8.592500353,96.56749992,49.40749969,10.9775001,400.6371017,15.02845207,1780.839798,0.775609756,0.919750969,260.2406921,50.02751942,1.027584773,17.73717499,124.3449478,48.23074646
11/02/20 5:40,9.365809083,119.2528736,1697.287042,1528.639815,8.459999847,94.85500069,49.2024992,10.96000004,399.0279129,15.0997214,1791.626495,0.957073171,1.01356441,260.2406921,49.97984486,1.026758014,16.96544075,108.4218294,57.76641946
11/02/20 5:50,8.974103212,119.2528736,1514.279178,1364.744872,8.192499828,92.82499886,49.0125,11.10249991,399.4139633,14.93458007,1770.9879,0.635121951,0.489141379,260.2406921,49.99488468,1.007981262,15.61068249,137.6963929,61.47848558
11/02/20 6:00,11.93565743,119.2528736,1907.434137,2037.426297,8.349999762,91.40999985,48.96000023,10.78999987,399.3674805,15.21744396,1803.838491,0.787317073,7.291998492,260.2406921,50.02675495,0.937661494,16.08869934,151.3257345,86.58455734
11/02/20 6:10,11.99778609,119.2528736,2010.662793,2039.911444,8.590000343,92.79500008,48.94250069,11.03250008,397.6281189,15.1152062,1794.100754,1.194146341,7.601695173,260.2406921,49.91594505,0.987645568,17.94524574,125.8182743,83.73589268
11/02/20 6:20,11.46886613,119.2528736,1969.806885,2018.754645,8.582500267,94.28749886,49.0849987,10.84500003,400.6265686,15.15358338,1797.233637,0.866341463,6.176707562,260.2406921,49.95816498,0.974557887,16.17402649,110.1891568,73.2331975
11/02/20 6:30,11.55063396,119.2528736,2017.451416,2022.025358,8.592500305,94.80499916,49.14499817,10.88499999,401.7020676,15.18067311,1800.583563,0.869268293,5.964636307,260.2406921,49.94117985,0.996504575,17.34404945,115.3671086,81.94852638
11/02/20 6:40,11.19176512,119.2528736,1909.266296,2007.670605,8.705000257,95.64500008,49.24999866,10.87249999,403.5180344,15.15375374,1797.785053,1.156097561,5.969426369,260.2406921,49.92611446,0.953077701,16.12669182,153.4754179,75.35529089
11/02/20 6:50,11.37155615,119.2528736,1839.286229,2014.862246,8.585714613,96.29285594,49.3571434,10.91071435,401.197307,15.18881315,1800.579104,0.857560976,4.681971335,260.2406921,49.97916358,0.912832607,17.6973896,135.3551429,79.00602286
11/02/20 7:00,10.13195772,119.2528736,1740.555002,1822.051333,8.422499704,95.0125,49.13249855,10.97749996,400.3394379,14.96736422,1770.691366,0.702439024,4.814255501,260.2406921,50.0564352,0.936071304,18.00288773,172.3093143,60.07802391
11/02/20 7:10,11.14947982,119.2528736,1983.749744,2005.979193,8.4474998,95.37000008,49.15999889,10.60749993,398.8902466,15.13110048,1795.772684,1.173658537,5.794978784,260.2406921,50.01808987,0.991615925,17.91775322,178.5962826,83.86974287
11/02/20 7:20,10.92385256,119.2528736,1894.765936,1984.389775,8.540000153,96.06999931,49.31999912,10.7125001,398.5436783,15.10060273,1788.674686,0.848780488,4.330649803,260.2406921,50.01129932,0.955229401,16.24590492,125.2242338,66.90991173
11/02/20 7:30,9.024333239,119.2528736,1504.82229,1385.21996,8.267499924,95.10500069,49.27249908,11.18250012,398.9638626,15.10740021,1793.747972,0.661463415,0.432263106,260.2406921,50.06524544,0.988787213,16.18150902,101.5643727,70.76093626
11/02/20 7:40,9.529326224,119.2528736,1899.800366,1597.317014,8.027500224,93.55500069,49.42750053,11.07250009,398.8324478,15.18568245,1801.349842,1.056585366,0.872459798,245.192497,50.05859032,1.109748446,16.0025177,124.1245926,54.50342793
11/02/20 7:50,9.595297241,119.2528736,1708.313031,1625.024841,8.000000215,93.20500031,49.31249924,11.09749985,398.3016327,15.16304541,1799.191172,0.752195122,0.415962959,243.7772217,50.07462463,0.988386183,15.34397602,81.88703256,52.89409261
11/02/20 8:00,10.30018969,119.2528736,1873.638025,1856.538886,8.060000277,92.14249916,49.2224987,10.84250002,398.2211639,15.12863995,1795.173529,0.813658537,2.761125721,244.9628451,50.04591503,0.987317768,14.01408863,130.6468747,59.87796125
11/02/20 8:10,12.08012924,119.2528736,2028.001508,2040.801292,8.520000076,93.39000015,49.0774992,10.83749995,396.7149551,15.09651791,1789.974478,1.194146341,8.26612292,254.7528687,49.95812473,0.995722005,16.05274391,147.4145011,84.09832239
11/02/20 8:20,8.956877208,119.2528736,1561.372034,1357.923374,8.67000041,94.16999931,49.02749958,11.00500007,397.0704361,14.93186778,1772.833368,0.725853659,1.095764309,254.7528687,50.01224499,1.044067583,17.24793053,135.8920481,56.55645241
11/02/20 8:30,7.592143631,119.2528736,1181.886172,842.7759727,8.512500048,91.35000076,48.59249954,11.2875,397.729631,14.54079214,1723.260601,0.547317073,0.124492004,254.7528687,50.07859974,1.181610547,15.60848045,133.0651905,54.15747123
11/02/20 8:40,10.36673636,119.2528736,1763.250415,1870.180955,8.755000019,89.04749947,48.37499981,11.1900001,398.8347488,15.11213824,1795.386229,0.968780488,3.419324858,254.7528687,50.07399445,0.92179366,15.7357254,105.2533927,70.47987442
11/02/20 8:50,9.973972297,119.2528736,1725.513086,1784.068365,9.010000038,89.72249947,48.53500004,11.18999996,398.197496,15.11062941,1793.052401,0.769756098,2.021379122,261.0096071,50.03991489,0.946574023,16.37501335,134.730687,64.75924544
11/02/20 9:00,10.26315744,119.2528736,1867.557855,1848.947275,9.205000019,89.50249977,48.51999969,11.26250005,397.9374176,15.16272198,1798.769423,0.807804878,3.274569054,261.3382568,50.03524532,0.988503027,15.91562366,135.0614872,64.74669828
11/02/20 9:10,9.927139163,119.2528736,1676.220462,1764.398448,9.43499999,90.52250061,48.59249973,11.56999984,398.7336807,14.88364939,1766.27528,1.021463415,3.407119208,256.7831141,50.08285999,0.925467958,15.40437317,103.6756039,66.12206812
11/02/20 9:20,9.321277571,119.2528736,1655.405704,1509.93658,9.267500067,89.775,48.24749985,11.79250002,399.2605103,15.03520842,1784.370037,0.749268293,1.303947853,252.5577393,50.09727516,1.011893135,14.94834232,124.3414099,44.18884134
11/02/20 9:30,10.32641845,119.2528736,1708.12099,1861.915782,9.310000038,88.80999947,48.14750004,11.78749986,398.8977936,15.08901751,1790.272007,0.702439024,2.558604258,256.1800621,49.98699512,0.897276351,15.50844955,128.9230533,60.02003722
11/02/20 9:40,12.06867619,119.2528736,1965.666669,2040.686762,9.657499886,89.34999924,48.34500046,11.75500016,398.7063629,15.20250455,1804.668325,1.12097561,5.539770156,259.1431274,50.02931004,0.965173626,15.47307873,164.694441,73.34942236
11/02/20 9:50,11.31910386,119.2528736,1977.346259,2012.764154,10.00499978,90.87500114,48.66000004,11.94000015,398.7154114,15.15410033,1798.49441,0.863414634,5.660610086,259.1431274,50.0303297,0.983010647,16.76627159,112.6264468,69.89013162
11/02/20 10:00,8.915204477,119.2528736,1434.489227,1341.420973,10.05499992,91.26250076,48.39249973,12.16000013,398.3581787,14.64993261,1739.032814,0.696585366,1.283833902,259.1431274,49.96026993,0.969921515,15.40800476,108.0831742,61.63967552
11/02/20 10:10,8.12830286,119.2528736,1064.635251,1029.807933,9.690000105,88.81750183,47.84000072,12.375,398.1857819,14.23241521,1689.166563,0.699512195,0,261.0415741,50.01881943,0.912286378,14.82106018,131.3459138,52.06600008
11/02/20 10:20,9.201011252,119.2528736,1608.136774,1459.424726,9.667500019,86.49249916,47.66750031,12.19750013,398.4258972,14.97558019,1776.286257,0.67902439,1.098446797,266.8260803,49.98062935,1.011564273,14.29590702,105.6821203,52.06894803
11/02/20 10:30,11.28403921,119.2528736,1939.493652,2011.361568,9.932499743,86.9900013,48.07500038,12.06500001,398.391481,15.10579298,1793.495247,0.84,5.599939521,266.8260803,49.99406013,0.965283787,16.61354637,109.9038531,60.42605553
11/02/20 10:40,11.44024272,119.2528736,1918.68584,2017.609709,9.884999609,88.56000023,48.46499958,12.28750005,399.2341461,15.10265552,1791.493092,1.141463415,4.004325724,264.4157858,50.11061459,0.950138295,14.62944221,113.0270727,55.47640038
11/02/20 10:50,10.2922821,119.2528736,1760.075372,1854.917831,10.00499978,89.97749901,48.50499992,12.27999997,399.7264343,15.03527851,1781.921448,0.769756098,3.943362341,256.947998,50.02920971,0.928355885,17.16469955,155.9125938,68.28578777
11/02/20 11:00,11.21049469,119.2528736,1972.287274,2008.419787,10.1349999,89.82000008,48.43500023,12.46250019,399.8169693,15.18722083,1800.557928,0.816585366,5.907213676,256.947998,50.0868803,0.983940361,16.66225433,116.471798,60.41715765
11/02/20 11:10,12.34501615,119.2528736,2010.771051,2043.450161,10.30999999,91.45499992,48.93000069,12.72250004,398.9175278,15.20935012,1803.325962,1.15902439,6.560018709,256.947998,50.08224049,0.985910602,16.20905685,108.3952219,76.98876619
11/02/20 11:20,13.07797515,119.2528736,2020.151636,2050,10.56749988,92.93750038,49.46499977,12.66499987,398.4520126,15.21130858,1802.535439,0.88097561,10.74022644,256.947998,49.97824535,0.986149267,18.58907318,143.5672653,93.44883518
11/02/20 11:30,12.3592721,119.2528736,2013.508612,2043.592721,10.72999997,94.50249901,49.96999969,12.6974999,399.6138016,15.22998105,1806.76577,0.87804878,8.395970847,256.947998,50.05053043,0.987180139,20.64666367,124.7261541,69.29735265
11/02/20 11:40,11.24646883,119.2528736,1827.944043,2009.858753,10.98500004,95.52250061,49.84999924,12.86999989,399.6318649,14.9833969,1779.436186,1.112195122,4.433415173,266.0900926,50.00724525,0.910870036,17.08091736,162.5462154,70.80508738
11/02/20 11:50,10.7181057,119.2528736,1781.242279,1942.211668,11.02500014,95.40750046,49.38749981,13.2750001,398.9238312,15.06918454,1787.354788,0.781463415,3.960650149,260.5196175,49.92643929,0.906964719,15.63347435,144.5674093,73.28335295
11/02/20 12:00,10.52856421,119.2528736,1841.199725,1903.355664,11.07000027,94.86750107,49.08999977,13.5375,398.8436798,15.12326208,1792.610167,0.796097561,2.836901332,260.2406921,49.89921932,0.946197952,17.0770092,154.7008821,75.49638481
11/02/20 12:10,11.20132468,119.2528736,1914.46557,2008.052987,11.0250001,95.50250015,49.60249977,13.50250001,398.7073959,15.10928053,1796.398344,1.132682927,4.519821704,263.863015,49.92122459,0.955377493,17.62930298,152.4454979,77.87860613
11/02/20 12:20,11.64522839,119.2528736,1953.596021,2025.809135,11.04500017,96.52749977,50.02249928,13.39499989,399.4734467,15.1152648,1793.833271,0.88097561,5.73535457,266.8260803,49.99614506,0.963827036,16.67937279,124.745887,68.11598144
11/02/20 12:30,11.69506869,119.2528736,1973.310089,2027.802748,11.0500001,97.09249992,49.73999958,13.47999992,399.5805984,15.21279493,1805.403923,0.834146341,5.546892435,266.8260803,50.08606014,0.972949334,15.25198364,114.9910366,63.99208765
11/02/20 12:40,12.79792254,119.2528736,1876.95979,2047.979225,11.11000037,97.16249924,49.75749989,13.45749998,400.2365952,15.10827671,1791.102762,1.11804878,7.668322671,266.8260803,50.0867054,0.917643779,17.07993889,162.821554,90.60771799
11/02/20 12:50,15.41267362,119.2528736,2039.838507,2050,11.36249995,98.25750046,50.74500065,13.09749994,401.0569183,15.10921204,1796.431103,0.901463415,13.88948462,266.8260803,50.0250494,0.995835803,18.64904594,108.5838593,74.39480886
11/02/20 13:00,12.95533271,119.2528736,1942.193842,2049.553327,11.33499994,99.30999947,51.0074995,13.20249996,400.7373734,15.08418882,1789.410696,0.898536585,8.636441504,266.8260803,49.93441525,0.948489915,14.40100956,103.6589043,71.14621458
11/02/20 13:10,10.65803745,119.2528736,1878.183713,1929.897677,11.08500032,99.53749962,50.15749989,13.42250009,401.7991684,15.19322933,1798.192217,1.097560976,4.145380321,264.6341777,50.12196503,0.959121121,14.47923946,117.4183052,71.71852999
11/02/20 13:20,12.31949267,119.2528736,2009.406268,2043.194927,11.07250028,99.53500023,50.27999973,13.14499989,400.535318,15.17810695,1799.122644,0.869268293,7.191367193,264.0031216,49.99232998,0.985371402,15.09193993,106.9354558,69.65858434
11/02/20 13:30,11.46782658,119.2528736,2013.379529,2018.713063,11.12500019,100.2124996,50.7375,12.93750014,399.7262192,15.15343036,1799.13695,0.892682927,5.792682062,276.7041626,49.96858501,0.996148582,14.55877495,91.35611743,57.57799662
11/02/20 13:40,11.10387168,119.2528736,1943.363934,2004.154867,10.98499999,100.4325005,50.42250023,13.10999994,401.0511505,15.15353233,1797.501205,1.147317073,2.748545143,276.7041626,50.00096512,0.972866413,11.19911098,101.59527,55.52341993
11/02/20 13:50,11.34219546,119.2528736,1926.849432,2013.687819,11.12000017,100.1474998,50.17749939,13.30749989,401.2308365,15.18542227,1798.79508,0.848780488,5.828166068,271.2866875,49.9958147,0.95719436,10.19836044,95.45128164,63.29667091
11/02/20 14:00,11.46654572,119.2528736,2022.38396,2018.661829,11.35499997,100.560001,50.60250015,13.44500008,401.1194519,15.11689384,1791.735506,0.883902439,5.795557255,276.211266,49.95130024,1.000644771,12.92070675,89.02765656,52.66029086
11/02/20 14:10,12.10897532,119.2528736,2020.524567,2041.089753,11.43749981,101.2350014,50.69249992,13.56499991,401.0898209,15.12590642,1796.440001,1.191219512,6.893038623,276.7041626,50.06253033,0.991902856,11.38026905,120.8482683,36.41243916
11/02/20 14:20,15.30833359,119.2528736,2055.565479,2050,11.75250001,101.9024986,51.07249966,13.47249999,400.2018372,15.20817737,1801.46747,0.898536585,12.46181606,276.7041626,49.99301968,1.003385831,12.04964256,101.4084311,71.21809368
11/02/20 14:30,11.30089388,119.2528736,2008.450195,2012.035755,11.54499998,102.5325001,51.09999943,13.4375,401.5696701,15.15191455,1795.292988,0.898536585,6.163110176,264.0030193,50.03128986,0.999059978,13.13959408,73.10391912,49.86795607
11/02/20 14:40,14.25520868,119.2528736,1974.719635,2050,11.73249998,102.6375019,50.9399992,13.59000015,401.0406677,15.04401603,1782.757416,1.16195122,11.87048722,272.0485308,49.94548988,0.963553522,11.97835827,126.376811,85.14889908
11/02/20 14:50,14.79532189,119.2528736,2058.28009,2050,11.87000003,103.3000008,51.12749958,13.58249993,401.3288361,15.18320471,1802.381796,0.898536585,12.12757994,272.3139038,50.01370449,1.004485506,16.93043709,127.6926187,96.73773451
11/02/20 15:00,11.19661002,119.2528736,1928.914197,2007.864401,11.74249997,103.3574997,50.90250034,13.78000011,401.3185778,15.14384092,1799.637629,0.842926829,6.362526757,272.3139038,50.06001563,0.962734673,15.83883095,150.2846697,78.15099525
11/02/20 15:10,13.63509138,119.2528736,1968.112372,2050,11.83000016,103.3025002,51.10749969,13.56249995,400.8927801,15.1353706,1795.903244,1.188292683,9.625452395,272.3139038,50.05182829,0.960132939,18.01512718,146.8458098,90.85044334
11/02/20 15:20,11.02347739,119.2528736,1844.722083,2000.939095,11.75750003,103.1249985,50.77249985,13.6999999,399.8455353,15.12116303,1792.973637,0.816585366,4.52461936,264.9612378,50.02394447,0.925901562,15.98957729,137.2583517,68.25047855
11/02/20 15:30,12.91997108,119.2528736,1988.444299,2049.199711,11.72749996,102.8549988,50.77250023,13.87499995,399.9912431,15.1494015,1793.124086,0.863414634,8.078948657,264.6309509,50.08306541,0.971317329,16.88720512,158.9798481,73.93229432
11/02/20 15:40,14.3940114,119.2528736,2047.114856,2050,11.72105252,103.1825005,50.9574995,13.85500002,399.4685486,15.22282894,1800.876635,1.188292683,10.37492232,257.762665,49.94519445,0.999092196,17.86111832,161.8441442,95.74259052
11/02/20 15:50,11.55267582,119.2528736,2001.86637,2022.107033,11.58999996,103.6524994,51.11999931,13.75,398.6988281,15.13737166,1795.378441,0.886829268,7.468086326,253.655304,49.95135498,0.988781291,17.8094101,148.8961928,68.10772924
11/02/20 16:00,12.72142644,119.2528736,1971.231958,2047.214264,11.39999986,103.4842112,50.87105279,13.79473681,397.9358978,15.20480311,1808.160806,0.84,8.649156502,253.655304,50.06746006,0.964250476,18.74168587,153.0775095,77.27645431
11/02/20 16:10,12.21927376,119.2528736,2007.032611,2042.192738,11.24500012,103.5300003,50.94499969,13.45749998,396.7146347,15.20078047,1802.218346,1.182439024,7.633361407,253.655304,50.01991539,0.984717485,19.01305962,130.0211748,79.36857386
11/02/20 16:20,12.41026332,119.2528736,1960.111277,2044.102633,11.21750031,103.5650005,50.92749958,13.44000006,397.124234,15.1276707,1797.356981,0.848780488,8.254196833,253.655304,50.00223484,0.960747413,17.26384544,164.2351801,83.59878559
11/02/20 16:30,14.16079984,119.2528736,2052.679077,2050,11.14250035,103.7875011,50.92999935,13.03249993,397.9833954,15.18465914,1802.060417,0.895609756,11.53460175,263.322468,49.91920433,1.00144762,17.60647583,133.5601234,88.75574207
11/02/20 16:40,13.87053804,119.2528736,2056.118201,2050,11.09000034,104.0525005,51.24250088,12.84249988,397.1424866,15.15503579,1800.206984,1.2,11.49230356,265.7285156,49.93907967,1.002943994,16.93292999,106.4898046,94.69492931
11/02/20 16:50,9.679960752,119.2528736,1647.065018,1660.583516,10.79250007,104.1174999,50.57750053,12.82250009,397.3645523,15.00504729,1779.365999,0.769756098,2.068584435,265.7285156,49.95253468,0.9414392,15.12994099,140.9961538,76.2567235
11/02/20 17:00,7.701235437,119.2528736,993.4517441,879.2126361,10.36249981,100.2724998,48.69249992,12.91500001,398.5715179,13.52035479,1604.077108,0.494634146,0.048999571,265.7285156,50.0457552,0.963385644,15.11815357,143.8388996,48.42244654
11/02/20 17:10,6.579262233,119.2528736,449.0986542,538.1326071,9.944999838,93.58249931,47.47250023,12.9374999,400.5511215,11.0582149,1313.414761,0.286829268,0,265.7285156,50.00368481,0.723807017,13.4115181,99.70113993,41.49235244
11/02/20 17:20,7.130382872,119.2528736,751.7028946,688.5478791,10.93749995,86.79749985,50.14500027,12.93250012,399.1231171,12.93734622,1536.916964,0.32195122,0,245.5523382,49.99016476,0.915194095,9.127123833,123.7665143,40.83737915
11/02/20 17:30,9.035712123,119.2528736,1366.810492,1389.999092,14.44000006,82.60750008,52.44500008,12.50749998,399.4782013,14.72661053,1747.058104,0.500487805,1.692171688,260.9665512,49.91958961,0.895530588,11.23050117,177.433128,67.62525728
11/02/20 17:40,11.07487987,119.2528736,1979.604955,2002.995195,13.20526309,83.02631579,51.99473692,12.49736831,401.0551244,15.16915295,1796.697813,1.153170732,5.313123208,254.8096163,49.93073634,0.991942489,18.46714973,125.485008,54.79406056
11/02/20 17:50,10.3362878,119.2528736,1877.187818,1863.938999,10.49210518,84.81578947,51.15789534,12.40789469,402.0338247,15.09352039,1786.892684,0.828292683,2.670100613,251.4601746,49.95179427,0.984925325,17.19002914,117.4943754,58.77305478
11/02/20 18:00,9.725086355,119.2528736,1786.65976,1679.536269,9.829999733,85.93499985,50.14000015,12.07500005,402.6377548,15.1274562,1793.998913,0.766829268,2.084520498,251.4601746,49.96558971,1.014696999,16.24100113,111.628071,58.52268658
11/02/20 18:10,8.643096733,119.2528736,1459.820895,1233.666306,9.520000172,86.23250084,49.50999985,11.99999986,398.1464996,14.77132116,1751.593689,0.916097561,0.945165187,251.4601746,49.96826496,1.064580943,16.94368172,133.2765356,61.48589525
11/02/20 18:20,8.104487205,119.2528736,1228.465262,1020.376933,9.170000076,84.06749992,48.80250072,11.98249989,398.411084,14.59889343,1732.071081,0.523902439,0.057998261,251.4601746,49.94553928,1.061274114,14.96992779,118.5124987,64.83887024
11/02/20 18:30,8.805370069,119.2528736,1513.497516,1297.926547,8.894999886,81.77749977,48.81750069,11.62499995,399.0852142,14.91692086,1768.237822,0.646829268,0.177495141,249.8145328,49.95856476,1.054336436,15.22934532,101.4497192,45.2300139
11/02/20 18:40,8.938871574,119.2528736,1360.738885,1350.793143,9.547500038,80.4625,48.42749939,11.52000012,399.5368668,14.73266499,1748.719276,0.790243902,0.368336458,251.7888277,49.95380478,0.914264356,16.30974007,102.6923324,58.62507653
11/02/20 18:50,7.739789867,119.2528736,1204.323419,892.0898157,10.91250005,79.39750099,48.7050005,11.53749981,400.9237,14.37360875,1706.195234,0.538536585,0.15847172,245.5283721,50.10549507,1.155607696,14.31514263,103.0681765,55.20648012
11/02/20 19:00,9.225922012,119.2528736,1627.71749,1469.887245,11.53250012,77.36750069,48.48250046,11.33500004,401.4033524,15.01444848,1780.254993,0.646829268,2.639039959,244.8747864,49.93357983,1.017755237,15.09702206,121.254623,57.77531786
11/02/20 19:10,10.34874921,119.2528736,1857.333221,1866.493588,10.49500008,79.325,48.98499985,11.30000014,401.4031677,15.13793506,1796.152399,1.085853659,2.853203569,244.8747864,49.93962498,0.973060351,16.11210251,144.8708956,72.33330889
11/02/20 19:20,9.333952076,119.2528736,1720.62942,1515.259872,9.328947419,80.50526428,48.94210554,11.13421059,399.9673735,15.13117884,1795.013418,0.80195122,0.950885661,244.8747864,50.03181558,1.048641449,17.08207893,106.6133061,55.84970826
11/02/20 19:30,10.14686337,119.2528736,1888.998438,1825.10699,8.922499943,81.85,49.09499893,11.14999995,399.5755844,15.17368184,1798.823994,0.796097561,2.948036118,235.9464973,49.97336979,1.014054598,14.28189945,83.81644421,48.56292295
11/02/20 19:40,11.21294484,119.2528736,2050.910406,2008.517794,8.740000343,84.34750023,49.26499882,10.93750005,401.6490997,15.17974797,1802.67992,1.197073171,5.863408953,233.8991394,49.94769955,1.02308301,13.03424454,101.7448431,47.15813603
11/02/20 19:50,12.21034527,119.2528736,2052.631036,2042.103453,8.575000286,86.63749924,49.4125,10.75999999,402.3326309,15.20852257,1803.058479,0.898536585,7.966547172,241.0916837,50.02064991,1.007136102,13.63416672,122.3961969,54.58510427
11/02/20 20:00,10.72998564,119.2528736,1987.511163,1944.647057,8.512500048,88.70999908,49.59500008,10.77749987,398.22715,15.15223847,1798.596685,0.87804878,5.342134549,242.679657,49.99407005,1.01140859,16.01389694,110.6182722,67.61795907
11/02/20 20:10,9.709994888,119.2528736,1894.610114,1673.197853,8.329999685,90.23250046,49.75,10.83749995,398.1297165,15.12142508,1795.125172,1.144390244,2.335677876,242.679657,49.9851347,1.07831203,16.07925797,127.5456881,56.23494339
11/02/20 20:20,10.62002156,119.2528736,2043.50979,1922.104419,8.050000238,91.36249924,49.875,10.67250004,399.3093674,15.19128191,1801.977602,0.88097561,5.278148358,242.679657,50.01844997,1.045481868,16.53050041,129.2804296,69.9529716
11/02/20 20:30,9.357158923,119.2528736,1824.009802,1525.006748,7.835000205,92.48249931,49.94750004,10.69499998,399.9918854,15.14286093,1797.735666,0.837073171,1.902245862,242.679657,49.96657963,1.105640146,15.23524666,115.0881223,48.70847807
11/02/20 20:40,7.417284894,119.2528736,1215.971487,784.3731546,7.822500134,91.47000046,49.50999947,10.79000001,400.2711365,14.40345141,1709.530495,0.804878049,0.024499745,242.679657,49.94310913,1.293730614,15.44177151,126.6755545,58.83490605
11/02/20 20:50,8.680648589,119.2528736,1678.927594,1248.536841,7.542499971,88.17499962,49.46750011,10.57249999,401.4255798,15.12586507,1793.74379,0.693658537,0.916300036,242.679657,50.02688503,1.211235665,15.74868107,140.8919968,48.2768631
11/02/20 21:00,9.544844413,119.2528736,1729.298517,1603.834653,7.462500024,87.57000046,49.81749973,10.37250004,401.6172989,15.10343304,1792.033424,0.76097561,0.841356078,242.679657,50.00088921,1.0078712,16.62945557,103.8535494,58.66700706
11/02/20 21:10,8.658484912,119.2528736,1595.846307,1239.760025,7.407500005,86.95499992,49.74249992,10.18499999,400.6398666,15.04766558,1787.147827,0.951219512,0.343451956,242.679657,49.98841496,1.158631357,15.81436729,114.1254196,57.25621758
11/02/20 21:20,9.336944389,119.2528736,1806.543494,1516.516644,7.177499819,86.28000069,49.89250011,10.31000013,401.3894699,15.11548863,1792.574301,0.766829268,1.405303264,242.679657,49.99759502,1.100231251,15.92343807,121.0444559,58.34465876
11/02/20 21:30,9.446481752,119.2528736,1785.305121,1562.522336,7.214999843,86.67999992,49.82250023,10.19999995,403.0885834,15.15945581,1798.053881,0.778536585,1.63973662,244.6320368,50.02513943,1.060130636,15.4074564,135.6706257,73.21542864
11/02/20 21:40,9.648293185,119.2528736,1780.176825,1647.283138,7.412500048,86.82500038,49.8699995,10.10749998,403.5003311,15.17245737,1797.760059,1.047804878,1.172750579,252.5577393,50.05841923,1.022142017,17.5287838,111.1981658,58.3998394
11/02/20 21:50,9.360927272,119.2528736,1706.00816,1526.589454,7.304999971,86.42499962,49.9449995,10.19500008,404.269632,15.13408761,1795.304895,0.752195122,0.869944829,241.290586,50.07572994,1.033205827,15.52432156,125.9934679,65.51528788
11/02/20 22:00,9.983309221,119.2528736,1834.067438,1787.989873,7.440000057,86.37750015,49.82250004,10.16999993,400.3893173,15.11854957,1792.10788,0.79902439,1.116889187,236.0942688,49.97651978,1.004839629,15.13914871,108.328339,51.85193214
11/02/20 22:10,9.888324857,119.2528736,1905.246674,1748.09644,7.350000024,86.94749908,49.98499985,9.859999847,399.7125809,15.14768176,1798.036274,1.12097561,2.291918989,236.0942688,49.99931965,1.057573855,12.31937504,107.7516144,47.69576569
11/02/20 22:20,9.750628328,119.2528736,1718.490173,1690.263898,7.219999838,87.6,49.91999989,10.02750001,400.1744171,15.13364415,1795.006073,0.731707317,0.577375451,238.700609,50.01743965,0.972460476,13.54183769,112.95592,52.37389479
11/02/20 22:30,9.528936338,119.2528736,1754.84462,1597.153262,7.177499819,86.95250053,49.88250008,9.899999905,399.4685806,15.1154864,1793.236404,0.787317073,0.672937901,238.4158303,49.94901981,1.025132343,13.40353775,101.0795696,60.06640453
11/02/20 22:40,9.260114217,119.2528736,1707.981732,1484.247971,7.137499905,86.54500084,49.87000008,9.839999962,400.6271164,15.14675336,1795.602001,0.992195122,0.437959855,237.1918335,49.9469698,1.05924299,14.72811508,109.8338288,47.19894719
11/02/20 22:50,9.829797292,119.2528736,1877.158783,1723.514863,7.207499814,86.55500069,49.80499973,9.972500038,401.9524658,15.15466341,1796.775581,0.793170732,1.511142099,237.1918335,49.97242928,1.050501147,13.9150238,137.342695,47.39232917
11/02/20 23:00,8.817398548,119.2528736,1647.121536,1302.689825,7.122499847,86.70499954,49.85749969,9.91500001,402.5149521,15.08050217,1786.638903,0.763902439,0.694378871,238.2889953,49.95423946,1.143628673,15.63964558,118.734987,57.27752142
11/02/20 23:10,8.892743802,119.2528736,1594.243042,1332.526546,7.134999871,85.32000122,49.76250019,10.10499997,398.8668472,15.06666599,1787.716215,0.91902439,0.491686373,248.9722937,50.01430416,1.084457324,16.05900002,151.4723533,70.35497608
11/02/20 23:20,9.047870636,119.2528736,1632.132996,1395.105667,7.149999833,85.11749992,49.81749954,10.06749997,401.2597031,15.10342307,1793.214586,0.731707317,0.490956473,248.1674805,50.05595016,1.066106912,18.5092659,142.2226309,71.85176516
11/02/20 23:30,8.781498718,119.2528736,1488.604483,1288.473492,7.624999905,84.07000008,49.36250038,10.03500009,401.5597687,15.04559246,1785.852642,0.676097561,0.307961478,248.1674805,50.05427017,1.043866694,16.48760033,126.7667157,50.30069551
11/02/20 23:40,8.915761185,119.2528736,1409.515057,1341.641429,9.170000076,82.65500069,48.80750103,10.16499987,401.6763641,14.93660505,1771.47492,0.834146341,0.113491841,248.1674805,49.95416946,0.952893395,17.90262032,98.20558777,53.0825325
11/02/20 23:50,9.721652246,119.2528736,1650.748523,1678.093943,9.939999866,81.25499992,49.06000042,10.08999991,402.6965012,15.05207066,1783.611546,0.690731707,0.500978378,248.1674805,50.03917503,0.937965587,15.8901825,100.3902757,66.70146721
12/02/20 0:00,10.0027998,119.2528736,1686.970648,1795.573958,9.26500001,81.61249886,49.52499962,10.05500016,400.1837494,15.11705129,1793.765436,0.793170732,0.925690758,241.6358358,50.02012997,0.921823213,16.22849655,127.8755583,59.71393805
12/02/20 0:10,9.98817265,119.2528736,1845.396478,1790.032513,7.890000176,81.82750015,49.82250023,9.804999876,398.852063,15.1828668,1799.15661,1.018536585,1.65432062,244.8747864,49.97023945,1.010374555,15.20690441,119.1744614,52.87096319
12/02/20 0:20,10.28223977,119.2528736,2008.834326,1852.859153,7.6,83.53750038,49.92500019,9.822500086,398.9656296,15.16664511,1800.070776,0.886829268,4.610734029,244.8747864,49.94034939,1.060842956,14.66567039,117.0078814,51.36502695
12/02/20 0:30,10.65766618,119.2528736,1979.790363,1929.821567,7.609999895,85.74750023,50.09499893,9.7625,397.5818985,15.12398475,1795.386354,0.886829268,3.181826977,244.8747864,49.89937515,1.011026267,14.83614922,101.9548418,61.14746237
12/02/20 0:40,9.793117833,119.2528736,1733.87785,1708.10949,7.607499886,86.8,50.14999866,9.870000124,400.896785,15.16139343,1800.824575,1.053658537,1.25066834,244.8747864,49.92347946,0.975314831,14.82188988,95.65670462,65.83825407
12/02/20 0:50,8.771178007,119.2528736,1477.504303,1284.386491,7.397368481,86.13249969,50.07249908,9.85,401.4968792,15.04741484,1785.126703,0.670243902,0,244.8747864,49.98024188,1.039059523,14.98116302,128.2192428,57.47713432
12/02/20 1:00,9.384167337,119.2528736,1655.970175,1536.350282,7.28095234,84.84500046,50.06249943,9.99749999,402.7147958,15.07895198,1787.352728,0.728780488,0.821055952,244.8747864,50.03751391,0.997508483,15.8974781,100.8431326,54.28352222
12/02/20 1:10,8.873958492,119.2528736,1597.601636,1325.087563,7.167499924,84.32249985,50.01499939,9.695000029,403.1064164,15.0865341,1789.708105,0.933658537,0.688136163,244.8747864,49.94771536,1.092266855,14.86106968,118.2991899,53.04045873
12/02/20 1:20,9.270585487,119.2528736,1892.224152,1488.645904,7.081578882,84.28500061,50.25999889,9.807894657,403.858812,15.11975263,1793.570709,0.84,1.163871402,244.8747864,49.91503983,1.170585046,15.74605274,79.89101505,43.79000716
12/02/20 1:30,10.39040329,119.2528736,1896.797626,1875.032675,7.1724998,85.62105119,50.35,9.732500029,404.2759476,15.14362536,1796.498056,0.860487805,1.695143053,244.8747864,49.92379971,0.988825786,14.4148283,116.4358762,43.31179886
12/02/20 1:40,9.764030409,119.2528736,1687.605518,1695.892772,7.167499828,86.28571356,50.37000027,9.816666785,403.3649826,15.11433698,1794.63287,1.027317073,0.726286025,244.8747864,50.00495968,0.953179114,13.67171192,128.9904957,53.61889529
12/02/20 1:50,9.160674906,119.2528736,1552.146732,1442.48346,7.075,85.11578771,50.18749962,9.721052622,400.8344543,15.07729684,1789.291792,0.643902439,0.413908885,244.8747864,49.95340004,0.985954204,14.48124123,144.596206,64.01658926
12/02/20 2:00,9.954351711,119.2528736,1629.763574,1775.827719,7.052499962,84.07750015,50.26499882,9.787500095,399.5840164,15.07578014,1793.121643,0.728780488,0.52745395,244.8747864,49.9762804,0.896456561,14.93506622,124.5065042,51.34941978
12/02/20 2:10,9.040055871,119.2528736,1569.089066,1391.823466,6.980000019,83.38250008,50.03421,9.829999971,397.8759857,14.95400342,1768.537674,0.933658537,0.237994594,244.8747864,49.98769455,1.026940308,14.24367714,124.870392,56.11647053
12/02/20 2:20,9.204278278,119.2528736,1571.51912,1460.796877,7.235000062,82.48500023,49.9649992,9.559999895,398.324147,15.10604029,1793.150122,0.702439024,0.353615986,244.8747864,50.00788975,0.987750998,14.84934235,105.7742619,50.80842772
12/02/20 2:30,8.431744075,119.2528736,1287.829944,1149.970654,8.899999952,81.10250015,48.87750053,9.869999933,398.2608444,14.76085684,1752.959764,0.564878049,0.077491915,244.8747864,49.92486496,1.000247351,13.75100136,108.9887853,56.49543037
12/02/20 2:40,9.124663496,119.2528736,1433.411011,1427.358668,9.632499933,79.10750046,48.8225008,9.850000095,398.7663467,15.04050064,1784.254526,0.828292683,0.149982514,244.8747864,49.98793945,0.918602515,14.28002071,78.08144493,48.87499933
12/02/20 2:50,8.471393538,119.2528736,1362.185293,1165.671841,10.14249983,78.09000092,49.11000023,9.804999971,399.7063156,14.73271188,1749.318329,0.643902439,0.193966041,244.8747864,50.0632555,1.045214843,13.3911972,95.25528688,48.42050905
12/02/20 3:00,6.535009205,119.2528736,817.8866608,526.8923382,10.07999992,75.55499916,47.49999981,10.14499998,399.0396133,13.2997241,1578.938639,0.374634146,0,244.8747864,49.98652458,1.351870697,13.82275486,159.3698102,57.48092155
12/02/20 3:10,7.098436785,119.2528736,899.4890259,677.8778861,10.54499984,71.85000076,46.40000019,9.920000029,398.9541107,13.48569573,1602.756271,0.491707317,0,244.8747864,49.96195984,1.113008399,12.88289356,147.7967188,49.54397902
12/02/20 3:20,7.470466423,119.2528736,1182.174817,802.1357853,14.55750008,69.64000015,50.67750015,10.22749996,399.1993149,14.60661359,1733.447027,0.51804878,0,244.8747864,49.98843956,1.229040711,12.96568108,138.7360277,59.40565057
12/02/20 3:30,7.350929888,119.2528736,1082.997329,762.2105825,12.71578959,68.47894649,49.7026317,9.802631479,398.8599436,14.13837598,1678.150442,0.515121951,0.000526316,248.4701362,50.02589979,1.186872151,16.37210846,174.4980792,53.53479727
12/02/20 3:40,7.144620252,119.2528736,940.4078278,693.3031641,11.64499998,66.71000099,48.23000011,9.527499819,399.3106949,13.76933044,1633.55607,0.579512195,0,254.7528687,50.06536026,1.136799896,15.00282001,156.6347855,55.6134531
12/02/20 3:50,8.436236191,119.2528736,1384.670496,1151.749532,11.04500003,65.61500053,48.39500027,9.242500114,399.2941147,14.68361887,1742.690466,0.582439024,0.106996451,254.7528687,50.05964527,1.07397445,12.89596272,131.3954529,49.27846398
12/02/20 4:00,9.455354691,119.2528736,1514.368292,1566.24897,8.840000153,66.37250061,49.1550005,8.82750001,399.346463,14.97127877,1777.481386,0.646829268,0.741871977,254.7528687,49.90461941,0.897429574,14.42304897,146.4368734,68.4093668
12/02/20 4:10,9.301916862,119.2528736,1715.429303,1501.805082,8.417500019,67.71750031,51.2925005,8.735000134,401.0840149,15.15692483,1796.348969,0.96,0.656933786,254.7528687,49.96355457,1.053372024,15.57205677,112.5820995,72.080791
12/02/20 4:20,8.392131758,119.2528736,1315.389072,1134.284176,7.835000062,68.60999985,49.80999985,8.667499971,400.837851,14.70248812,1745.483517,0.591219512,0.065499578,254.7528687,49.95106983,1.034290565,16.51665878,156.9193298,54.52290535
12/02/20 4:30,8.652563691,119.2528736,1374.047366,1237.415222,7.502499986,68.28000107,49.61250019,8.784999895,400.7538712,14.94612256,1772.649582,0.588292683,0.026499844,254.7528687,49.92663975,0.999299318,16.08374596,102.4212297,53.96266136
12/02/20 4:40,7.843925333,119.2528736,1264.409943,926.8710612,9.374999976,67.875,50.74249973,8.824999952,399.9570816,14.8433999,1759.642622,0.775609756,0.047999596,254.7528687,49.87397461,1.179790464,15.05677795,105.6518624,53.84592853
12/02/20 4:50,8.642185238,119.2528736,1534.666043,1233.305354,11.1027778,68.42222256,51.30277761,8.875,399.6815372,15.04033287,1785.913601,0.705365854,0.276641453,254.7528687,49.92298296,1.119456654,15.81564903,107.0186325,49.23525461
12/02/20 5:00,7.909993247,119.2528736,1225.861881,948.9377445,10.57894757,68.55789385,49.82105235,8.805263068,401.4957211,14.6542043,1739.216098,0.541463415,0,254.7528687,50.06471032,1.124145299,15.34462833,154.400948,57.85764159
12/02/20 5:10,7.028400493,119.2528736,812.8485138,654.4857646,10.42999983,66.75250168,48.24750023,8.822500181,400.848085,13.26841494,1575.26251,0.506341463,0,254.7528687,50.00375481,1.043151351,15.16053581,146.664101,52.91637497
12/02/20 5:20,7.629324293,119.2528736,1019.444943,855.1943139,12.4,64.16750031,48.67999973,8.72750001,401.1772638,13.98384494,1658.625069,0.421463415,0.024499745,254.7528687,49.95327454,1.008562214,11.87276363,120.0008944,45.62730255
12/02/20 5:30,6.842608476,119.2528736,733.9511703,605.0225528,15.52000003,62.58999977,51.76749992,8.812499905,399.2141724,12.87449594,1529.780416,0.357073171,0,254.7528687,49.97623959,1.030119765,13.46084404,155.0893314,51.07615862
12/02/20 5:40,7.151162571,119.2528736,844.9079505,695.4882988,16.73055553,60.25833321,52.75277795,9.219444487,398.0031874,13.07736645,1554.072495,0.459512195,0,254.7528687,49.92783292,1.01802967,12.46465778,126.6303233,48.60740049
12/02/20 5:50,6.928218699,119.2528736,926.032843,626.7675494,13.875,58.99500046,51.18999977,9.4375,397.2782684,13.71562681,1626.60918,0.421463415,0.036999121,252.4499195,49.92068958,1.247338946,12.60457706,131.6848754,51.94862263
12/02/20 6:00,7.309232545,119.2528736,951.3218048,748.28367,13.46249995,58.00249958,50.30249996,8.874999952,398.9566803,13.77156289,1632.750452,0.421463415,0.003499999,247.0699158,49.89290504,1.062629577,14.24565887,120.8233001,42.92356795
12/02/20 6:10,8.581450725,119.2528736,1243.033896,1209.254487,14.8275002,57.32499962,52.45749989,8.837499952,402.2943512,14.5603981,1726.347101,0.673170732,0.035499257,245.0955185,49.88941498,0.922911478,14.08668041,117.175358,41.25327075
12/02/20 6:20,8.266834879,119.2528736,1226.793173,1084.666612,9.35999999,57.74000034,50.31499977,8.172500062,403.680452,14.78663434,1754.705767,0.573658537,0,240.4845276,49.9459341,1.00390914,14.17038727,104.6949738,53.92350736
12/02/20 6:30,9.386988997,119.2528736,1647.363782,1537.535379,7.989999986,58.96249943,50.52500038,8.017499948,402.2675659,15.13702369,1796.015614,0.725853659,0.518744384,240.4845276,49.91728516,0.991676792,15.0855217,103.6367686,52.48339735
12/02/20 6:40,9.354281688,119.2528736,1684.029279,1523.798309,7.559999943,61.49749985,50.46500034,7.964999938,399.3226807,15.12866141,1795.028801,0.986341463,1.029497737,240.4845276,49.93971443,1.021473992,14.93867683,141.8526777,49.75568714
12/02/20 6:50,8.786863232,119.2528736,1649.000122,1290.59784,7.279999971,64.23250008,50.51000042,8.077499962,398.454361,15.08712991,1789.479137,0.746341463,0.335443694,240.4845276,49.9552496,1.154622965,15.06846905,100.6416097,50.48815888
12/02/20 7:00,7.100571465,119.2528736,933.315567,678.5908695,7.174999952,64.66749935,49.75499916,8.014999962,397.527536,13.80355369,1636.68433,0.477073171,0,248.7901658,49.91536999,1.153605677,14.45781136,116.4812013,40.07024984
12/02/20 7:10,7.555724025,119.2528736,988.519754,830.6118243,11.4999999,63.01749973,51.84499969,8.799999905,397.0407516,14.02440628,1664.934013,0.544390244,0,252.5577393,49.99565487,0.99861346,14.11967182,110.0621517,43.2897387
12/02/20 7:20,7.0908077,119.2528736,1045.277594,675.3297719,12.11250005,61.6824995,51.53999996,8.692500019,401.1443867,14.02837725,1663.492847,0.43902439,0,242.4483053,49.92757837,1.298468403,13.39928532,112.5706474,42.11243732
12/02/20 7:30,7.350311375,119.2528736,921.9139557,762.0039991,10.51315789,60.37750015,49.24500027,8.430000067,400.6037308,13.67772581,1623.405642,0.450731707,0,243.7772217,49.92822933,1.010621625,13.83020496,120.3927681,45.47195311
12/02/20 7:40,7.612602435,119.2528736,952.1861328,849.6092132,12.81000004,58.74210518,50.01749992,9.334210571,399.886351,13.66052154,1621.580549,0.500487805,0,243.7772217,49.96881447,0.94646726,12.88082504,150.5963245,55.25054426
12/02/20 7:50,7.642726517,119.2528736,1136.048724,859.6706566,14.14000001,58.14523788,51.72250042,8.72619059,400.3573349,14.61857709,1734.552258,0.523902439,0,239.0548135,50.03003521,1.11970576,12.99638367,107.4643477,57.41235504
12/02/20 8:00,7.205189824,119.2528736,770.052179,713.5334013,11.72999992,57.32105295,49.16250019,8.434210551,399.6722504,13.02974483,1543.409819,0.371707317,0,257.7820229,50.00653515,0.90353478,14.07045746,124.9482788,45.22883644
12/02/20 8:10,6.28675437,119.2528736,748.810083,463.8356099,14.85000014,55.62749977,50.89473664,9.089999914,399.4720856,13.01619503,1550.600063,0.44195122,0,252.3343779,50.03773937,1.39186239,12.3027935,136.5775555,47.73095946
12/02/20 8:20,6.150746942,119.2528736,704.7994385,429.2897232,17.15749998,54.23999939,52.85749969,8.867500162,399.9954315,12.71404638,1510.952414,0.304390244,0,249.2650452,50.08629513,1.401041667,13.00575638,151.6394108,44.77288979
12/02/20 8:30,6.226611948,119.2528736,768.8933395,448.5594348,16.95500002,53.20249977,52.92999954,8.950000048,400.5621323,13.10538125,1555.923048,0.348292683,0,249.2650452,50.01471939,1.471447704,12.06127548,152.9055449,42.1692728
12/02/20 8:40,6.254381371,119.2528736,694.2162643,455.6128681,17.81500006,52.13749924,53.47000008,8.822500038,400.3087204,12.85550702,1524.970304,0.43902439,0,249.2650452,50.04125519,1.310644502,12.53628445,109.9293107,38.20357242
12/02/20 8:50,6.139145339,119.2528736,712.995742,426.342916,18.99750023,51.08999977,54.88750019,8.725,401.3162186,12.61685412,1499.085022,0.313170732,0,249.2650452,50.02239475,1.425781453,11.21771622,143.4238172,46.94165621
12/02/20 9:00,5.819499087,119.2528736,611.1712616,357.4268302,17.19999995,50.1074995,52.90749989,8.942499828,401.8227676,12.09878589,1436.985363,0.272195122,0,261.3548245,50.00195522,1.461895727,10.93874168,139.0923695,40.96545062
12/02/20 9:10,6.923670959,119.2528736,775.6638916,625.6124237,16.54500017,49.14250011,55.04249992,8.709999895,402.6904175,13.05624931,1550.012959,0.436097561,0,264.6309509,49.92888985,1.047037641,10.25058842,107.5831565,45.55938067
12/02/20 9:20,7.454149961,119.2528736,962.7762207,796.6860871,11.60000005,48.88249969,53.11499996,8.539999938,403.574231,13.87235261,1645.123152,0.424390244,0,264.6309509,49.98016529,1.008009014,10.41124344,92.91255779,38.33994346
12/02/20 9:30,7.27054832,119.2528736,935.1461456,735.3631388,10.59500008,48.95499954,49.96749954,8.857500029,403.4148666,13.6198166,1615.81188,0.406829268,0.008999988,264.6309509,50.03432941,1.063548646,11.92652702,113.9811271,52.66009626
12/02/20 9:40,7.825697064,119.2528736,1081.460226,920.7828195,12.10249996,49.33000069,49.84749985,8.790000057,399.9147675,14.02044734,1664.635237,0.632195122,0.077998271,264.6309509,50.02966919,1.013981364,11.71055603,95.29941034,50.72880096
12/02/20 9:50,7.954650712,119.2528736,1133.96474,963.8533378,15.92000003,50.59249973,52.12750034,8.914999962,400.4301163,13.90599445,1650.776602,0.503414634,0.293461501,264.6309509,50.05305958,1.027920808,11.00607967,131.9852256,48.34781528
12/02/20 10:00,7.737190986,119.2528736,1091.685414,891.2217892,15.93499999,51.27249947,52.30249996,9.335000038,401.2216843,14.22060116,1687.781239,0.503414634,0.057496698,264.6309509,49.97545471,1.048268232,10.55125237,95.01831894,43.63383951
12/02/20 10:10,7.095819497,119.2528736,831.2911728,677.003712,16.4875001,51.29750042,51.49999981,9.345000029,400.6871017,12.91974069,1532.084839,0.468292683,0.065995011,264.6309509,50.09610043,1.030000032,11.2954874,114.460932,40.25639138
12/02/20 10:20,8.244856811,119.2528736,1114.025008,1075.963297,16.25500011,51.81000061,52.9125,9.420000124,400.1903198,14.05172056,1669.377697,0.506341463,0.147957958,257.1977801,49.97036514,0.918187291,10.51138592,125.6777102,54.577106
12/02/20 10:30,6.807358289,119.2528736,845.5429184,596.0690053,11.97999997,52.12000046,49.39250031,9.742500019,400.3755066,13.10697739,1556.033306,0.418536585,0,258.7007986,49.92210484,1.207619517,12.04401302,117.7917379,47.49856267
12/02/20 10:40,6.138310012,119.2528736,553.6993722,426.130743,12.44117664,51.30882353,47.86470615,9.938235059,400.7628066,11.56154368,1375.051157,0.377560976,0,265.7285156,49.88154714,1.107710951,10.57238197,119.3850566,46.24998126
12/02/20 10:50,6.258945677,119.2528736,539.1440061,456.772202,17.10000006,50.57222197,51.21666675,10.08611123,401.7881487,11.61693851,1381.036218,0.242926829,0.18221402,265.7285156,49.90082783,1.015627903,9.662377357,80.34007729,42.99840853
12/02/20 11:00,7.957063876,119.2528736,1108.504708,964.6593345,19.42368417,50.08947352,53.35000008,10.24210538,402.8099863,13.8470493,1643.172316,0.450731707,0.251537354,265.7285156,49.92977845,1.004217961,8.367341995,73.59202159,45.06424412
12/02/20 11:10,9.221430016,119.2528736,1637.574509,1468.000607,16.31000009,52.34500008,53.30749969,10.25999994,403.2817505,15.06939559,1788.046618,0.904390244,0.578299735,271.5857863,49.92202969,1.025024361,9.861505508,78.16898594,35.69027352
12/02/20 11:20,10.08595984,119.2528736,1865.378912,1812.621767,12.56500001,55.59499969,51.98499985,10.35750003,402.7463013,15.1581185,1799.440287,0.813658537,2.974738945,266.4338158,49.94547443,1.008880461,9.669487,70.05687461,45.90817389
12/02/20 11:30,9.557355547,119.2528736,1692.410535,1609.08933,11.47750001,59.84500027,51.53000011,10.40499992,403.7157623,15.08794494,1790.463655,0.76097561,0.790399209,272.3440867,49.95466976,0.984580159,10.60232258,72.77907476,42.1980979
12/02/20 11:40,7.916968799,119.2528736,1085.249385,951.2675787,11.07500019,61.1524992,49.63499985,10.63500009,403.9247299,13.85089548,1645.675919,0.722926829,0.323682121,272.3139038,50.04374962,0.993395906,9.366589546,72.99448693,39.06427035
12/02/20 11:50,9.456004357,119.2528736,1570.037659,1566.52183,10.80750012,61.13750019,48.31750011,10.77750015,403.924765,14.89328563,1766.80501,0.664390244,0.552529925,272.3139038,50.04971504,0.930282214,9.078363419,78.82648573,41.96982734
12/02/20 12:00,9.664665318,119.2528736,1783.573273,1654.159433,11.0775003,63.58500042,48.67250004,11.05499992,403.1894501,15.12996358,1792.708048,0.737560976,2.287057099,266.0535988,49.91705017,1.021694907,10.67992687,91.7062355,50.86627293
12/02/20 12:10,9.749013495,119.2528736,1644.004102,1689.585668,11.1900003,66.57249908,48.88499966,11.31499987,402.9658508,14.68911369,1744.295757,1.009756098,1.322810322,261.3382568,49.92733459,0.930522482,12.04759407,104.6340097,51.9200546
12/02/20 12:20,8.757367539,119.2528736,1342.735326,1278.917546,11.27750025,68.15499916,48.26750031,11.64499998,403.030864,14.07269906,1671.540453,0.664390244,0.168498864,264.4090875,49.90912952,0.947927123,10.98761845,127.2803144,40.63507252
12/02/20 12:30,9.541169095,119.2528736,1674.966147,1602.29102,11.42749991,68.4375,47.67500019,12.00000005,403.9134491,14.74111935,1750.447454,0.605853659,1.812839442,270.1187744,49.92907429,0.976727376,10.49825191,61.56563454,36.82962713
12/02/20 12:40,10.15020459,119.2528736,1811.521863,1825.79194,11.68499985,71.07749901,48.54000034,12.00499988,404.137381,15.12511307,1794.188255,1.059512195,0.764410303,270.1187744,49.92214966,0.972066798,10.27397728,74.85409641,37.66622083
12/02/20 12:50,9.727740693,119.2528736,1643.913391,1680.651091,11.71999993,73.14250031,48.9050005,12.47750001,404.0208313,15.07421368,1789.28801,0.76097561,0.873842293,270.1187744,49.9690094,0.933275948,9.89290905,56.18722658,38.53209109
12/02/20 13:00,11.07378182,119.2528736,2032.878046,2002.951273,11.825,74.81499977,48.97749939,12.73249989,403.1422989,15.16807026,1800.354498,0.819512195,3.219640047,270.1187744,49.94018993,1.018672966,9.08109951,80.38898044,48.15580988
12/02/20 13:10,9.578906655,119.2528736,1559.880807,1618.140795,12.03250012,77.1275013,49.04000034,12.94250007,402.3916336,14.82644458,1761.183884,0.980487805,1.398176799,270.1187744,49.99454956,0.904648402,11.03240681,84.96382504,43.24609404
12/02/20 13:20,10.23785691,119.2528736,1679.478751,1843.760667,12.06500025,77.66749954,48.45250034,12.90500002,401.6864517,14.97268103,1777.668755,0.708292683,1.491642209,270.1187744,49.9626297,0.891669322,12.11835766,101.1605147,54.92474251
12/02/20 13:30,10.84232597,119.2528736,1944.302417,1967.676825,12.14750009,79.09750061,48.9375,13.18499985,401.7813004,15.15643349,1797.670675,0.834146341,3.384454741,268.5247407,49.9337347,0.984058059,12.59981728,89.44108324,50.46488576
12/02/20 13:40,9.461795807,119.2528736,1667.721252,1568.954239,12.10000024,80.84000015,49.29999981,13.53000007,401.7689682,15.12030114,1792.206808,1.012682927,0.585901129,261.2804477,49.95440979,0.986861102,12.47798252,83.47197704,46.3083246
12/02/20 13:50,6.634040177,119.2528736,789.5747215,552.0462049,11.98250012,79.65249939,47.65750046,13.51499996,401.9423355,12.80419622,1519.630938,0.40097561,0.01049998,266.8260803,50.02532024,1.234464684,10.98136902,108.2091378,41.53871861
12/02/20 14:00,8.657389832,119.2528736,1363.885661,1239.326373,15.09250002,76.26499901,50.15749989,13.9349999,401.1748154,14.28035907,1695.228407,0.491707317,1.818015912,266.8260803,49.96694489,0.990532843,10.06292725,87.91861448,48.41020951
12/02/20 14:10,9.366236067,119.2528736,1466.566371,1528.819148,15.62250009,77.11250076,50.77250004,13.92749991,400.9596344,14.35921083,1701.516987,0.907317073,1.313895378,266.8260803,49.97983475,0.887097673,11.78321075,112.0884541,55.08958149
12/02/20 14:20,7.386693931,119.2528736,904.0779419,774.1557728,13.5349999,75.43749962,49.55250015,14.30499992,401.9637024,13.48767793,1600.97216,0.36,0.123496655,266.8260803,49.97889462,0.975003116,13.22007465,103.9319967,41.04642177
12/02/20 14:30,5.337820756,119.2528736,395.9614751,267.8346607,15.85500011,72.10499992,51.94250031,14.45999994,402.0771866,10.89832185,1292.623335,0.242926829,0.147993694,264.9097164,49.94934998,1.289365127,9.904167175,112.128691,37.07322911
12/02/20 14:40,7.092329788,119.2528736,851.6166443,675.8381493,18.5124999,68.40249786,52.74749966,14.74750009,401.1388702,12.93466187,1535.261833,0.430243902,0.052497485,256.1268976,49.96029434,1.057072441,8.11822319,114.5592139,40.25743693
12/02/20 14:50,7.114864635,119.2528736,765.097287,683.3647882,19.09000015,66.58000031,53.59250031,14.64500017,401.0339661,12.7750183,1514.668985,0.383414634,0,251.6782947,49.90869484,0.938830185,10.04675961,115.205862,38.07762861
12/02/20 15:00,7.782965994,119.2528736,1063.166411,906.510642,19.60499992,64.21250057,53.25249977,14.51250019,401.2902344,13.13471447,1559.105656,0.324878049,0.327413921,240.4636283,49.93872528,1.00829943,10.82095528,83.35723968,37.81071258
12/02/20 15:10,7.575567269,119.2528736,947.4392761,837.239468,17.89500008,63.54000053,52.47750015,14.47999992,400.5815536,13.99944024,1659.949081,0.629268293,0,240.8770874,49.91412907,0.951696624,8.771306992,73.3471776,41.7274142
12/02/20 15:20,6.389869046,119.2528736,534.8855377,490.0267377,17.95499983,61.76999989,51.56250038,14.34500003,401.4324539,11.60998298,1379.156422,0.272195122,0,236.8120568,49.94302464,0.947572906,10.13341522,103.6469189,38.35467949
12/02/20 15:30,5.543511927,119.2528736,436.8647392,306.0932184,20.22249994,59.04249916,52.83249912,14.14250002,399.8599823,10.90430367,1295.798178,0.149268293,0.019499871,238.2893982,49.87605495,1.257772404,8.52042675,108.2839179,39.73416258
12/02/20 15:40,7.829822791,119.2528736,1208.677057,922.1608123,18.1421054,58.11842165,54.45526324,13.92105278,399.1197879,14.71766842,1744.493968,0.661463415,0.020526181,238.2893982,49.87757372,1.132016998,8.288693428,82.44090643,46.45775385
12/02/20 15:50,6.811906147,119.2528736,691.3880219,597.2241613,13.94500012,57.3875,51.62249966,13.41749992,398.7212936,12.58174588,1495.16514,0.307317073,0,243.7222316,49.89521961,0.985216562,11.5731554,96.75030994,41.06300845
12/02/20 16:00,7.661705117,119.2528736,1001.884494,866.0095092,14.56842126,56.01315789,54.22631555,13.36578951,398.5969078,13.60087677,1614.524767,0.377560976,0.0068421,239.3869629,49.99087846,0.982254577,9.334872246,71.31536865,40.48975633
12/02/20 16:10,8.065881385,119.2528736,1018.353153,1005.089028,15.27500015,55.94166692,51.85833338,13.05000008,398.5578308,14.23614119,1688.482456,0.602926829,0,239.3869629,49.95595508,0.891567408,9.854127884,107.5831228,47.88270095
12/02/20 16:20,6.833067298,119.2528736,723.1615433,602.5990937,16.7275002,55.225,51.66500015,12.81249995,398.7797592,12.7478191,1511.258457,0.324878049,0,239.3869629,50.03102951,1.019748104,11.17834568,109.4236004,32.72852287
12/02/20 16:30,7.319738936,119.2528736,724.7695709,751.7928048,19.67000008,53.84500084,54.13249989,12.76250005,398.6632126,12.88624607,1529.096031,0.324878049,0,239.3869629,50.02273445,0.805663559,9.903466225,74.61078415,26.26686916
12/02/20 16:40,7.08076539,119.2528736,592.9569336,671.9756404,20.57000017,52.46999912,54.95500088,12.52999988,397.6859161,12.13516022,1440.391926,0.354146341,0,239.3869629,49.95603485,0.740401135,7.0299263,81.67683539,22.48270254
12/02/20 16:50,6.042805982,119.2528736,460.5531387,401.8727193,21.07000008,50.89749985,55.26750011,12.1999999,397.3658859,11.25058222,1336.443832,0.204878049,0,239.3869629,49.97118988,0.968920569,6.006947994,99.99444204,35.99663433
12/02/20 17:00,6.470363968,119.2528736,446.9218628,510.4724479,21.52105271,49.3578945,55.6684219,12.03684194,398.1100673,11.13170519,1329.425215,0.216585366,0,239.3869629,49.96221542,0.763763895,6.580310822,86.58885636,22.77041707
12/02/20 17:10,4.904575609,119.2528736,187.4512161,194.4078926,21.19047664,47.73095176,55.05952435,11.74523812,397.6176976,9.101906553,1085.112861,0.131707317,0.046666251,239.3869629,49.94117156,0.80922343,5.760609627,72.63354301,31.07136045
12/02/20 17:20,5.237676144,119.2528736,226.013401,249.2077627,21.03000011,46.1449995,54.49999962,11.46250005,400.1583649,9.282466739,1103.374517,0.096585366,0,239.3869629,49.91586952,0.781674392,3.502987146,52.31023884,20.87445571
12/02/20 17:30,6.024824845,119.2528736,333.473912,397.3055107,16.3578947,44.94473668,54.7026321,11.02631579,400.3973871,10.19838613,1209.232599,0.128780488,0,239.3869629,50.00568952,0.708453258,3.679002047,38.81655108,19.20045719
12/02/20 17:40,4.858080955,119.2528736,226.3532421,189.246986,13.61750007,43.80238033,55.09047608,10.91666662,400.2918518,9.376067385,1121.330948,0.155121951,0.048999571,239.3869629,49.91465454,1.008727569,4.046989918,68.16240358,31.43053932
12/02/20 17:50,6.132332897,119.2528736,394.0855164,424.6125559,16.37500005,42.67000046,54.73250103,10.7849999,400.5329346,10.67866927,1268.995806,0.15804878,0,239.3869629,49.94736977,0.790822384,3.700955391,57.15486798,27.05409515
12/02/20 18:00,5.50353113,119.2528736,371.7923164,298.6567901,18.49500017,42.00789482,55.14736818,10.65000002,400.5439163,10.61933854,1269.821512,0.196097561,0.025789208,222.0623176,49.99175034,1.102963006,4.018522739,64.7390646,27.05299888
12/02/20 18:10,4.900757903,119.2528736,203.559714,193.9841272,19.37105209,41.26315789,54.90789534,10.52105256,401.2279502,9.565954308,1134.478184,0.114146341,0.389995714,218.5332336,50.04864703,0.881027214,4.806246281,104.9915304,26.35179088
12/02/20 18:20,6.268581724,119.2528736,419.7591461,459.2197579,19.8999999,40.48250027,55.13500023,9.90250001,401.7318192,10.91972874,1296.834177,0.178536585,0,190.4582425,50.00234489,0.787063245,4.958981037,36.45903059,12.02345713
12/02/20 18:30,5.560886312,119.2528736,355.9506508,309.3248539,20.62750053,39.96500034,55.87500095,9.825000095,401.196756,10.4504672,1242.509949,0.178536585,0.024499745,187.8014221,49.91200485,1.011841003,3.945977688,118.0494499,24.10859733
12/02/20 18:40,4.687576365,119.2528736,251.6443657,170.3209766,20.70750065,39.49500046,55.66250038,9.897499943,401.1815353,9.688891768,1151.741781,0.143414634,0,216.7820832,49.99985466,1.272131599,5.749339104,146.6691254,55.64216552
12/02/20 18:50,6.214899015,119.2528736,500.191481,445.5843499,20.96000032,39.17500019,56.27500038,10,401.3998184,11.45976435,1359.914165,0.213658537,0,217.4356689,50.06402988,0.962770857,6.896137238,80.4110673,29.72229402
12/02/20 19:00,5.553108692,119.2528736,455.0225342,307.8782167,21.41750002,38.89749985,57.22249928,9.682500267,401.0583359,11.14990568,1324.490198,0.228292683,0,217.4356689,49.95792484,1.300838353,5.771301746,83.12742643,30.59349251
12/02/20 19:10,4.338118732,119.2528736,187.8614353,131.5311792,21.325,38.43249989,56.77499981,9.597500038,401.6293335,9.55834356,1135.307734,0.117073171,0.269500153,217.4356689,49.89030952,1.246552573,5.723046303,137.3721667,44.57695017
12/02/20 19:20,5.34145906,119.2528736,248.6645279,268.5113851,19.28499994,37.90999985,56.43500023,9.455000019,402.3591675,9.617848769,1142.315626,0.105365854,0.048999571,217.4356689,50.00455952,0.808007063,6.114884853,137.9827389,36.48987465
12/02/20 19:30,5.928293967,119.2528736,315.3973091,377.6626779,13.63250003,37.46500053,56.96749954,9.059999943,402.6451691,10.05738991,1195.423296,0.125853659,0,217.4356689,50.04580956,0.707245377,6.230928421,85.55329094,29.81471615
12/02/20 19:40,6.3758358,119.2528736,444.4846954,486.4622932,14.68750005,37.18999958,57.24249878,8.970000076,404.3130997,11.10557042,1319.439405,0.251707317,0,196.8452764,50.02635498,0.792484837,6.18264246,78.06912513,18.16441798
12/02/20 19:50,5.652083874,119.2528736,359.2153671,326.2876005,18.20749998,36.94249973,57.38750114,8.782499957,404.7439499,10.40840144,1235.629263,0.163902439,0,193.2892456,50.04372025,0.957501418,5.260074139,97.02127028,22.46852705
12/02/20 20:00,5.301661074,119.2528736,273.1019859,261.1089598,19.12749987,36.65000019,57.00749989,8.709999943,403.4217484,9.752952352,1158.646505,0.102439024,0.048999571,193.2892456,49.97841511,0.908481008,5.583930969,68.98067155,25.39036417
12/02/20 20:10,6.320649505,119.2528736,537.3344711,472.4449742,20.00750008,36.43750019,57.65249958,8.535000038,403.18918,11.77165206,1396.995449,0.301463415,0,193.2892456,50.08686523,0.982871776,4.202296734,73.74570165,24.76135421
12/02/20 20:20,6.481159425,119.2528736,579.8235077,513.2144939,20.45249968,36.50000019,58.30499954,8.299999928,403.1443817,12.03028688,1427.698883,0.245853659,0,193.2892456,50.01853027,0.986211416,5.552668571,74.1946631,25.52154999
12/02/20 20:30,6.780442619,119.2528736,533.2390442,589.2324253,21.05000019,36.6375,58.91999989,8.269999957,402.7908325,11.71479718,1391.233795,0.254634146,0,193.2892456,49.9730648,0.77195114,6.430805683,69.71936946,24.275174
12/02/20 20:40,7.101573896,119.2528736,616.0392242,678.9256814,20.35000048,36.57000027,58.49249973,8.154999948,403.2651321,12.26591684,1455.880526,0.339512195,0,193.2892456,49.93787975,0.761053125,5.302711964,42.51929884,14.70010195
12/02/20 20:50,7.377060056,119.2528736,699.3579132,770.9380586,18.41000004,36.72749939,56.00750008,7.997499967,403.6194946,12.74038991,1512.934141,0.295609756,0,186.8959255,50.00617447,0.757474269,4.912951469,23.69480417,14.51418707
12/02/20 21:00,7.068068647,119.2528736,703.9569824,667.7349282,18.50250006,37.17499981,56.59250011,8.032500124,405.0648178,12.78346038,1516.891731,0.324878049,0,180.1184692,50.06278515,0.884797971,4.047041893,39.48131928,16.2315217
12/02/20 21:10,6.855472279,119.2528736,616.1666931,608.2899588,18.53999996,37.37749958,55.66000004,7.920000029,405.627597,12.26150358,1456.77701,0.365853659,0,180.1184692,49.9958847,0.859384274,4.812018871,54.27939878,14.13752561
12/02/20 21:20,7.651135254,119.2528736,790.2533569,862.4791748,19.25749989,37.54999962,56.79250011,7.892499995,402.994249,13.24806306,1571.843388,0.336585366,0,180.1184692,49.96876488,0.777056342,4.71210146,31.98163347,17.36243186
12/02/20 21:30,7.684136366,119.2528736,816.9095523,873.5015461,15.63684213,38.12631627,53.51578903,7.873684206,403.5124945,13.38478286,1588.870986,0.377560976,0,180.1184692,50.06023648,0.795933769,4.392127991,33.16464163,18.52293865
12/02/20 21:40,7.270325637,119.2528736,748.2386658,735.2887627,18.58500013,38.55499992,55.43749981,7.939999986,403.8436646,13.02017149,1545.00606,0.427317073,0,180.1184692,50.06037045,0.851066436,4.746966362,54.32977729,29.11197207
12/02/20 21:50,6.93922627,119.2528736,675.113623,629.5634725,18.11499996,38.71750107,55.16750011,7.817499971,404.0413818,12.61409703,1497.1623,0.304390244,0,180.1184692,50.05527477,0.904670959,5.817685604,56.06667852,20.35134501
12/02/20 22:00,7.358460355,119.2528736,798.1453766,764.7257585,16.96000004,38.86749992,55.72999992,7.780000043,400.5722519,13.29995678,1578.613649,0.345365854,0,180.1184692,50.10761566,0.871726522,5.910303593,59.2451901,21.19673018
12/02/20 22:10,8.292358232,119.2528736,980.0611298,1094.77386,11.66750002,39.57750015,53.49500008,7.915000033,400.6166046,14.16491456,1681.71088,0.535609756,0,180.1184692,50.01273994,0.795405387,6.210487843,52.65133366,22.20312131
12/02/20 22:20,8.659004784,119.2528736,1144.70741,1239.965894,10.1249999,40.70750008,51.5125,7.904999971,401.9044286,14.87630367,1765.664595,0.515121951,0,180.1184692,50.05546494,0.830967096,6.842850685,41.76583748,32.46373959
12/02/20 22:30,8.604386982,119.2528736,1082.664462,1218.337245,11.30526317,42.19999996,50.62749996,7.934210602,403.3382767,14.56865747,1727.718601,0.485853659,0,180.1184692,49.98659455,0.79846013,7.560218811,47.28283911,34.02971284
12/02/20 22:40,8.601801418,119.2528736,1036.831216,1217.313362,12.24285712,43.07142912,50.0074995,8.21666663,403.8256287,14.40349303,1709.139439,0.608780488,0,180.1184692,49.96368045,0.765235922,7.178173542,48.68248758,25.12569453
12/02/20 22:50,8.008315965,119.2528736,1040.156735,982.293122,12.52105271,43.86842085,49.55789446,8.276315815,405.4282654,14.40852628,1708.945397,0.456585366,0,180.1184692,50.01075243,0.929256671,7.109535217,44.21937754,22.07440891
12/02/20 23:00,8.444957029,119.2528736,1154.436966,1155.202984,12.68500023,44.70476205,49.23809433,8.142857097,405.3523636,14.82125597,1757.190257,0.497560976,0,180.1184692,49.97068501,0.893002367,7.05979538,72.9800869,31.61516118
12/02/20 23:10,8.64202,119.2528736,1294.249939,1233.23992,12.91249995,45.82894737,49.20749874,8.518420997,405.9491013,15.00844449,1780.040262,0.722926829,0,180.1184692,50.06194935,0.944131033,7.767303467,58.12169347,34.73896732
12/02/20 23:20,8.486930394,119.2528736,1243.714731,1171.824436,12.97999992,47.3824995,49.2949995,8.600000143,405.8509186,14.87547241,1764.154358,0.570731707,0.005499997,180.1184692,50.04196014,0.949814361,8.548124313,61.12916279,41.4786273
12/02/20 23:30,9.561030984,119.2528736,1436.251505,1610.633013,11.7000001,49.10749989,48.56315773,8.639999914,401.014003,15.06886464,1785.770717,0.632195122,0.056499372,180.1184692,50.01762009,0.835110866,8.993153572,71.38747892,38.85707955
12/02/20 23:40,8.568160009,119.2528736,1186.336414,1203.991364,10.13749981,50.87999973,47.79500065,8.699999952,402.0472168,14.65630241,1740.915745,0.705365854,0,180.1184692,49.97659492,0.884269535,9.073324203,58.60088272,25.7289104
12/02/20 23:50,7.767949057,119.2528736,840.4727112,901.4949849,10.31999984,50.61000023,48.11428561,8.900000191,402.4649048,13.41189377,1603.625084,0.386341463,0,180.1184692,50.09143925,0.800334758,7.655416012,91.57777605,39.20474544
13/02/20 0:00,8.061793542,119.2528736,1117.621527,1003.470243,14.70750003,50.27499981,51.52368445,8.875,401.4400177,14.5199931,1707.445238,0.468292683,0.010526298,169.3772272,50.0118597,0.979869578,8.446779251,88.98827658,42.77987432
13/02/20 0:10,7.887473011,119.2528736,920.4976196,941.4159857,13.59000006,50.61250038,49.52749996,8.984999847,403.3272141,13.74769717,1631.037987,0.567804878,0,176.8257751,50.04332047,0.849097764,10.22124767,80.25038595,42.19843831
13/02/20 0:20,7.784191251,119.2528736,850.5688049,906.9198778,12.93500013,50.34000015,48.26499996,9.164999914,404.2650314,13.53307508,1604.948999,0.395121951,0,176.8257751,50.11021996,0.806407309,9.083599091,85.28598123,37.68182807
13/02/20 0:30,5.977855814,119.2528736,432.0538986,386.8811813,15.10750008,49.17999973,48.57999992,9.125000143,402.503685,10.90929079,1294.829092,0.216585366,0,176.8257751,50.01557522,0.942003077,8.270547867,130.6365187,38.80016007
13/02/20 0:40,5.799507284,119.2528736,347.8884529,353.7083549,16.67000008,47.50250034,49.40250015,9.017499876,402.9098495,10.30440719,1221.589777,0.196097561,0,176.8257751,50.09428024,0.842459732,7.175582409,139.099549,30.49783831
13/02/20 0:50,5.482589912,119.2528736,281.4758095,294.7617237,17.42250013,45.86000023,49.62249966,9.120000124,402.9237869,9.802918643,1165.224735,0.122926829,0,176.8257751,50.10826988,0.845125444,7.052801609,110.1972411,38.30379567
13/02/20 1:00,7.182784879,119.2528736,731.873082,706.0501497,18.2999999,44.81749992,50.75250034,9.117499924,402.789003,12.60990863,1498.433842,0.269268293,0.021499828,176.8257751,50.04428005,0.868167166,6.537287235,88.24688597,35.07765274
13/02/20 1:10,8.054108453,119.2528736,1120.301501,1000.426947,18.86250029,45.03500023,53.08499985,8.9625,403.0316544,14.27399039,1693.495634,0.605853659,0,176.8257751,50.05616512,0.984854715,9.363092422,104.1423326,45.22510252
13/02/20 1:20,7.12150991,119.2528736,725.9588394,685.5843098,12.77000003,45.63500061,50.0875,9.075000048,403.2606354,12.82552654,1522.259159,0.336585366,0,176.8257751,50.07197018,0.887813408,10.79412651,119.2433378,37.80305182
13/02/20 1:30,7.355471754,119.2528736,764.3439133,763.7275659,10.64250002,45.42749958,47.53250084,8.812499952,403.8628616,13.0074854,1545.971998,0.351219512,0,176.8257751,50.10902576,0.835936243,9.824841499,101.7535708,39.30811987
13/02/20 1:40,7.122512341,119.2528736,732.0101685,685.9191217,13.50749998,44.90749989,48.17499962,9.107500172,403.8866501,12.75283456,1514.292131,0.409756098,0,171.2302612,50.09957504,0.894760698,9.372710228,112.128761,37.5212266
13/02/20 1:50,6.888587856,119.2528736,781.3865723,616.7013155,17.04500003,45.06000042,51.66500072,9.027500057,403.8901978,13.05731928,1548.387554,0.362926829,0,158.1671753,50.06891975,1.072510935,11.16934872,114.8256691,43.9568368
13/02/20 2:00,7.624238276,119.2528736,1139.587109,853.4955843,17.05250001,45.42999954,52.25249958,8.915000105,402.4477997,14.42608058,1708.46442,0.456585366,0.058999184,158.1671753,49.98155479,1.129034905,9.733120918,119.6561223,48.26361475
13/02/20 2:10,8.311236382,119.2528736,1225.46149,1102.249607,14.57999997,47.14749966,50.53499985,9.122499943,402.4999817,14.4618862,1714.493454,0.728780488,0.073493107,171.3132571,50.06509495,0.988553911,11.96250439,101.5499728,43.38932083
13/02/20 2:20,8.165038109,119.2528736,1073.090167,1044.355091,13.87249994,48.36750011,49.65999966,9.155000162,402.6953003,14.40693896,1707.347042,0.48,0.002,169.990965,50.05109997,0.908177383,13.38385487,116.3522615,40.83816419
13/02/20 2:30,8.431168628,119.2528736,1288.74549,1149.742777,12.78000007,49.43999996,48.89000015,9.132499886,401.9977036,14.85487828,1761.701591,0.544390244,0.023499775,161.4598694,49.90466003,1.001136158,13.39774036,133.1485754,61.7604207
13/02/20 2:40,9.030923009,119.2528736,1485.103952,1387.987664,10.84250011,51.3875,48.06250038,9.160000038,402.2522873,15.00846907,1780.708986,0.848780488,0.39395346,161.4598694,49.99116974,0.974210361,15.42638874,103.673585,52.95123572
13/02/20 2:50,9.784532145,119.2528736,1613.718085,1704.503501,10.32368419,54.15,48.0350008,9.305263218,402.5883388,15.06208666,1787.103464,0.68195122,0.30844369,161.4598694,50.08050035,0.9088199,14.50841331,119.7076532,52.65597203
13/02/20 3:00,9.734960556,119.2528736,1787.537794,1683.683434,10.15263151,57.62499915,48.2277779,9.334210496,402.1101299,15.18026719,1797.323494,0.763902439,1.743953175,161.4598694,49.98464765,1.013776658,14.01893425,99.72984555,54.90308059
13/02/20 3:10,9.486502433,119.2528736,1622.843634,1579.331022,10.00249996,60.51250019,48.12500019,9.639999771,401.9589691,15.03949754,1783.137371,0.980487805,1.748408931,161.4598694,50.01313515,0.954942338,15.38644886,129.9153919,60.32905579
13/02/20 3:20,10.19562716,119.2528736,1867.650714,1835.103569,9.904999638,63.93999958,48.42999992,9.75250001,402.5248703,15.14772561,1793.614706,0.857560976,3.522469659,161.4598694,50.09174023,0.996658174,15.39257622,105.1563392,61.67475882
13/02/20 3:30,9.907629871,119.2528736,1730.887366,1756.204546,9.837499714,66.91500015,48.33500061,10.09499998,402.4278549,15.1301457,1794.457008,0.743414634,2.238490931,161.4598694,50.04658489,0.958226654,14.31186962,107.0030642,49.90845785
13/02/20 3:40,9.106509542,119.2528736,1467.693155,1419.734008,9.724999762,68.5724987,48.09250011,10.23750019,402.3668549,14.99402484,1777.88443,0.901463415,0.409358118,161.4598694,50.07066498,0.94479439,14.67399216,97.23606663,53.1569109
13/02/20 3:50,11.30185933,119.2528736,1992.586664,2012.074373,9.767499733,70.94000053,48.41749992,10.32249999,402.7358826,15.07261983,1787.454466,0.872195122,4.979674074,163.3762333,50.12651482,0.991138145,15.15634823,149.2513245,82.93415809
13/02/20 4:00,12.0477562,119.2528736,1971.516345,2040.477562,9.854999638,74.1625,48.70999966,10.52249994,400.4231873,15.16916455,1800.523802,0.84,6.320960356,169.8035733,49.95789986,0.96815073,15.9125042,109.3171436,54.97080097
13/02/20 4:10,12.76859384,119.2528736,2041.788538,2047.685938,10.0349999,77.55500031,49.53250008,10.3250001,400.1358658,15.17856239,1800.766331,1.194146341,9.688688611,163.6549988,50.0096693,0.998433686,14.30471039,81.86586809,70.47035837
13/02/20 4:20,11.95731983,119.2528736,2048.094922,2038.292793,9.919999695,80.8125,49.49749928,10.48499994,400.8506836,15.18023466,1796.83849,0.898536585,7.721616274,163.6549988,50.04002476,1.006537358,14.28969669,94.54659576,58.76835842
13/02/20 4:30,13.08359962,119.2528736,2039.274554,2050,9.902499676,83.78249969,49.6,10.79500027,400.318338,15.14457227,1794.166117,0.898536585,8.974752044,168.9952986,50.02718487,0.995476692,13.60258579,128.4136324,88.11996784
13/02/20 4:40,13.80243216,119.2528736,2043.272852,2050,10.02499995,86.20250092,50.03249912,10.87499995,400.2274338,15.05678621,1787.493639,1.2,11.29119571,173.7372098,50.01984482,0.996713321,15.79783344,117.7607531,78.25372114
13/02/20 4:50,12.52577772,119.2528736,2012.543451,2045.257777,9.942499781,88.52499924,49.91000023,11.01500006,401.0308365,15.11574014,1790.30928,0.898536585,6.717884741,186.9822597,50.07059002,0.985811382,13.86875916,102.1222343,64.08336201
13/02/20 5:00,10.54553027,119.2528736,1898.442499,1906.833706,9.667500114,89.71999893,49.19999924,11.0249999,399.106926,15.14834534,1795.183657,0.825365854,2.913425789,185.3820756,50.05125999,0.974805034,13.26814938,108.3642899,51.76077108
13/02/20 5:10,10.84362543,119.2528736,1925.729016,1967.943212,9.590000153,90.11250191,49.01999989,11.43249998,399.0856781,15.15729551,1796.591995,1.091707317,3.321140529,183.2487414,50.07006474,0.974596518,12.0456562,83.80190506,53.82560863
13/02/20 5:20,9.039109206,119.2528736,1476.456958,1391.425867,9.647500086,89.69499969,48.66500072,11.24999986,398.7209167,14.97405767,1774.222486,0.655609756,0.425272416,177.8548637,50.04466476,0.966544304,11.15010357,92.41021461,39.97238016
13/02/20 5:30,7.381548229,119.2528736,896.9030473,772.4371085,9.550000241,86.98947304,47.5947368,11.4526316,402.3804546,13.04419511,1546.269873,0.48,0.215718066,167.0943964,49.98469463,0.969488175,11.07429218,106.2013699,35.51934644
13/02/20 5:40,7.309975052,119.2528736,844.5158615,748.5316673,10.05000014,81.3075016,49.12500038,11.73249989,402.6129303,12.98479204,1540.491154,0.444878049,0,189.5535728,50.0436451,0.943003851,10.00161552,87.69346061,41.69205027
13/02/20 5:50,8.124349046,119.2528736,1295.373032,1028.242222,13.0900001,78.53750076,51.59249992,11.80249991,401.6641983,14.75424689,1749.063538,0.617560976,0.024499745,178.8568407,50.06449509,1.111501299,8.869639397,89.11329026,40.78135614
13/02/20 6:00,9.992850494,119.2528736,1796.781439,1791.997208,12.50500007,77.825,50.52249966,11.44249992,400.9255188,15.14804095,1794.865934,0.743414634,1.328286368,182.3135986,49.99608498,0.983128812,10.78422356,74.22966232,49.98418112
13/02/20 6:10,9.229560375,119.2528736,1560.76008,1471.415358,10.47250004,78.54500122,49.78749924,11.3750001,399.6485489,15.0483335,1782.257326,0.924878049,0.176494008,182.3135986,49.98554516,0.975037056,9.854247093,74.49624157,45.89576721
13/02/20 6:20,8.386878538,119.2528736,1284.453189,1132.203901,9.78249979,77.16000061,48.25250015,11.4500001,399.7,14.77670865,1750.861141,0.570731707,0.0015,186.7038574,50.05337982,1.011625261,10.08925724,82.69474516,39.30780706
13/02/20 6:30,8.424059129,119.2528736,1199.318863,1146.927415,9.645000029,75.03249855,47.56000023,11.35999999,399.2940125,14.66120705,1735.499416,0.529756098,0.025999794,191.0941162,50.03096523,0.933714942,10.29890442,106.807074,53.74640422
13/02/20 6:40,6.216662407,119.2528736,542.2968689,446.0322514,11.51250005,71.96000099,47.19749966,11.88499994,398.3634766,11.75343812,1394.370523,0.371707317,0,203.9165327,49.96530457,1.042906193,11.09848881,96.72013664,37.4226017
13/02/20 6:50,6.725126362,119.2528736,710.3738083,575.1820959,15.22250009,68.34749985,49.93999996,12.53750005,397.5694839,12.71633586,1507.850475,0.292682927,0,208.3809681,49.9377449,1.057988442,8.057231903,106.298667,43.0852406
13/02/20 7:00,6.367939051,119.2528736,604.0052849,484.4565191,16.89411736,65.30000126,51.42352968,12.58529416,401.6753899,12.13603993,1438.485832,0.286829268,0,210.8502808,50.02817042,1.080807748,10.46297359,98.34710559,38.7096819
13/02/20 7:10,6.461153163,119.2528736,593.6687724,508.1329034,17.75882351,62.21666654,52.41944398,12.95833344,400.4087255,12.09566325,1435.77652,0.345365854,0,210.8502808,49.92772921,1.01866492,9.181202888,114.1356549,43.87567324
13/02/20 7:20,5.919829512,119.2528736,535.1181488,376.0882892,18.42857161,59.62499981,53.22749958,13.14999995,399.3361569,11.73417784,1394.710842,0.24,0,210.8502808,49.9421047,1.205812274,10.16879177,136.4760963,44.06972322
13/02/20 7:30,5.570631671,119.2528736,586.628157,311.1374908,18.99000015,57.30500031,54.05249939,13.12750001,398.9379608,12.06183569,1430.463844,0.24,0,210.8502808,50.05961018,1.655818448,9.18621254,121.7119788,41.23267641
13/02/20 7:40,6.623018212,119.2528736,819.4074063,549.2466258,19.25555558,55.76111073,55.01666726,13.16111104,397.9994422,13.30790371,1577.482878,0.456585366,0,210.8502808,50.01923307,1.288867889,9.888087273,138.3230919,47.44193785
13/02/20 7:50,5.932843791,119.2528736,567.7787679,378.5089451,16.42222224,54.51388868,52.11944453,12.24722226,398.2478841,11.83727185,1407.091115,0.263414634,0,210.8502808,49.95340538,1.269863752,11.5619669,102.6130682,36.95166145
13/02/20 8:00,6.988379788,119.2528736,749.8979568,642.0484663,19.0249999,52.95499992,54.37000027,12.0999999,397.3099167,12.82606012,1522.108658,0.292682927,0,210.8502808,49.88982487,0.982275406,9.508893013,116.0103477,34.58592069
13/02/20 8:10,8.162959051,119.2528736,1072.174072,1043.531784,17.51750002,52.49499969,53.96249962,11.25750012,397.1417879,14.50620313,1719.756826,0.605853659,0,213.0389551,49.95848425,0.908036629,9.974425316,85.25325165,45.14867783
13/02/20 8:20,6.089051021,119.2528736,497.6769531,413.6189593,16.35526321,52.17368417,52.0000002,11.16052623,396.949234,11.37392588,1359.352883,0.257560976,0,221.8259277,49.97686939,1.021493042,10.66371536,116.9255322,37.63358152
13/02/20 8:30,5.167398489,119.2528736,330.4403046,236.1361189,18.78500004,50.50499935,53.14285696,11.89499998,397.1516205,10.24799368,1213.830327,0.152195122,0.023999759,221.8259277,50.00206966,1.194918701,8.291125298,133.130725,39.7869123
13/02/20 8:40,5.621035031,119.2528736,345.1909203,320.5125157,19.57619031,48.83095169,53.38249969,11.57380958,396.6209412,10.32478407,1226.694328,0.184390244,0,221.8259277,49.9560051,0.940059146,7.420053482,134.3569189,29.36550002
13/02/20 8:50,5.579989182,119.2528736,406.5813858,312.8779879,20.30263158,47.45789478,54.14750004,11.62368403,398.5387848,10.81758289,1282.506203,0.190243902,0,221.8259277,49.90257511,1.139901275,7.28849411,158.1423529,34.6751143
13/02/20 9:00,5.928535271,119.2528736,407.9589752,377.7075603,17.70750022,46.29500103,54.67000065,11.64249983,400.7452499,10.77860159,1279.188251,0.169756098,0,221.8259277,49.92343483,0.914678352,7.99566555,110.9179473,26.4629194
13/02/20 9:10,5.706490624,119.2528736,280.7079868,336.4072561,13.1250001,45.00000019,54.88947517,10.70249987,401.0195496,10.06379534,1191.172094,0.175609756,0.196997487,220.0229294,49.94543419,0.721422328,7.474956036,110.3714221,31.63629665
13/02/20 9:20,7.116832161,119.2528736,709.8317444,684.0219418,15.48999982,44.07499962,55.80000019,10.54500003,400.8072861,12.83534641,1512.507677,0.310243902,0,196.9005882,49.98811474,0.870147369,5.98839426,91.28604479,33.50575609
13/02/20 9:30,6.778827715,119.2528736,718.1841919,588.8222396,18.975,43.93000069,56.90499973,10.72249999,400.838089,12.71224946,1503.958523,0.301463415,0,196.3620142,49.9105299,1.040539686,7.621007919,102.3631332,39.62727051
13/02/20 9:40,6.288016605,119.2528736,472.5053574,464.1562178,17.5875001,43.54249992,54.33000011,10.23999996,401.5778336,11.3322114,1357.57604,0.31902439,0,199.8746338,49.88763409,0.877747672,8.493202209,98.33620934,31.57688074
13/02/20 9:50,5.064228141,119.2528736,276.7382893,216.9464343,19.73500004,42.80000019,55.42749977,10.7250001,402.2279175,9.889794722,1175.0394,0.128780488,0.073997886,199.8746338,49.90942955,1.072473601,6.915328979,110.8662202,30.40168427
13/02/20 10:00,5.226984072,119.2528736,350.375024,247.2190373,20.57499962,41.99249954,55.68750019,10.83750014,402.0105515,10.33551528,1227.001345,0.131707317,0.048999571,199.8746338,49.94286499,1.219871973,5.751857281,124.7425734,36.20959682
13/02/20 10:10,5.488826776,119.2528736,341.0105125,295.9217803,21.13750048,41.20500069,56.27999916,10.93999987,402.3045181,10.36332768,1232.037964,0.210731707,0,199.8746338,49.96306992,1.020450561,6.578700066,120.2515648,42.71506629
13/02/20 10:20,6.158171844,119.2528736,616.5961815,431.1756485,21.8,40.84499989,56.87499943,10.91000004,401.4432861,11.93495692,1415.659533,0.263414634,0,211.8408538,49.91952419,1.221076395,6.698550224,111.8251011,30.40364676
13/02/20 10:30,6.785101938,119.2528736,676.2073608,590.4158923,19.88500004,41.25250072,55.78249989,11.15250001,401.7979813,12.49769345,1484.271606,0.310243902,0,221.7266315,49.9322298,0.976619362,9.269597054,107.1833996,42.36925068
13/02/20 10:40,5.924600029,119.2528736,513.3532158,376.9756054,20.80500002,41.22000046,55.95499954,11.85,402.8806183,11.5161733,1368.541941,0.298536585,0,225.1186218,49.90508976,1.153589803,9.851198196,99.00670443,29.65818467
13/02/20 10:50,7.074676859,119.2528736,821.3636604,669.942071,21.69249973,41.06999969,57.1949995,11.06749997,404.7357162,12.93406065,1532.453236,0.351219512,0,225.1186218,50.01802921,1.028834918,7.401746273,72.76700182,30.13978655
13/02/20 11:00,7.556967711,119.2528736,941.664859,831.0272156,17.82999992,42.08750057,54.46499996,11.17249999,401.1125183,13.86971118,1642.171177,0.403902439,0,225.1186218,49.98417473,0.950940896,7.920109272,68.58248348,31.1607533
13/02/20 11:10,8.756346488,119.2528736,1285.363406,1278.513209,15.20999999,43.55999985,53.08750019,11.04249997,399.929567,14.61256751,1731.285307,0.690731707,0.152494126,225.1186218,49.98223,0.907683421,8.878446579,60.46958694,36.22730792
13/02/20 11:20,8.711221027,119.2528736,1300.778241,1260.643527,12.94000015,46.53750019,52.30249958,11.30749993,400.7042007,14.78421038,1753.806576,0.626341463,0.305889204,231.7072368,49.92921448,0.930303663,8.547366142,77.11428127,40.49010401
13/02/20 11:30,6.531352472,119.2528736,665.9299202,525.963528,12.4749999,47.54750042,50.3,11.48000011,400.305368,12.20336612,1446.620831,0.345365854,0,249.3477055,49.93346996,1.103033714,8.450488091,115.7700377,38.03045148
13/02/20 11:40,6.580264735,119.2528736,674.833493,538.3872427,14.48000016,47.01000042,52.1324995,11.72250009,400.1531479,12.37310086,1467.975626,0.354146341,0,253.655304,50.00169487,1.087007479,9.222470284,116.0917452,40.74972591
13/02/20 11:50,5.469113362,119.2528736,347.8463226,292.2550853,18.26750011,46.46750031,53.3774992,11.9974999,400.9006363,10.40944009,1234.497168,0.146341463,0.024499745,253.655304,49.98040524,1.052034966,9.603233337,101.8088377,41.80973439
13/02/20 12:00,5.430856085,119.2528736,397.0007202,285.1392318,19.78499985,45.59999962,53.85999985,12.13749986,401.4773849,10.77026027,1276.828697,0.190243902,0,253.655304,49.99139938,1.226139216,7.570775509,146.8000591,37.11431189
13/02/20 12:10,5.107033241,119.2528736,289.9461533,224.9081828,20.6624999,44.75000038,54.12000008,12.12000003,401.6757172,9.983411774,1185.80765,0.175609756,0,253.655304,50.00913963,1.091199656,7.647418022,95.81054144,49.34616311
13/02/20 12:20,5.18985914,119.2528736,278.1283707,240.3138,21.51000004,43.60499973,54.29249992,12.31499996,402.0411514,10.11200613,1201.975948,0.114146341,0.225999881,253.655304,50.03531475,0.991313366,6.211770058,134.7471626,35.06791334
13/02/20 12:30,5.890389383,119.2528736,437.0216042,370.6124252,22.43999987,42.92499962,54.89249973,12.62749996,402.1850677,10.98456591,1305.020411,0.169756098,0.024499745,254.1790634,49.98932972,1.001799035,6.576198101,154.882756,42.47607579
13/02/20 12:40,6.420330238,119.2528736,683.9313248,497.7638805,23.16999998,42.89500027,56.45499973,12.74500003,402.2802521,12.63061456,1498.819067,0.392195122,0,262.4358215,50.03442955,1.195048102,7.571874142,58.58690462,28.6648906
13/02/20 12:50,6.508891821,119.2528736,526.4701263,520.2585225,23.50749998,42.89999981,57.19999828,12.68249993,402.9233704,11.66386718,1385.288612,0.24,0,276.6658024,50.06777077,0.883521242,7.401390553,74.88455091,20.78852276
13/02/20 13:00,6.917295615,119.2528736,737.258667,623.9930862,22.46111117,42.4194444,57.00000021,12.58611112,402.5719113,12.87228639,1528.937772,0.272195122,0,278.899292,50.04858907,0.998197765,5.751431942,61.59464778,23.52841324
13/02/20 13:10,7.948173473,119.2528736,1003.538217,961.6899399,15.91315781,43.29473636,53.63250008,12.34736844,401.8840027,14.06075254,1674.256421,0.597073171,0.100491274,278.899292,50.01492069,0.911210393,6.395608425,52.8578173,30.72696831
13/02/20 13:20,7.751447153,119.2528736,896.4526855,895.9833491,13.96500001,44.21750031,51.54250031,12.01499996,401.1504379,13.55562763,1606.138872,0.406829268,0.003499999,278.899292,49.96842461,0.857467165,7.013189793,59.78359966,32.27740369
13/02/20 13:30,6.26741221,119.2528736,575.5392197,458.9227012,15.04750004,44.44249954,51.61315757,12.28999991,401.5003998,11.92262274,1396.75615,0.234146341,0,278.899292,49.92277946,1.079764632,7.110732079,69.2453989,24.94311438
13/02/20 13:40,7.028140616,119.2528736,823.3068054,654.3989659,19.53250008,44.22999935,54.49249992,12.47249999,402.145784,13.21595455,1578.165092,0.44195122,0,278.899292,50.01416492,1.056718378,6.046891689,64.04934421,28.25707808
13/02/20 13:50,7.757851076,119.2528736,969.0367203,898.1222594,18.93749981,44.84999924,53.73095213,12.51999993,403.1648499,13.87113443,1644.821709,0.418536585,0.459211969,282.9560014,49.99824944,0.925285313,6.773810863,44.69772305,28.36701541
13/02/20 14:00,7.830374789,119.2528736,1113.38689,922.3451796,20.10749998,45.60000019,54.86842165,12.52750001,403.362796,14.30470124,1689.639765,0.471219512,0.269472698,303.0457153,50.0458046,1.042617538,6.408891678,63.88021393,30.13077688
13/02/20 14:10,8.764476824,119.2528736,1324.959229,1281.732822,16.96750011,47.64749985,53.05749931,12.55499992,403.1069168,14.52051227,1724.190811,0.752195122,0.766007533,306.6336643,50.05163994,0.93352316,8.441137314,72.42812119,30.9595139
13/02/20 14:20,8.467699718,119.2528736,1203.158782,1164.209089,14.39499993,50.13999977,51.79500046,12.61999979,403.8629471,14.24747005,1688.529636,0.570731707,0.676040402,308.5335388,50.05515003,0.924233005,9.260025978,59.54685564,28.99032907
13/02/20 14:30,8.8875278,119.2528736,1250.721088,1330.461009,13.37250013,51.32250004,50.49999981,12.51750021,403.7463669,14.71873869,1746.223366,0.547317073,0.024499745,308.5335388,50.06343517,0.851978812,8.407765388,70.07722282,38.87540622
13/02/20 14:40,8.148573184,119.2528736,1051.979367,1037.834981,13.07999988,52.28499908,49.56249924,12.53249993,404.115831,14.27717578,1691.088089,0.617560976,0.167917671,308.5335388,50.06684513,0.89526553,9.181398392,92.6959374,33.17953424
13/02/20 14:50,8.26390202,119.2528736,1357.196213,1083.5052,14.6874999,53.22499981,49.65749989,12.4525001,403.7996826,14.80384572,1753.271742,0.582439024,0.525828666,306.0071511,50.05040989,1.111680172,9.287014961,66.19324756,36.43593044
13/02/20 15:00,8.449879599,119.2528736,1252.667947,1157.152321,15.49500003,54.56500072,49.7875,12.64749999,403.4417847,14.68909393,1742.486063,0.55902439,0.122489795,297.5578918,49.95249481,0.967524698,10.1898222,82.10435286,42.34744315
13/02/20 15:10,8.019025445,119.2528736,1177.17081,986.5340762,15.8375,55.43249969,49.70500031,12.72749991,403.5440475,14.63035275,1733.880014,0.717073171,0,297.5578918,49.95640507,1.047681424,9.321080208,69.49736004,35.77924423
13/02/20 15:20,8.30030303,119.2528736,1276.723889,1097.92,15.2400001,56.45499973,49.79749985,12.8900001,403.3406647,14.85156906,1761.901451,0.605853659,0.03199943,297.5578918,50.01971951,1.033526478,9.229195595,62.72020178,29.49466615
13/02/20 15:30,7.755010962,119.2528736,1161.248041,897.1736615,13.63500009,56.71749973,48.5,12.62750015,403.0841019,14.51670974,1721.981558,0.453658537,0,297.5578918,49.98205967,1.109672873,9.005190849,67.5498693,31.67508719
13/02/20 15:40,7.985984206,119.2528736,1107.619928,974.3187249,13.225,57.30750008,48.08250046,12.60999994,403.5170837,14.46938252,1714.609148,0.690731707,0,297.5578918,49.94808445,0.996007027,8.701875687,42.16349192,28.38789825
13/02/20 15:50,8.134020185,119.2528736,1262.806686,1032.071993,13.93000007,57.08250008,47.66249981,12.72999997,402.8272522,14.49516799,1719.733046,0.532682927,0.083498481,309.1497077,49.94031467,1.079998147,8.040990829,68.95866699,32.63635325
13/02/20 16:00,8.750610757,119.2528736,1469.766995,1276.24186,15.07500014,58.89499969,48.88750095,12.7624999,403.3268997,15.05948523,1785.756666,0.670243902,0.12899282,311.8262329,49.95227509,1.039570217,9.340807915,64.54032226,37.27726746
13/02/20 16:10,9.034190083,119.2528736,1352.716171,1389.359835,14.83500004,60.22000027,49.07999916,12.54999995,402.4519226,15.07523891,1787.312365,0.813658537,0.0025,311.8262329,49.90800934,0.88663566,9.470226288,56.21260099,38.72814043
13/02/20 16:20,8.06843884,119.2528736,1044.115018,1006.101781,13.13250012,60.31749992,47.65750008,12.51499996,401.8106522,14.37658355,1704.454857,0.456585366,0,311.8262329,49.94438934,0.91330973,9.216031075,58.11492884,35.07852378
13/02/20 16:30,7.569720244,119.2528736,829.1709015,835.2865616,12.82250013,59.24500008,46.27999973,12.47500005,401.6553833,13.49250112,1599.422928,0.406829268,0,311.8262329,49.99447517,0.834288119,8.853365898,57.25986691,30.03189616
13/02/20 16:40,7.916449094,119.2528736,897.014505,951.0939973,14.09249992,57.62000046,46.33500004,12.42499976,401.2136337,13.80662178,1637.059536,0.497560976,0,303.9072126,50.01862469,0.821203799,7.185509205,53.49915981,29.28059919
13/02/20 16:50,8.144452333,119.2528736,1031.051971,1036.203124,14.63999991,57.08249931,47.01250038,12.52749977,400.5302307,14.43363342,1711.098295,0.471219512,0,299.3168875,50.00435009,0.878679546,7.835779667,60.47545462,33.89647913
13/02/20 17:00,8.782148409,119.2528736,1330.453415,1288.73077,14.90249972,56.89749966,47.33000031,12.38999996,399.7891541,14.81379274,1754.446999,0.538536585,0.01549998,293.1676331,50.0835844,0.932796864,8.196004868,61.676612,27.02324924
13/02/20 17:10,8.786380696,119.2528736,1434.447592,1290.406756,15.12500038,58.42250023,48.19749985,12.52249994,398.9888626,15.04721497,1783.989607,0.842926829,0.049498151,293.1676331,49.99395962,1.004528532,9.033706665,57.74057026,29.56011796
13/02/20 17:20,8.81778841,119.2528736,1422.741336,1302.84421,13.70500002,59.8125,47.90500031,12.24250002,396.8901199,15.08239692,1787.610157,0.646829268,0.025499925,293.1676331,50.00684471,0.98773128,8.863162994,55.77778411,37.12884893
13/02/20 17:30,8.318754005,119.2528736,1190.773264,1105.226586,12.50499992,60.38249989,46.59249992,12.21750002,396.5259857,14.56120071,1725.054932,0.482926829,0.024499745,293.1676331,50.00834999,0.958263673,8.536627769,67.92074528,34.20215697
13/02/20 17:40,9.012657499,119.2528736,1573.435205,1380.31615,12.21249976,61.48499966,46.88999996,12.00250001,396.7838058,15.05382103,1784.399248,0.92195122,0.162995012,293.1676331,50.00674992,1.036927068,8.947535515,72.45273552,31.78695774
13/02/20 17:50,8.292185231,119.2528736,1208.607942,1094.705352,12.00789487,62.78684134,46.71578919,12.12105264,397.3787938,14.76559686,1750.29219,0.535609756,0.002631579,293.1676331,49.98421016,0.980945829,9.181566238,74.91743479,33.92091164
13/02/20 18:00,8.404253078,119.2528736,1311.892828,1139.084219,12.32999997,62.32999973,46.68249989,12.0624999,397.1515823,14.78435858,1752.970922,0.547317073,0.331202488,293.1676331,49.92944965,1.027651469,9.351823807,80.13031263,33.21621757
13/02/20 18:10,9.228260922,119.2528736,1710.983374,1470.869587,13.83250008,64.23000011,48.50250015,12.05250006,397.1174255,15.12618971,1792.822695,1.006829268,0.800207247,293.1676331,49.95459976,1.069217868,10.27793121,93.15982914,39.01624651
13/02/20 18:20,9.382905197,119.2528736,1734.434833,1535.820183,12.36750011,66.77250023,48.06750088,12.01249995,397.8830978,15.1305069,1793.153807,0.725853659,0.837766268,293.1676331,49.93941479,1.045078523,10.5510273,70.24458885,30.97972255
13/02/20 18:30,9.645119023,119.2528736,1742.963916,1645.94999,11.94250011,69.33250084,48.1125,12.0099999,397.774202,15.16584295,1796.531227,0.813658537,0.999793358,293.1676331,49.91100044,1.001230573,9.970943451,75.64401693,35.90389252
13/02/20 18:40,10.24377837,119.2528736,1907.861505,1844.974566,11.77000008,71.97249985,48.21499977,11.90999985,397.858432,15.12596829,1794.916454,1.077073171,2.062473337,293.1676331,49.92389946,1.012198286,9.9171381,80.39880295,37.33373871
13/02/20 18:50,9.928846931,119.2528736,1857.968134,1765.115711,11.76500006,74.93749924,48.5,12.13249993,398.5278793,15.18830323,1799.252672,0.828292683,1.680245689,293.1676331,49.98469448,1.025572373,10.75686073,84.17803106,42.85467253
13/02/20 19:00,8.780403471,119.2528736,1523.097961,1288.039775,11.59499993,76.21749954,48.06000023,12.21749992,398.940863,15.096561,1790.474556,0.699512195,0.163482347,293.1676331,50.00657463,1.068379652,10.4414587,66.03197317,37.85317636
13/02/20 19:10,8.67433722,119.2528736,1345.898645,1246.037539,11.4124999,75.86999893,47.53250008,12.44749994,399.690654,15.05110453,1783.639532,0.807804878,0.045998311,293.1676331,49.97874966,0.972730419,9.911296844,75.69636126,40.32911358
13/02/20 19:20,8.065320277,119.2528736,1211.959335,1004.86683,11.28250017,74.11500092,47.05749989,12.01250005,401.0062836,14.74959558,1748.655762,0.52097561,0.052997412,302.0251155,49.96252518,1.061276533,10.20408249,64.90272311,38.19206935
13/02/20 19:30,7.809863162,119.2528736,970.2622589,915.4942961,12.02750006,71.55500031,46.77499981,12.08749986,401.2586685,14.14350839,1676.164936,0.433170732,0,310.7286682,49.91389446,0.913572744,10.14002705,86.67563643,35.59032588
13/02/20 19:40,8.218609333,119.2528736,1045.452582,1065.569296,13.10250001,68.87250023,46.95249977,12.16750007,402.2255722,14.12659103,1676.561823,0.605853659,0.016999915,310.7286682,49.94009533,0.869136954,8.915745735,72.70954924,34.97983742
13/02/20 19:50,8.288794279,119.2528736,1076.129184,1093.362535,13.58750024,67.07750015,47.11750031,11.75999994,403.5064163,14.4176778,1708.390709,0.459512195,0,310.7286682,50.06118984,0.874377479,9.278079987,79.07939844,35.13566799
13/02/20 20:00,8.077627254,119.2528736,1167.862808,1009.740392,13.83500013,65.83249893,47.4949995,12.13749995,402.8253021,14.80116905,1755.226324,0.550243902,0,296.7487264,50.02902508,1.018304045,10.09427738,74.00837994,35.06987953
13/02/20 20:10,7.5187289,119.2528736,882.1940079,818.2554526,14.63749971,64.09000072,47.44250011,11.70499997,401.6892502,13.6579531,1620.885069,0.529756098,0,297.5578918,49.9815649,0.90076059,9.37607193,92.09690275,36.94453259
13/02/20 20:20,6.544516137,119.2528736,692.5726575,529.3070987,17.79210542,61.97894729,50.13684182,11.77368415,400.4535635,12.70139953,1506.574137,0.313170732,0,297.5578918,49.98159429,1.138489852,8.549308777,65.0209137,27.90980268
13/02/20 20:30,6.738732696,119.2528736,687.6896885,578.6381047,19.37749996,59.67250042,51.62142908,11.89749999,402.9345474,12.72540203,1509.482431,0.316097561,0,297.5578918,50.00713005,1.017002453,7.26612711,89.49042625,27.37394753
13/02/20 20:40,7.380531073,119.2528736,748.0140198,772.0973783,20.1699996,57.47000008,52.6894738,11.71750002,403.7506638,13.02896878,1545.82057,0.421463415,0,297.5578918,49.93337498,0.808917221,6.672389507,59.19775734,23.69267108
13/02/20 20:50,6.868131924,119.2528736,707.2004105,611.5055086,20.7124999,55.65999985,53.81750011,11.48250012,404.764827,12.81777945,1520.280144,0.310243902,0,297.5578918,49.96264019,0.980303006,6.24694252,79.69027653,21.96062765
13/02/20 21:00,6.72772522,119.2528736,698.4528082,575.8422058,15.75500007,53.96500053,54.03095245,11.12500005,405.369397,12.74615854,1508.121775,0.298536585,0,297.5578918,49.87516975,1.03882896,6.362296104,67.764498,30.52295766
13/02/20 21:10,6.907669997,119.2528736,621.2165878,621.5481793,12.83750005,52.59499989,50.82368409,10.86500001,401.5893845,12.29065083,1470.59598,0.389268293,0,297.5578918,49.87785454,0.8449326,7.231709957,65.29484863,26.43356714
13/02/20 21:20,5.603635788,119.2528736,445.1857193,317.2762566,16.44500012,51.00249977,52.79249954,10.98249984,400.5452148,11.05088134,1324.444347,0.222439024,0,297.5578918,49.97049408,1.227279721,6.706330299,66.19436998,24.1134805
13/02/20 21:30,5.600702953,119.2528736,394.6206657,316.7307493,18.60750008,49.22249985,53.11249981,11.1099999,399.450116,10.67820069,1258.499084,0.146341463,0,297.5578918,49.86833439,1.090141948,5.899638176,69.28110104,22.18659458
13/02/20 21:40,5.262364292,119.2528736,358.1765656,253.7997583,19.69499998,47.61499996,53.71749859,10.80999994,400.5867828,10.40414652,1236.286589,0.222439024,0,297.5578918,49.88387508,1.22008388,5.02150631,69.31045885,28.98109491
13/02/20 21:50,4.902288866,119.2528736,269.0363007,194.1540641,20.06250019,46.28749943,53.79499912,10.81000018,402.1292007,9.626974244,1149.821177,0.122926829,0,297.5578918,49.98909492,1.163214939,4.935872555,53.2046813,27.72332826
13/02/20 22:00,5.438095427,119.2528736,282.8225228,286.4857493,20.39499969,44.81749992,53.79249897,10.8125,402.2170181,9.772993058,1161.284454,0.122926829,0,316.0509655,49.96800022,0.87001094,4.276343346,55.49001374,23.77227042
13/02/20 22:10,5.222677612,119.2528736,289.4431686,246.4180359,20.66499996,43.65999985,53.93750019,10.85249991,403.2694153,9.865887523,1171.298492,0.169756098,0.024499745,317.3140564,49.94494438,1.010447245,3.945415258,57.55058556,18.41887126
13/02/20 22:20,4.481616698,119.2528736,162.5194622,147.4594535,20.82631513,42.655263,53.75526227,10.81578942,404.4692977,9.315113425,1107.042973,0.070243902,0.363683649,317.3140564,49.98234157,0.975851284,4.086457253,59.31016872,21.71333649
13/02/20 22:30,4.798840033,119.2528736,204.4338295,182.6712437,19.11315782,41.36315818,53.71315705,10.65263156,404.6788105,9.295676398,1104.478003,0.08195122,0.128946822,317.3140564,49.92271002,0.950151638,3.576001167,60.29993188,22.14119693
13/02/20 22:40,5.385489285,119.2528736,285.848642,276.701007,14.19750009,40.51749992,54.26749992,10.19250011,405.0408646,9.786474377,1162.40823,0.16097561,0,317.3140564,49.95086002,0.905598986,3.595953941,46.98249445,22.50849352
13/02/20 22:50,5.73973608,119.2528736,342.2553566,342.5909109,14.53500004,39.81750031,54.89750061,10.0125,406.1335007,10.28079388,1221.142239,0.155121951,0,317.3140564,50.0197546,0.86075048,3.940683365,40.48867416,19.49723456
13/02/20 23:00,5.298483924,119.2528736,260.7196953,260.5180098,17.62368433,39.23157983,54.52631539,10.15000002,406.383932,9.521958366,1129.956834,0.117073171,0,317.3140564,49.90479941,0.868937809,4.229566574,49.09074522,19.62869595
13/02/20 23:10,6.407503438,119.2528736,469.130498,494.5058733,18.525,38.70249996,54.60500011,9.60999999,403.8809845,11.22483707,1325.679571,0.24,0,317.3140564,49.93691483,0.824468681,3.470628977,25.60611563,15.25947965
13/02/20 23:20,6.28111136,119.2528736,443.2453506,462.4022853,19.19499969,38.38499947,55.2824995,9.507500076,400.6277847,11.0961231,1317.803129,0.20195122,0,317.3140564,49.87905464,0.826115094,3.678689003,36.35035377,16.59446142
13/02/20 23:30,6.618948865,119.2528736,522.3544495,548.2130117,19.62499981,38.1324995,55.48499985,9.282499933,399.9455322,11.65187873,1384.099657,0.207804878,0,307.196538,49.8507349,0.823467166,3.793043137,23.61273676,17.56998794
13/02/20 23:40,6.460462213,119.2528736,514.8300644,507.957402,20.25249977,37.94249973,56.27499981,9.052499914,400.1903534,11.62472883,1380.634878,0.316097561,0,299.7530212,50.0023695,0.883656206,3.84237504,28.29421,18.65488653
13/02/20 23:50,4.825087428,119.2528736,255.7951958,185.5847045,20.48999996,37.64750042,56.22250004,8.9875,401.4988678,9.508709952,1131.446932,0.12,0,299.7530212,50.06757469,1.16667675,3.677735567,50.33311024,19.02528794
14/02/20 0:00,4.439265895,119.2528736,183.9852928,142.7585143,20.68250046,36.9925005,55.81000156,9.162499857,401.3205963,8.991251305,1064.232313,0.08195122,0,299.7530212,49.94783916,1.136642158,3.230665922,51.97250814,21.09186573
14/02/20 0:10,4.808436942,119.2528736,235.0652512,183.7365006,18.075,36.56749992,55.88250008,8.804999924,400.8754196,9.281349331,1104.31489,0.134634146,0,299.7530212,49.97052002,1.084973367,2.906697273,27.37998197,16.49900391
14/02/20 0:20,5.346879292,119.2528736,222.2023552,269.5195482,13.3275001,36.18499985,56.24499874,8.677499986,401.6169998,9.17071858,1091.463844,0.090731707,0,299.7530212,50.0856493,0.719748094,2.94581151,15.34320234,15.06137636
14/02/20 0:30,5.316288304,119.2528736,242.5513397,263.8296246,14.42000003,35.71500015,56.16500015,8.739999962,399.5513641,9.350383535,1111.579702,0.108292683,0,299.7530212,49.98127956,0.799874305,2.915645599,22.33422711,13.52299751
14/02/20 0:40,5.409212184,119.2528736,237.5606384,281.1134662,17.22249994,35.34000053,55.37999954,8.534999943,404.0095642,9.294884741,1104.546518,0.140487805,0,299.7530212,49.99554958,0.742609226,2.731869221,37.568156,14.53599501
14/02/20 0:50,5.58026557,119.2528736,251.1273392,312.929396,18.09499998,34.95750008,55.06500015,8.435000205,404.7179291,9.427914128,1120.683809,0.108292683,0,299.7530212,49.93307991,0.703926798,2.672824621,34.29056754,14.69431736
14/02/20 1:00,5.904088449,119.2528736,271.8081726,373.1604516,18.69000006,34.70249977,54.9675005,8.337499976,404.159314,9.647886917,1147.761887,0.12,0,299.7530212,49.92374382,0.618100033,2.646936655,16.76378653,13.4887527
14/02/20 1:10,5.767763389,119.2528736,293.727719,347.8039903,18.91578915,34.56315854,54.74736947,8.397368481,404.6995946,9.849895788,1170.663812,0.166829268,0,299.7530212,49.96364252,0.72559805,2.669152737,31.89834073,13.5804209
14/02/20 1:20,5.942884064,119.2528736,312.4879654,380.3764359,19.35249958,34.31000042,54.93250084,8.255000043,405.1195023,10.0411102,1193.90871,0.143414634,0,299.7530212,50.03403492,0.694894575,2.79594183,27.76758714,12.43169291
14/02/20 1:30,5.044366312,119.2528736,229.198494,213.252134,19.31999922,34.12499962,54.55750008,8.089999962,406.0251297,9.20281072,1093.88229,0.102439024,0,299.7530212,50.05627041,0.900669233,2.942895174,16.79286346,6.871114868
14/02/20 1:40,5.157894492,119.2528736,201.0498322,234.3683755,19.67250023,33.95749989,54.40749989,8.065000057,402.0142517,9.102934912,1084.702051,0.122926829,0,299.7530212,49.99409523,0.731532835,2.586243153,26.50731769,6.990316308
14/02/20 1:50,4.538352501,119.2528736,138.9806984,153.7571277,20.11499996,33.71500053,54.21250038,7.907499957,401.8001343,8.993991718,1068.752478,0.064390244,0.245000005,299.7530212,49.96921501,0.796226704,2.548514605,15.7377673,7.637986559
14/02/20 2:00,3.817254949,119.2528736,66.81556091,80.4768662,19.71249962,33.44749966,53.96250095,7.992499971,401.5855179,8.988070294,1064.509226,0.032195122,1.093000982,299.7530212,50.00364971,0.691467582,2.393373966,14.43605078,8.156772727
14/02/20 2:10,3.731366336,119.2528736,68.80351677,74.12110889,14.19500008,33.20250072,54.03750019,8.0299999,401.3983826,8.990310833,1070.234739,0.04097561,0.99000001,282.9387196,50.0560648,0.775242854,2.574477911,12.27308655,8.211675286
14/02/20 2:20,4.154962587,119.2528736,117.3918125,111.2008472,13.24750009,32.89750004,53.8800005,7.99749999,401.4353836,8.99962762,1070.058174,0.046829268,0.614999415,281.0944214,50.0083952,0.899611535,2.425321817,17.34003038,8.414124775
14/02/20 2:30,5.474904966,119.2528736,289.7728409,293.3323237,16.80250006,32.7125,53.93499985,8.127499795,401.049884,9.875855908,1173.594154,0.099512195,0.073499468,281.0944214,49.98418026,0.873651945,2.489151478,23.32050138,7.482101989
14/02/20 2:40,5.80867722,119.2528736,321.3307587,355.413963,18.38750019,32.72249985,54.47499981,7.852499962,401.7020355,10.11603378,1201.885317,0.20195122,0,281.0944214,50.06394005,0.773742892,2.851195335,19.96222327,7.666194856
14/02/20 2:50,5.9158571,119.2528736,329.7733749,375.3494207,18.70750036,32.72250004,54.33749962,7.905000043,402.2855865,10.18014,1208.527811,0.134634146,0,281.0944214,50.08908501,0.744805912,3.133710623,10.36181118,7.225578821
14/02/20 3:00,5.693385506,119.2528736,302.773349,333.9697041,19.04000015,32.74749947,54.43249989,7.805000019,401.554631,9.947625384,1182.602303,0.152195122,0.024499745,281.0944214,50.04664955,0.78490604,3.130020857,30.6978492,17.90793953
14/02/20 3:10,4.611377394,119.2528736,201.4857403,161.8628908,19.34249935,32.63749962,53.99750023,7.690000033,401.9441376,9.325077876,1108.997549,0.122926829,0.123499447,281.0944214,50.10848541,1.083642726,3.400838614,73.77301154,39.70077481
14/02/20 3:20,5.482018245,119.2528736,294.6268494,294.6553936,19.58157931,32.57894797,53.95789538,7.626315769,402.2814203,9.963293327,1183.470786,0.12,0.053683774,281.0944214,50.03965759,0.884883533,3.245842695,29.79411795,13.68991362
14/02/20 3:30,5.05414865,119.2528736,213.7544226,215.0716489,19.83250008,32.45250015,53.97500057,7.909999943,401.8960175,9.437681794,1121.814045,0.108292683,0.097999428,281.0944214,50.01776047,0.83422892,3.334962606,92.96998429,25.91493702
14/02/20 3:40,4.844967806,119.2528736,201.3315113,187.7914265,20.12500019,32.38999939,53.84500008,7.710000062,401.5718811,9.346925274,1110.790243,0.122926829,0.1964986,281.0944214,50.04510498,0.905469196,4.068387985,75.50957499,25.3855937
14/02/20 3:50,4.041025996,119.2528736,80.90031548,98.55388558,20.46499987,32.28999968,53.58749866,7.989999866,401.6498352,9.127499521,1085.521797,0.03804878,1.015500321,281.0944214,50.12938938,0.686074815,3.82713294,85.41155167,23.43524137
14/02/20 4:00,3.012756312,119.2528736,34.2428647,20.94396708,20.75749979,32.14999933,53.38750019,8.0075001,400.8492188,9.028062657,1073.413439,0.023414634,1.390000619,281.0944214,50.01670494,0.946949108,3.533397675,66.06318507,16.49367305
14/02/20 4:10,2.525168753,119.2528736,-2.818480521,0,20.54749994,31.95499945,52.41000023,7.890000153,405.9849808,0.982002216,116.1698356,0.003658537,44.27063651,281.0944214,50.06990509,1,3.457597256,8.55242992,4.622371708
14/02/20 4:20,2.92398448,119.2528736,-3.832130539,0,20.20999975,31.73000021,51.47000027,7.7575001,405.8796799,5.874986962,700.9490547,0.003658537,15.57245573,239.6191171,50.06636009,1,3.400597095,33.592652,15.24344758
14/02/20 4:30,2.500101185,119.2528736,-5.610435539,0,20.41249971,31.51499996,51.40499973,7.727499914,402.0294052,4.278688249,507.1920937,0.003658537,27.8020752,231.70401,49.99086952,1,3.089624882,13.78342965,7.087330025
14/02/20 4:40,3.394062066,119.2528736,19.47493286,49.16059289,20.54000015,31.28999996,50.96500034,7.674999952,401.0819534,7.265409585,864.3678027,0.003658537,8.328398486,231.4422055,49.96181946,0.320787745,3.154727221,31.43230186,15.83350254
14/02/20 4:50,3.681377447,119.2528736,62.07995324,70.42193105,20.73000031,31.23500032,51.46500034,7.84000001,400.3033157,9.213964596,1096.866308,0.023414634,1.214999852,236.0942688,50.02254505,0.737589976,3.033087254,98.41249647,15.58833842
14/02/20 5:00,2.695226079,119.2528736,22.49066942,0,20.78749943,31.1,51.53749981,7.650000095,400.2274841,9.087487713,1080.441313,0.014634146,1.49000001,236.0942688,49.93180027,1,3.651562452,85.58377094,18.65522552
14/02/20 5:10,3.258115435,119.2528736,45.86211521,39.10054216,20.78999939,30.86750011,51.56999969,7.570000052,400.3888885,9.135750487,1086.08919,0.020487805,1.315002918,220.112603,50.02426949,0.882685661,3.699103594,90.72313004,15.52650673
14/02/20 5:20,3.780129936,119.2528736,102.5428791,77.72961526,20.81111039,30.86388863,51.79999924,7.67777782,403.0464952,9.239054273,1098.342158,0.049756098,0.852779879,225.1186218,49.98790508,1.099967922,3.82911253,103.8164288,20.66716626
14/02/20 5:30,3.670499992,119.2528736,95.83338137,69.61699944,21.04000015,30.81000013,52.00749989,7.812500024,403.9275696,9.227331921,1097.357763,0.046829268,0.892003522,225.1186218,49.99461956,1.152283121,3.733073235,90.69798393,18.68140941
14/02/20 5:40,3.21445632,119.2528736,45.73303995,35.86976767,17.56000023,30.69750023,51.85250053,7.775000143,403.1665985,9.059621662,1075.449675,0.023414634,1.465000281,225.1186218,50.00890942,0.930541459,3.8924613,51.41445031,20.86056383
14/02/20 5:50,4.523353958,119.2528736,114.0081705,152.0922894,12.55499997,30.67249975,51.90999966,7.294999957,402.4124374,9.300930128,1105.127495,0.04097561,0.903001363,224.5074755,50.0354044,0.662026517,4.281784058,85.26675515,32.59310076
14/02/20 6:00,5.40572238,119.2528736,353.1544617,280.4643626,14.4375,30.78500032,52.37250042,7.117499995,402.7505386,10.36871266,1231.645014,0.149268293,0,189.2821505,50.08765011,1.106116721,4.370484829,41.01515465,14.56010371
14/02/20 6:10,6.282643822,119.2528736,504.1691149,462.7915307,17.09444438,30.89999983,53.08333249,6.991666661,400.9880388,11.48790335,1364.128081,0.272195122,0,190.3587967,50.06721666,0.938975115,3.876370192,52.81542587,20.88434239
14/02/20 6:20,7.386229825,119.2528736,747.787265,774.0007616,18.61750011,31.51499968,54.55749989,6.882499981,402.0701324,13.00372334,1543.477873,0.316097561,0,198.7770691,49.99484978,0.806618193,4.841288567,58.99359732,19.79227976
14/02/20 6:30,8.390906501,119.2528736,994.835202,1133.798974,17.31250019,32.8324995,54.43499985,6.802500057,401.0510498,14.26490249,1691.513397,0.430243902,0,193.9486257,49.99973526,0.782538448,5.646112442,48.02248955,27.60609176
14/02/20 6:40,7.823859358,119.2528736,871.6417755,920.1690255,15.14749999,34.11749992,52.14500065,6.8,400.3386871,13.68499017,1623.347866,0.52097561,0,185.6062927,49.93768959,0.817654789,5.887092113,61.04900188,23.56027987
14/02/20 6:50,7.962001467,119.2528736,903.4414246,966.3084899,18.12750015,35.20000057,54.59750004,6.802499986,401.9539352,13.83087775,1642.68144,0.40097561,0,192.3470514,49.9128046,0.8174086,5.505576134,55.26898308,28.84648657
14/02/20 7:00,8.025881817,119.2528736,918.8157379,989.2491997,15.03157907,36.07500019,51.65750027,6.717499995,402.7795266,13.89661932,1649.276842,0.389268293,0,195.9545924,49.988373,0.815768496,7.838760376,60.2403709,18.10864172
14/02/20 7:10,7.989822251,119.2528736,1057.279987,975.600632,13.83571434,37.14749966,50.68500004,6.597500062,401.1287827,14.53539902,1724.384737,0.608780488,0,184.508728,50.04562832,0.949808977,5.674418926,41.24701719,24.601511
14/02/20 7:20,7.95817759,119.2528736,983.0014374,965.0313152,13.4289475,38.36500034,50.04999962,6.567500091,400.194986,14.19161855,1684.190186,0.444878049,0,184.508728,50.00222618,0.890266841,6.0699296,37.56678114,22.98327889
14/02/20 7:30,6.679944239,119.2528736,643.2878189,563.7058367,15.60500002,38.93749962,50.69500008,6.668420992,398.9197968,12.40833284,1472.654835,0.32195122,0,185.6633299,49.90910473,0.981145579,5.09519434,45.10163667,18.4294856
14/02/20 7:40,5.72737354,119.2528736,416.9580688,340.2914785,18.33000021,38.39999992,52.08750038,6.515000033,399.8405823,10.88478523,1293.42918,0.257560976,0,194.3868103,50.01773472,1.05704626,5.374716282,124.2698427,27.68667119
14/02/20 7:50,6.715139723,119.2528736,562.5583237,572.6454896,19.2749999,37.95500011,53.01499977,6.562499928,399.0042938,11.90986298,1409.030587,0.24,0,194.3868103,50.06477451,0.842218206,6.213110447,125.6025221,38.89115491
14/02/20 8:00,6.912793326,119.2528736,704.4478149,622.8495049,20.26499996,37.675,54.07894717,6.552499986,397.416684,12.61717774,1499.621297,0.269268293,0,194.3868103,49.97396431,0.955810101,8.035768509,145.624192,39.32852159
14/02/20 8:10,7.810894463,119.2528736,1006.595289,915.8387506,16.14166678,38.42222171,53.38055568,6.677777741,396.7761146,14.22784849,1692.536449,0.579512195,0,194.3868103,50.02764956,0.947521695,9.770757675,65.82095295,23.19472766
14/02/20 8:20,7.625834608,119.2528736,952.0052844,854.0287591,10.86500001,39.27000027,49.59249973,6.797499919,396.7626373,13.97670771,1657.928335,0.403902439,0,194.3868103,50.05315475,0.942766663,8.431510925,79.29329619,30.38425093
14/02/20 8:30,9.427046728,119.2528736,1735.673718,1554.359626,9.650000048,41.3675005,49.96749878,6.93499999,398.2351166,15.10982086,1792.544083,0.690731707,0.282493529,194.3868103,49.95477486,1.03524832,8.459043503,48.82658362,27.84965806
14/02/20 8:40,9.375164557,119.2528736,1766.268677,1532.569114,9.35,46.93249912,49.81499996,6.997500062,400.8881485,15.1373814,1796.778397,1.068292683,0.369994122,194.3868103,50.02520885,1.066170033,8.203001022,45.65702686,27.93290315
14/02/20 8:50,8.461796927,119.2528736,1232.253351,1161.871583,8.914999866,49.62749977,49.09750004,7.099999952,401.9307663,15.00166646,1778.291628,0.550243902,0,194.3868103,49.98243961,0.948290386,7.452904701,59.57641001,29.24722974
14/02/20 9:00,9.258295059,119.2528736,1545.104602,1483.483925,9.342500019,50.80499992,48.86750107,7.405000043,401.1128967,15.14205372,1794.969355,0.63804878,0.026499675,194.3868103,50.08065968,0.958646542,9.005520821,120.7791115,41.21628513
14/02/20 9:10,8.853595376,119.2528736,1367.757001,1317.023769,11.24250002,52.80999928,49.16499958,7.879999971,399.4204163,14.95714818,1773.834166,0.825365854,0,194.3868103,50.10172958,0.940305955,14.45235443,111.9997347,38.87759647
14/02/20 9:20,8.469593,119.2528736,1321.7931,1164.958828,12.0375,54.50000019,49.28500042,8.315000057,399.5589828,14.93937796,1771.404419,0.602926829,0,194.3868103,50.09607449,1.014778426,14.65275669,110.6594765,37.57169213
14/02/20 9:30,7.877579284,119.2528736,1104.572397,938.1114808,12.48749995,54.75999966,48.57750053,8.722500253,399.487114,14.56035031,1725.804623,0.491707317,0,194.3868103,50.07919502,1.021541634,11.33359814,100.6573845,45.30543184
14/02/20 9:40,8.829557037,119.2528736,1431.194125,1307.504587,12.91000009,54.85749931,48.58500004,9.012500095,400.5323669,14.94417326,1769.918633,0.778536585,0.103985341,194.3868103,50.06004524,0.990396511,10.30289078,87.66932192,36.68188186
14/02/20 9:50,9.064892387,119.2528736,1645.261108,1402.254803,11.3250001,56.71000004,48.25500069,9.24749999,400.63535,15.16224942,1797.407101,0.711219512,0.291478369,194.3868103,50.05230942,1.070111867,12.12893581,97.90858154,39.44483314
14/02/20 10:00,9.388028359,119.2528736,1670.382538,1537.971911,10.13500004,59.23249969,48.03500023,9.565000057,399.2378143,15.14978005,1795.51038,0.740487805,0.505809498,194.3868103,49.9776804,1.005291972,12.39013195,62.25976076,39.41238585
14/02/20 10:10,8.962877675,119.2528736,1562.072786,1360.299559,9.968420932,61.5815783,47.92105323,9.760526456,400.1252265,15.10275646,1789.759947,0.930731707,0.237857563,194.3868103,50.0788526,1.042879781,11.14323521,75.14141138,42.42156912
14/02/20 10:20,9.781627631,119.2528736,1868.398688,1703.283605,10.0349999,63.22000084,48.01000042,10.08250003,400.2772827,15.15672746,1796.337055,0.796097561,1.513933048,194.3868103,50.03293972,1.052681691,10.86860752,80.26483717,44.87277944
14/02/20 10:30,10.43628983,119.2528736,1949.782324,1884.439416,10.2775001,67.04000015,48.44249992,10.52749996,402.3370636,15.17349292,1797.562214,0.866341463,2.545765948,194.3868103,49.98456936,1.010944795,10.57949352,88.25502605,39.99132667
14/02/20 10:40,10.38990228,119.2528736,1842.696802,1874.929968,10.44250011,69.87749901,48.49750042,11.21249995,402.9277023,15.15929443,1796.273575,1.088780488,2.957216663,194.3868103,49.959235,0.960679401,10.50772953,96.23963089,52.07646871
14/02/20 10:50,11.58974519,119.2528736,2006.87309,2023.589808,10.76500001,73.05499992,49.33749943,11.65000019,403.2543503,15.2194199,1802.862494,0.88097561,6.362800076,194.3868103,49.95934963,0.990796377,14.05389786,114.2823167,62.81652608
14/02/20 11:00,10.76764903,119.2528736,2008.456042,1952.368051,11.01250005,76.67750053,49.8,12.17749987,400.375351,15.1834753,1800.091152,0.898536585,5.161272521,194.3868103,50.0576355,1.020203228,13.7365303,80.36071596,47.34708366
14/02/20 11:10,10.72822237,119.2528736,1976.756689,1944.285586,11.23000031,79.43499947,49.84499989,12.4875001,396.9654495,15.1664089,1797.698233,1.138536585,4.356206835,194.3868103,50.10197506,1.006021878,10.99188042,108.5730279,57.36534386
14/02/20 11:20,11.19369559,119.2528736,2050.941895,2007.747824,11.32500005,82.21499939,50.0849987,12.81250014,400.388533,15.18457156,1797.177063,0.892682927,6.136946132,194.3868103,50.05952511,1.023736113,11.40148449,101.2523203,49.76758657
14/02/20 11:30,9.738024378,119.2528736,1751.793353,1684.970239,11.41499991,84.09499855,49.92249947,13.43500013,401.6419189,15.15268376,1796.916424,0.79902439,1.081584015,194.3868103,50.08053017,0.993074005,11.94918156,96.2538291,39.44842443
14/02/20 11:40,10.07950008,119.2528736,1749.872079,1811.297516,11.58999996,84.54750061,49.51249981,13.64499989,400.9890015,15.09472865,1789.20048,1.03902439,2.101049956,198.5441826,50.10302486,0.947162151,11.98690891,97.25599251,49.82978625
14/02/20 11:50,10.22855697,119.2528736,1796.190268,1841.854178,11.72249994,85.48250008,49.6625,14.09749985,401.599353,15.02507986,1779.632292,0.822439024,2.765221706,196.5248405,49.97733459,0.954706432,12.62031937,107.1199654,50.70948877
14/02/20 12:00,7.410955071,119.2528736,1004.132016,782.2589939,11.80499997,83.81999969,47.70250015,14.33999991,401.5852982,13.81496108,1637.634567,0.380487805,0.112974947,214.3265544,49.93380432,1.071325329,13.43859863,106.1642847,42.74981565
14/02/20 12:10,8.930462813,119.2528736,1507.983447,1347.463274,11.99000001,81.5625,47.36000042,14.34249997,400.7138565,14.88543257,1766.518702,0.883902439,0.76117793,225.1186218,49.95631943,1.015467222,12.60114956,111.3153465,44.48536758
14/02/20 12:20,7.796628118,119.2528736,1177.339432,911.0737913,11.99499998,80.06749954,47.01250038,14.4124999,400.3197357,14.55331533,1727.210243,0.506341463,0.060997898,220.1782203,50.02684994,1.112487435,13.07693195,89.07806463,45.04687786
14/02/20 12:30,8.372900963,119.2528736,1252.86481,1126.668781,12.0375001,78.32000008,46.92500019,14.76000009,400.4843979,14.47466218,1714.79306,0.6,0,218.5332336,49.97363987,0.991079687,12.87934971,110.5498464,36.38819056
14/02/20 12:40,9.249978971,119.2528736,1476.731238,1479.991168,13.32000003,76.29999886,47.5324995,15.41999998,401.5969528,14.84572296,1759.942852,0.781463415,0.520268758,208.7464979,49.93279457,0.918044383,11.90631104,84.8516994,47.95131116
14/02/20 12:50,9.145472121,119.2528736,1595.031061,1436.098291,14.49499993,76.65249977,48.85250092,15.1,402.3753174,14.94334522,1769.782528,0.714146341,0.927659909,188.8989868,49.95510921,1.016967605,12.88959122,75.82617235,36.47129369
14/02/20 13:00,10.82962925,119.2528736,1874.008295,1965.073997,13.93500004,77.90999947,49.49749966,14.98250012,402.1423843,15.1770017,1801.057171,0.822439024,2.317898508,195.8153023,49.99437466,0.949061855,10.7353487,87.05911674,54.43067818
14/02/20 13:10,9.912493229,119.2528736,1845.678729,1758.247156,13.20749989,79.5400013,49.43999977,15.37500005,401.7836151,15.1621284,1796.489616,1.062439024,2.450726009,196.5819397,49.94940929,1.021089455,13.07933521,89.98112278,44.72688446
14/02/20 13:20,10.40640426,119.2528736,1895.829254,1878.312873,13.23499994,81.84500046,49.72250023,15.5125001,402.366449,15.13945641,1793.965782,0.857560976,2.654469807,196.5819397,50.00345478,0.986448653,13.5099926,97.15683146,46.43055458
14/02/20 13:30,10.52264256,119.2528736,1822.75813,1902.141726,13.41750016,83.48500023,49.68000011,15.89249983,401.8885864,15.15578587,1796.660831,0.769756098,1.861671791,206.9767119,49.99216957,0.936992558,14.19208908,135.1565773,62.40921683
14/02/20 13:40,10.43680964,119.2528736,1752.618231,1884.545975,13.78250008,84.91749992,49.72499962,16.39750013,401.751767,15.11430462,1791.973263,1.04195122,2.695471856,214.1429749,49.98779488,0.908661243,15.0289917,106.0739928,54.69521265
14/02/20 13:50,7.858311343,119.2528736,1183.921628,931.6759886,13.90249963,84.38750038,48.97250004,16.85749979,401.3356522,14.54473329,1723.141205,0.550243902,0.031499754,214.1429749,49.98827991,1.100494338,13.99823093,95.12281265,37.06828103
14/02/20 14:00,9.457322264,119.2528736,1470.371484,1567.075351,13.96749988,82.14000015,48.47500019,16.75749969,401.1905045,14.9587478,1772.018137,0.6,0.739597699,214.1429749,50.0167448,0.870966539,13.96284199,110.7723619,67.5055788
14/02/20 14:10,8.339933991,119.2528736,992.3857513,1113.613861,13.98749995,80.86500015,48.10000038,16.62749987,400.9606186,13.92121544,1648.991489,0.687804878,0.014999942,213.3447551,49.96231499,0.793243429,15.54524994,96.23454723,34.00874743
14/02/20 14:20,8.993333888,119.2528736,1404.813565,1372.36022,13.9874999,78.76499977,47.75500069,16.6000001,400.5059998,14.86818239,1763.447754,0.617560976,0.115499122,198.7770691,49.92130489,0.930400933,12.26738548,91.06470766,44.82304096
14/02/20 14:30,9.595909715,119.2528736,1653.780576,1625.28208,13.9224998,78.73500061,48.3375,16.73499985,401.7449692,14.96075848,1773.048471,0.725853659,1.296098767,198.7770691,49.94935455,0.956750477,13.35583496,101.5471104,54.04975195
14/02/20 14:40,7.976331758,119.2528736,1201.832877,971.0948073,13.89999967,78.4625,47.75750027,16.74249978,402.9323669,14.26253213,1691.996109,0.702439024,0.508651203,201.0800183,50.02777958,1.083396375,13.67202759,79.18661413,36.35442362
14/02/20 14:50,7.102167869,119.2528736,835.2814514,679.1240681,14.76750007,76.37249794,47.21750011,17.20250015,400.7196793,13.35745977,1582.700455,0.389268293,0,207.6231086,49.99414463,1.031591604,12.09598064,142.6736122,33.69113994
14/02/20 15:00,7.846115685,119.2528736,1151.688745,927.6026386,18.52750006,73.65000076,50.36500015,18.08749971,400.0224686,14.60178253,1730.139444,0.48,0,213.5401684,50.08995495,1.073989786,11.31230164,110.1546909,47.04266858
14/02/20 15:10,8.981769562,119.2528736,1496.664011,1367.780746,17.80999975,73.29999962,50.51750011,17.63249989,398.4468994,14.95494363,1773.930199,0.837073171,0.538927714,208.6551514,50.06868,0.994247315,15.02549744,124.1552429,42.52022414
14/02/20 15:20,8.265071344,119.2528736,1299.002628,1083.968252,17.11000061,73.02999992,49.75749969,17.75249987,399.1904129,14.6323155,1732.772043,0.56195122,0.065496308,208.6551514,50.0257246,1.06360918,14.83119106,89.01813984,49.63199768
14/02/20 15:30,9.136673498,119.2528736,1580.121982,1432.402869,15.3900001,73.88749847,49.88999977,17.15999966,397.2566147,15.07725826,1786.838081,0.702439024,0.577885185,208.6551514,50.00144501,1.009637432,15.85379696,111.1598572,49.7183321
14/02/20 15:40,9.271363163,119.2528736,1645.734335,1488.972528,14.65499997,75.275,49.7375,16.94999981,397.6059143,15.02718347,1779.883421,0.974634146,1.119766183,202.6105276,49.95233994,1.01791115,16.84324646,114.8864025,45.0997817
14/02/20 15:50,8.502058744,119.2528736,1417.854715,1177.815263,14.3724998,76.64999924,49.62250004,16.94500017,397.1339813,14.85504824,1760.474321,0.702439024,0.349944886,201.7946229,49.93545952,1.077860013,14.88050747,153.6520145,46.04415436
14/02/20 16:00,7.846245694,119.2528736,1121.409601,927.6460618,14.29750018,76.06249924,48.54750004,16.78999996,398.1617294,14.38263519,1704.259661,0.453658537,0.122990892,206.460022,50.05819054,1.045717433,14.93491745,95.18276215,40.86541662
14/02/20 16:10,8.12377367,119.2528736,1294.928033,1028.014373,14.19499989,74.9275013,48.22250023,16.74250002,397.5080521,14.74147725,1749.247896,0.796097561,0.184488579,206.460022,49.95677471,1.111337376,12.95328808,109.2164629,47.75804224
14/02/20 16:20,8.096412635,119.2528736,1295.150006,1017.179403,13.99499989,74.66749954,48.23249989,16.6249999,397.2262207,14.77417673,1750.118134,0.579512195,0.206464635,206.460022,49.95053959,1.121991642,15.36297798,120.581856,53.90731096
14/02/20 16:30,7.719927859,119.2528736,997.0269684,885.455905,14.22749977,73.55999985,47.40750027,16.71749973,397.1444321,14.06823416,1669.717009,0.447804878,0.024499745,207.5563755,49.97364521,0.961901856,15.2839632,107.7671086,55.22713776
14/02/20 16:40,6.566509771,119.2528736,807.4587646,534.8934819,16.18000007,71.43500023,47.71499996,17.06500025,397.0645386,13.34068809,1583.143255,0.509268293,0,203.1673279,49.9539093,1.310785905,13.57675743,118.2009552,42.76884022
14/02/20 16:50,7.181207132,119.2528736,802.3490906,705.5231822,19.7500001,69.10500107,50.87749958,18.37750015,397.2714188,13.37433207,1584.524591,0.377560976,0.024499745,205.3620542,49.94761448,0.952504196,11.91690063,114.4689061,33.27563415
14/02/20 17:00,6.965195203,119.2528736,839.2573517,636.1595815,21.11750002,66.96499939,52.58250027,18.36999979,398.0030975,13.59175108,1610.507137,0.354146341,0,209.4781549,49.97211971,1.111116708,12.07388783,111.9034099,53.19654183
14/02/20 17:10,6.864010978,119.2528736,904.031517,610.4587883,18.47250004,65.12000084,50.13749962,17.97749968,397.2034348,13.65021403,1618.182318,0.509268293,0.024999729,211.9478455,49.90846405,1.255651655,12.61435413,130.4296639,42.14760475
14/02/20 17:20,7.206025004,119.2528736,937.7252045,713.8123515,18.40749989,64.00250072,50.03250008,17.70749998,396.3592041,13.85343786,1640.923153,0.418536585,0.077491915,211.9478455,49.97049961,1.099827336,13.42459393,133.1720703,52.14657993
14/02/20 17:30,7.584365964,119.2528736,968.2113342,840.178232,20.71499987,63.01750031,52.34249992,18.2874999,398.4956696,14.02064319,1659.29413,0.406829268,0,211.9478455,49.92102947,0.97012746,13.74667072,103.0254586,37.73313231
14/02/20 17:40,7.177531576,119.2528736,938.2635895,704.2955464,18.50000029,61.99249954,50.38999958,17.80249996,400.5169495,13.9609285,1655.706791,0.55902439,0,211.9478455,49.88834991,1.115865998,13.14809895,117.2326149,45.22218683
14/02/20 17:50,7.660750675,119.2528736,919.4554581,865.6907255,18.91250019,61.34249973,50.31749973,17.38999958,401.7218704,13.56781299,1608.285324,0.409756098,0.040498847,211.9478455,49.93244972,0.901680144,14.08719254,122.6265409,41.44845452
14/02/20 18:00,7.042545176,119.2528736,774.4239639,659.2100886,21.93999996,60.14250011,52.98749981,18.38499985,402.3481216,13.17936288,1565.24548,0.333658537,0,211.9478455,49.99643459,0.986441937,12.3563509,104.7454371,36.90785041
14/02/20 18:10,7.048206711,119.2528736,762.8249329,661.1010414,17.26750007,58.98500042,51.75250034,17.17250023,403.4302811,13.15235786,1558.183285,0.456585366,0,211.9478455,50.01586933,0.968780886,11.99456787,118.2625916,33.34978762
14/02/20 18:20,7.960386515,119.2528736,1106.959933,965.7690959,15.25999999,58.16000004,49.37499962,16.35749989,400.6057159,14.14723353,1676.063021,0.453658537,0.119987559,211.9478455,50.01340485,1.001962167,11.95694542,121.1816241,68.25569916
14/02/20 18:30,8.174597716,119.2528736,1137.052838,1048.140696,14.53000007,58.48500042,48.81250019,16.16500006,397.7417831,14.31100385,1695.590229,0.465365854,0.180967498,211.9478455,50.02376938,0.959228046,13.55728149,115.2191673,51.57886772
14/02/20 18:40,7.562777686,119.2528736,982.2123047,832.9677472,14.80500007,58.97750034,48.33250065,16.01499982,397.4663513,14.01533523,1660.55032,0.617560976,0,211.9478455,50.00217991,0.990238089,15.00852394,121.3701754,45.65354719
14/02/20 18:50,7.268414598,119.2528736,968.9625702,734.6504757,17.43157904,58.71315785,49.30250034,16.82105245,397.8462749,14.10711269,1672.746071,0.418536585,0,211.9478455,50.01392646,1.103114315,13.09193897,121.4267183,47.17574396
14/02/20 19:00,7.596784186,119.2528736,1093.629247,844.3259182,19.3999999,59.0050005,51.5000002,17.55999985,398.3420624,14.24110218,1686.387496,0.471219512,0.093681179,211.9478455,49.97430477,1.091935762,13.6896534,119.2215587,45.31542454
14/02/20 19:10,7.785100746,119.2528736,1006.816223,907.2236492,18.30749989,58.79000015,50.09249954,16.45749979,398.8835312,14.12872714,1675.545753,0.605853659,0,211.3480007,50.04429512,0.95430872,13.73396969,116.1477925,41.10008502
14/02/20 19:20,7.631124997,119.2528736,983.5360016,855.795749,20.69499989,58.65250015,52.475,16.70750022,401.6368515,13.93596254,1652.755022,0.444878049,0.016499963,200.7351885,49.97883492,0.97254466,13.37890053,98.98756409,54.0373456
14/02/20 19:30,7.139534211,119.2528736,848.7606369,691.6044265,19.13750019,58.10500011,50.77500019,16.19000006,402.0233002,13.42565127,1593.035877,0.362926829,0,197.6795044,49.93996449,1.028626274,11.97255516,102.3518228,41.32512951
14/02/20 19:40,6.015983117,119.2528736,530.8082718,395.0597116,22.28249998,57.00499916,53.12250004,16.25250006,402.5656204,11.70919946,1388.704823,0.357073171,0,203.0595081,50.00332451,1.133150661,10.50402737,115.9155571,39.62337022
14/02/20 19:50,6.482048436,119.2528736,648.6727737,513.4403028,23.4868419,55.51315749,54.21500015,16.50789457,401.3045108,12.48455192,1480.253237,0.272195122,0,205.3624573,49.98275777,1.102887506,8.624556541,77.13213129,43.65256112
14/02/20 20:00,6.2301856,119.2528736,498.8842773,449.4671423,24.44749994,54.28571429,55.29750004,16.52142856,400.9008835,11.44133082,1357.738083,0.248780488,0,205.3624573,49.88396988,0.953051244,9.397791862,130.3166094,41.49737625
14/02/20 20:10,5.990396198,119.2528736,452.4252487,389.2136929,24.14250002,52.80263158,55.58421065,16.24210533,401.741713,11.19966491,1331.182155,0.257560976,0,205.3624573,49.90605507,0.979554146,8.263029099,83.10960464,38.11700819
14/02/20 20:20,6.394286919,119.2528736,612.309787,491.1488773,18.56500025,51.75249977,56.98499947,15.8499999,402.6232834,12.10738479,1432.813883,0.263414634,0,208.9301157,50.00900002,1.082556882,7.899474144,120.5635291,41.70827117
14/02/20 20:30,5.815174007,119.2528736,416.6390549,356.6223654,16.38250017,50.61500034,57.71000004,15.76750002,403.6068832,10.98167129,1308.630054,0.196097561,0,210.8502808,50.09355488,0.999232435,10.36348724,119.6759068,38.39150214
14/02/20 20:40,6.267319441,119.2528736,547.2942585,458.899138,19.4624999,49.57749996,57.84499989,15.83500018,400.4613312,11.73322441,1391.033346,0.295609756,0,210.8502808,49.94088993,1.026820388,7.892570496,128.3340094,38.55260801
14/02/20 20:50,6.260265732,119.2528736,445.0048721,457.1074959,21.8499999,48.6574995,57.97999935,15.66999993,400.4768982,11.07432769,1316.260168,0.184390244,0,209.2068261,49.90084438,0.837755481,8.933578491,116.7673478,35.23356605
14/02/20 21:00,6.212522936,119.2528736,528.5140686,444.9808257,23.21000004,47.87249966,58.59750042,15.5349999,400.5826996,11.7199109,1391.08215,0.231219512,0,202.0697632,49.99787464,1.018482856,7.915838718,99.59044361,36.37558591
14/02/20 21:10,6.076441193,119.2528736,510.0570328,410.4160629,21.3249999,47.18499985,56.48749981,15.2474999,401.4153534,11.55857693,1371.212809,0.313170732,0,202.0697632,49.92854958,1.053910415,8.023604393,86.77460127,30.713901
14/02/20 21:20,6.856418943,119.2528736,645.4747772,608.5304116,22.9875001,46.76250038,57.64249992,15.36500001,401.7303024,12.43122581,1472.596636,0.292682927,0,202.0697632,49.90494957,0.899845877,7.664306164,91.51571603,34.24159126
14/02/20 21:30,7.281314516,119.2528736,751.9782013,738.9590484,19.95500002,46.65499935,54.94750042,14.81249976,402.7546204,13.01209536,1544.597906,0.295609756,0,202.0697632,49.92219505,0.850925614,8.897117615,93.24257088,36.87902446
14/02/20 21:40,7.170013829,119.2528736,879.3003893,701.784619,21.82368399,46.76842077,56.62894741,14.7026316,402.6708101,13.68836224,1623.043942,0.509268293,0,187.0392294,49.92412045,1.049619007,8.187614441,62.54343695,43.16767964
14/02/20 21:50,8.008820534,119.2528736,992.6179343,982.4929314,18.92941206,47.12058886,54.22941185,14.4352941,402.9028661,14.15868012,1678.083296,0.427317073,0,192.5832493,49.94797045,0.886627659,8.514611244,79.43165549,30.79546463
14/02/20 22:00,7.138210085,119.2528736,794.1161804,691.1621683,18.1694444,47.60833316,52.91388893,14.30555566,403.5885891,13.30322166,1576.071631,0.354146341,0,195.484375,49.92091645,0.963040309,9.26987648,84.13047319,35.30403985
14/02/20 22:10,7.54549204,119.2528736,1105.90724,827.1943413,20.30555545,48.20277786,54.71666654,14.4222224,404.5196075,14.49768399,1717.523181,0.620487805,0.002777778,195.484375,49.96286096,1.120488141,9.214975357,70.36170631,40.06948498
14/02/20 22:20,8.261136103,119.2528736,1056.67332,1082.409897,16.47250013,49.38499985,52.77499981,14.10499997,401.8391998,14.20760232,1683.527315,0.447804878,0.002,199.9814414,49.99621487,0.866301194,10.10706234,94.59560165,40.959163
14/02/20 22:30,6.800193214,119.2528736,584.0245056,594.2490765,15.42250009,49.44999981,55.03499985,14.13250003,401.7761169,12.10263844,1434.835087,0.307317073,0,203.7161102,49.98770447,0.837107673,10.67778206,90.45834661,28.2689204
14/02/20 22:40,6.280108964,119.2528736,474.8544739,462.147677,17.29250007,48.65749989,56.13999939,14.52250018,401.6886795,11.3331015,1345.389816,0.289756098,0,200.9721985,49.96632462,0.885452723,7.972275734,89.89829688,27.28895993
14/02/20 22:50,5.708458185,119.2528736,346.9061966,336.7732224,20.75500011,47.88500004,56.39749966,14.57750015,399.205513,10.45367709,1241.083208,0.163902439,0.048999571,200.9721985,49.95495949,0.890398414,7.144500732,97.76496181,31.36193919
14/02/20 23:00,4.621178436,119.2528736,221.1432556,162.9508064,21.72749987,46.67249908,56.1299984,14.77249999,399.7307678,9.686788291,1150.502008,0.093658537,0.167497629,200.9721985,49.95118904,1.17967155,6.576131344,114.3545324,32.70219531
14/02/20 23:10,4.824994659,119.2528736,257.8674431,185.5744072,22.5125001,45.62749977,56.37500095,14.94250002,401.2130997,9.897630751,1174.94125,0.152195122,0.165499004,200.9721985,49.96808472,1.176205815,5.936472893,133.1354717,36.95632067
14/02/20 23:20,4.765149117,119.2528736,222.4024471,178.9315519,22.86749945,44.87500019,56.42750015,14.9474999,401.9788513,9.565233663,1136.900517,0.090731707,0.171998386,200.9721985,49.97128506,1.059529768,6.198337078,94.27476454,26.67095122
14/02/20 23:30,4.444945985,119.2528736,160.0085356,143.3890043,23.11250019,43.85750008,56.34749985,14.4124999,402.4545181,9.138553552,1082.495605,0.099512195,2.441908269,235.8341167,49.96846523,0.984702822,4.944067001,93.87587585,24.91103253
14/02/20 23:40,2.565018803,119.2528736,-1.769086039,0,23.15000057,42.94749947,55.28500004,14.38749995,403.9226822,0.946867182,113.2643298,0.002926829,44.99000168,240.4845276,49.9462698,1,4.447398663,6.355756456,4.834972835
14/02/20 23:50,2.568693775,119.2528736,-1.655450547,0,22.80499983,42.03750019,54.49250011,14.18000002,404.3024643,0.817501171,98.11603367,0.036097561,44.99000168,240.4845276,49.97273502,1,3.581449032,4.803925312,2.812520042
15/02/20 0:00,3.089099926,119.2528736,-2.703244525,26.59339451,22.53500013,41.36250019,53.44249973,14.08000007,403.4347794,1.187499745,144.3347114,0.036097561,42.28278731,239.8265977,49.90870476,0,3.645933151,5.819985127,7.047721341
15/02/20 0:10,5.002452099,119.2528736,233.9310261,205.4560905,22.91499987,40.67250042,53.97250004,13.91750007,402.5762985,9.639761522,1145.272247,0.036097561,0.430837121,237.1918335,49.96327457,0.947243685,3.551546574,87.77802782,28.56848154
15/02/20 0:20,4.405370808,119.2528736,139.7207106,138.9961596,22.98500004,40.12499981,54.38999977,13.58000011,403.2222336,9.246871144,1097.796238,0.070243902,0.468999588,237.1918335,50.03126469,0.883599612,4.489037514,88.7967206,22.87715573
15/02/20 0:30,4.438486159,119.2528736,127.961573,142.6719636,23.1300005,39.76499996,54.29499931,13.93499994,401.7519196,9.150588021,1087.534395,0.049756098,0.541500076,237.1918335,49.93405457,0.790953882,3.68996048,72.44934134,20.05021809
15/02/20 0:40,3.716219389,119.2528736,74.80408115,73.00023482,23.23000031,39.30000076,54.26999969,13.82000012,401.4079498,9.261141613,1099.700941,0.052682927,1.113000342,237.1918335,49.89556961,0.856257725,3.845363379,80.14493484,25.90160422
15/02/20 0:50,4.231699967,119.2528736,135.9902306,119.7186964,23.42249966,38.9449995,54.32499962,13.6999999,402.1086548,9.410566583,1117.36104,0.055609756,0.5949994,237.1918335,49.97986488,0.978625726,4.166374683,88.80427008,28.71757362
15/02/20 1:00,5.16221956,119.2528736,250.302005,235.1728382,23.66250067,38.69499989,54.55999947,13.57249994,402.1569183,9.754902273,1158.638117,0.090731707,0.122499442,237.1918335,50.02322483,0.908177211,4.214789391,71.92858438,26.14657359
15/02/20 1:10,6.476314664,119.2528736,380.167215,511.9839246,21.12250013,38.56749973,55.23250027,13.6099999,402.4708557,10.65464978,1265.13343,0.213658537,0,237.1918335,50.05212021,0.647991263,4.278962135,56.21119671,24.24171968
15/02/20 1:20,5.45212872,119.2528736,320.6568642,289.095942,16.57000017,38.41750011,55.93250065,13.24000015,402.6759888,10.13286021,1202.436756,0.140487805,0,237.1918335,50.08248005,0.978818838,4.856615067,76.86108961,29.42539639
15/02/20 1:30,5.491258478,119.2528736,328.1930199,296.3740769,17.4874999,38.42749996,56.05749969,13.38999987,402.4187531,10.27569535,1220.893404,0.152195122,0.024499745,237.1918335,50.03851471,0.980815268,5.1441679,79.57786903,31.83745146
15/02/20 1:40,5.679909158,119.2528736,349.1187698,331.4631033,20.49000006,38.31500034,55.91750126,13.29499989,402.741066,10.38923058,1234.320883,0.193170732,0,237.1918335,50.0302599,0.913228478,5.487522602,69.45396662,27.97783623
15/02/20 1:50,6.138347149,119.2528736,386.8662842,426.1401758,21.59249992,38.19999943,56.1574995,13.19999986,402.8276871,10.70380501,1271.272224,0.166829268,0,237.1918335,50.05938988,0.773935935,5.201804638,65.093188,21.67316375
15/02/20 2:00,6.103208351,119.2528736,386.1539734,417.2149212,22.19500027,38.29999943,56.35,13.17750001,402.6040726,10.70935772,1270.991198,0.169756098,0,237.1918335,49.94558449,0.786717205,4.703645229,61.10575571,24.03699715
15/02/20 2:10,5.405685306,119.2528736,278.8459766,280.4574668,22.55250015,38.2699995,56.28749981,13.20499997,402.9146362,10.02706334,1190.077005,0.178536585,0.123498041,237.1918335,49.99317474,0.873392958,4.867612839,111.2996883,25.51085589
15/02/20 2:20,4.476427937,119.2528736,185.7955837,146.883501,22.75249958,38.09249973,56.02499962,13.4,403.0833481,9.597159058,1140.481493,0.08195122,0.39399844,237.1918335,49.99013481,1.119462345,5.214953899,131.3595248,35.99679265
15/02/20 2:30,4.299768674,119.2528736,112.0516374,127.2743229,22.83999929,37.93750057,55.9150013,13.06499991,403.4968323,9.571096346,1136.903692,0.058536585,0.882501386,237.1918335,49.97025986,0.765001346,5.881188393,138.7668164,30.2833492
15/02/20 2:40,4.249241495,119.2528736,112.0356791,121.665806,23.02000008,37.65999966,55.67500038,13.09250002,404.0644333,9.540612325,1132.109379,0.055609756,0.964001256,232.2273699,49.97282543,0.795164145,6.35101223,104.4902208,29.17040658
15/02/20 2:50,4.845914567,119.2528736,202.3415607,187.8965169,23.58250008,37.51249962,55.91000099,13.04500008,405.5936981,9.492926806,1128.2173,0.084878049,0.195999717,203.1673279,50.05148487,0.909408117,5.522375107,73.33760726,29.66915858
15/02/20 3:00,5.717665267,119.2528736,290.2779945,338.4857397,18.60999994,37.35499992,56.4625,12.8900001,404.9425156,9.853857592,1169.625835,0.122926829,0,203.1673279,49.92764969,0.740566283,4.458128452,50.64389873,20.05562878
15/02/20 3:10,6.000854802,119.2528736,316.9984413,391.2171197,15.76499996,37.20499973,56.89000015,12.93249998,405.4081497,10.10201687,1198.750397,0.184390244,0,203.1673279,50.0374197,0.682378058,4.379466057,42.43447824,15.89696593
15/02/20 3:20,5.484334683,119.2528736,245.773864,295.0862511,18.24000006,37.26499977,56.34749908,12.8125,406.1971527,9.435643852,1120.266323,0.105365854,0,203.1673279,50.13978939,0.737238515,4.111989975,61.9745163,23.4956389
15/02/20 3:30,5.513255,119.2528736,220.6519218,300.46543,20.4124999,37.13249931,56.11499882,12.82999997,405.993866,9.185476989,1090.935968,0.099512195,0,203.1673279,50.05177021,0.649784158,3.940452576,55.72673078,23.72674737
15/02/20 3:40,5.622773719,119.2528736,258.0061508,320.8359117,21.23250017,37.00750008,55.95000076,12.82999997,406.2151169,9.528025076,1132.380123,0.143414634,0,203.1673279,50.06032543,0.701777025,3.720878839,62.52662311,25.7237432
15/02/20 3:50,5.522536302,119.2528736,251.5739189,302.1917521,21.57750015,36.86249962,55.90250149,12.60499983,406.7627869,9.539595008,1133.924063,0.108292683,0.024499745,203.1673279,50.1370697,0.735690788,4.154420376,75.74649019,23.42522106
15/02/20 4:00,5.86072638,119.2528736,316.480912,365.0951067,21.95499983,36.875,55.93250103,12.64249992,405.4298447,10.09435035,1198.862457,0.125853659,0,203.1673279,50.00450993,0.738347368,4.335400581,67.13419642,22.44683087
15/02/20 4:10,6.824584174,119.2528736,641.7235016,600.4443802,22.725,37.18249931,56.9199995,12.52750006,405.7564148,12.47647476,1479.805092,0.342439024,0,181.7572777,50.04304008,0.90870878,4.769143581,51.57940094,18.60782151
15/02/20 4:20,7.259691265,119.2528736,788.4766981,731.7368825,21.86944432,37.67777782,57.07499992,12.44166666,406.1016642,13.28890736,1576.226947,0.336585366,0,179.0209045,50.07812224,0.901338684,5.402842999,44.46631654,18.1914325
15/02/20 4:30,7.570920215,119.2528736,897.5824405,835.6873518,18.29705889,38.66764697,53.97352869,12.39999996,406.0878906,13.89234618,1647.552587,0.383414634,0,179.0209045,49.98581135,0.902812355,5.897308826,46.66227043,31.89301698
15/02/20 4:40,7.721078849,119.2528736,860.6451233,885.8403355,17.43249998,39.77250023,52.79249973,12.63000002,405.8306198,13.68138023,1623.288654,0.52097561,0,179.0209045,50.03372002,0.830063005,6.829238415,59.55232763,32.20283065
15/02/20 4:50,6.935885048,119.2528736,779.9188202,628.7148022,20.08000021,40.61250019,53.97750015,12.7275001,401.2068192,13.22422703,1568.995182,0.336585366,0,179.0209045,50.03185463,1.046750529,6.922025204,55.93431821,31.02606001
15/02/20 5:00,7.044382775,119.2528736,854.7031296,659.8238468,19.94000015,41.34500008,54.03749943,12.75500002,400.1706802,13.47880907,1598.358479,0.336585366,0,182.0763444,50.00208969,1.087647696,7.500656128,79.37890148,25.07486038
15/02/20 5:10,7.84552176,119.2528736,1158.386697,927.4042678,15.8525002,42.58500023,52.03250027,12.96000004,399.7721176,14.59259762,1730.247139,0.655609756,0.101487602,194.3868103,50.05943031,1.080405766,8.700287819,79.58617496,48.98266492
15/02/20 5:20,8.699823713,119.2528736,1112.201361,1256.13019,14.50749993,44.34499969,50.9625,12.94249988,399.6726334,14.55327621,1725.145437,0.494634146,0,194.3868103,50.08719521,0.798010205,10.59535313,65.76295033,60.58614931
15/02/20 5:30,9.097729373,119.2528736,1379.41095,1416.046337,14.00749989,46.40249977,50.44000053,13.16249995,399.610582,14.94206786,1770.768253,0.547317073,0.162440345,194.3868103,50.03066998,0.889896729,10.03072929,82.00359488,71.17049112
15/02/20 5:40,9.651597357,119.2528736,1712.986798,1648.67089,13.8849998,49.73500023,50.57500038,13.58250008,399.6910141,15.11338109,1791.491501,0.957073171,0.664435776,194.3868103,49.98035488,0.983097309,10.45515156,87.4997139,48.21455398
15/02/20 5:50,9.875925088,119.2528736,1721.387286,1742.888537,13.88249989,53.89999962,50.63750038,13.55249996,400.1946167,15.08694685,1789.663342,0.755121951,1.17801113,194.3868103,49.98525963,0.957160647,11.80334854,114.8897741,51.17714453
15/02/20 6:00,10.18049872,119.2528736,1788.596466,1832.002237,13.9474998,58.08250046,50.61250019,13.84999995,399.7807007,15.1692751,1797.756369,0.752195122,1.454053821,194.3868103,49.94201965,0.956228016,12.32027912,106.7824885,54.29444087
15/02/20 6:10,9.893503737,119.2528736,1794.337866,1750.27157,14,62.2574995,50.64500008,14.35999994,401.7099197,15.1678775,1798.184744,1.071219512,0.778853171,194.3868103,49.97483501,0.995295884,12.1547699,91.56466742,55.54822321
15/02/20 6:20,9.01425395,119.2528736,1639.96792,1380.986659,14.06500001,65.27249985,50.44750061,14.57750006,401.0798874,15.14529334,1793.447245,0.749268293,0.655127352,194.3868103,50.00824471,1.080336936,12.4666214,83.97412663,47.74159536
15/02/20 6:30,10.21515474,119.2528736,1881.114948,1839.106722,14.14499998,68.25249977,50.39500065,14.99750013,399.7929642,15.2084519,1802.71978,0.766829268,1.491255753,194.3868103,49.96524448,1.001468644,12.24069786,80.22290659,62.09284477
15/02/20 6:40,10.45060167,119.2528736,1919.144708,1887.373343,14.17999988,71.10750008,50.43500042,15.08249989,399.9721146,15.17553891,1796.87756,1.088780488,2.069881286,194.3868103,50.01806946,0.993382163,12.31702995,85.64944773,47.11797318
15/02/20 6:50,9.530885434,119.2528736,1753.363013,1597.971882,14.23249993,74.38500023,50.52750034,15.24250002,399.4204788,15.16818827,1798.966856,0.79902439,1.511022312,194.3868103,49.98850937,1.023975818,12.60668468,100.715398,53.42301388
15/02/20 7:00,10.35858741,119.2528736,1921.843823,1868.510419,14.31000018,77.02000084,50.57250061,15.72499986,398.7524597,15.1461128,1795.950399,0.828292683,2.68343858,194.3868103,49.98127918,1.005678118,13.0088377,100.1246431,59.40809107
15/02/20 7:10,10.62276881,119.2528736,1956.668665,1922.667606,14.44499984,80.15499954,50.7175005,15.87749991,398.5383163,15.20061493,1801.725019,1.135609756,2.747915403,194.3868103,50.02045498,1.000918905,13.12022018,107.7195354,55.65973368
15/02/20 7:20,10.2708425,119.2528736,1906.229437,1850.522713,14.58250027,82.81499901,50.80249977,16.12749977,397.8218811,15.16490927,1798.702435,0.845853659,2.353620813,194.3868103,49.97994518,1.008038981,15.20291901,90.26940041,58.37095799
15/02/20 7:30,10.47452867,119.2528736,1926.727777,1892.278377,14.67249994,84.66249962,50.72750015,16.36999979,397.6069641,15.20023969,1799.704451,0.804878049,2.917616234,194.3868103,50.08998451,0.994504688,13.49011326,106.0103632,52.35307007
15/02/20 7:40,10.63461161,119.2528736,2019.547144,1925.095379,14.80499964,87.06500015,50.9574995,16.45249996,398.9141647,15.08146678,1788.164824,1.182439024,4.217827795,194.3868103,50.05333996,1.032487693,14.70257664,100.6384177,51.60853747
15/02/20 7:50,12.03032112,119.2528736,2008.350573,2040.303211,14.94736827,89.63157975,51.10526235,16.77368405,400.0519666,15.17587654,1796.372596,0.886829268,6.448855418,194.3868103,49.95407867,0.986327888,12.96571159,124.9138117,65.36734557
15/02/20 8:00,12.53065968,119.2528736,2036.037616,2045.306597,15.06500025,91.94749985,51.21000099,17.14750032,400.3018005,15.16600737,1796.697149,0.895609756,7.695080868,194.3868103,49.99960976,0.997285414,14.04694366,128.6775476,79.73844051
15/02/20 8:10,13.00897822,119.2528736,2073.806976,2050,15.2400003,94.20999985,51.40000134,17.01249981,399.0711792,15.29959698,1813.992651,1.194146341,9.321495254,194.3868103,49.95261955,1.012435563,15.79443932,131.5914145,68.8591692
15/02/20 8:20,12.57879224,119.2528736,2057.198096,2045.787922,15.37999992,96.18749847,51.56750011,17.26999979,397.6925842,15.16531152,1796.499641,0.892682927,7.842532776,194.3868103,49.91850491,1.007309619,14.91477966,109.0224344,74.42542949
15/02/20 8:30,13.45924878,119.2528736,2062.672119,2050,15.59750013,97.89500008,51.65250015,17.65499992,399.0143295,15.2161383,1801.943321,0.898536585,10.6432843,194.3868103,49.94214458,1.006388923,13.40983868,88.47580128,76.9450013
15/02/20 8:40,12.71481821,119.2528736,2028.880493,2047.148182,15.72222212,99.51111094,51.80555513,17.6916666,400.7422807,15.14969731,1797.36517,1.194146341,8.645099684,194.3868103,49.94062699,0.992495917,14.91674042,127.6379121,70.85288178
15/02/20 8:50,12.51538262,119.2528736,2035.926111,2045.153826,15.78000002,100.8799999,51.81999969,17.94499969,400.3515869,15.11496788,1787.264534,0.895609756,9.10517013,194.3868103,49.88798466,0.997337817,16.20280838,115.791173,97.93159618
15/02/20 9:00,12.92000813,119.2528736,2041.536768,2049.200081,15.91750011,101.9524998,51.89500122,18.12249994,401.1769348,15.20345226,1800.311079,0.892682927,8.867149679,194.3868103,49.92109413,0.997251734,17.13579178,130.7822119,93.51047173
15/02/20 9:10,13.51256032,119.2528736,2012.530115,2050,16.01250014,102.9950001,51.95500069,18.40499964,400.9449341,15.08406503,1787.117083,1.194146341,9.371296253,194.3868103,50.01433468,0.981864107,16.55802155,145.0000336,82.64318645
15/02/20 9:20,13.22946358,119.2528736,2029.432953,2050,16.07500029,103.8900013,52.09499893,18.26250029,400.6165359,15.14526384,1793.817438,0.892682927,10.39625915,194.3868103,50.0362999,0.99047784,16.47312927,134.8578579,86.94648247
15/02/20 9:30,12.44404712,119.2528736,2034.561371,2044.440471,16.13250065,104.5424995,52.10249958,18.6875,400.6416519,15.13788754,1797.058542,0.886829268,7.81809306,201.4770418,50.01824436,0.997065063,16.51784897,152.168306,73.75218353
15/02/20 9:40,13.80337887,119.2528736,2033.104822,2050,16.31000004,105.1375004,52.1024992,18.9375,400.0014038,15.21567683,1801.733345,1.191219512,9.446570469,208.6551514,50.02962036,0.991752847,17.4900074,142.0581289,95.75825005
15/02/20 9:50,15.61563883,119.2528736,2062.744051,2050,16.52894743,105.8815769,52.19210595,18.88947356,399.1774694,15.20523713,1798.390388,0.895609756,12.73033601,208.6551514,49.89731036,1.007302922,17.97815704,132.8964286,88.77195941
15/02/20 10:00,15.61970289,119.2528736,2028.140175,2050,16.68684257,106.492106,52.22368542,18.97368441,400.9735284,15.12390789,1790.057656,0.889756098,13.12260108,204.5389953,49.94992106,0.990410891,18.40723228,141.5573618,95.04019215
15/02/20 10:10,14.89602356,119.2528736,2026.501093,2050,16.78749952,106.9225002,52.41428702,19.22250061,399.9319839,15.07157581,1785.530679,1.194146341,12.68100184,203.1673279,49.89501495,0.988902793,18.6213398,179.1695218,95.46598835
15/02/20 10:20,15.19647603,119.2528736,2027.766235,2050,16.80499935,107.5424988,52.46842153,19.33250008,399.7265488,15.14914508,1792.680546,0.889756098,12.74069719,203.1673279,49.9390995,0.989681056,18.71645164,119.7986444,64.98232107
15/02/20 10:30,16.27983937,119.2528736,2051.669568,2050,17,107.9849987,52.52380916,19.27749977,399.369487,15.18833059,1798.304775,0.898536585,13.18289853,203.1673279,49.91956024,1.002481967,18.97089005,118.091747,74.71870236
15/02/20 10:40,15.35960307,119.2528736,2047.803058,2050,16.98999996,108.2800007,52.57105155,19.32750006,399.6478973,15.19765855,1798.412258,1.191219512,12.24034095,196.0330035,49.95519962,0.999659295,17.59438324,128.9657156,111.7446891
15/02/20 10:50,15.74167523,119.2528736,2020.505951,2050,17.00500002,108.7724998,52.56249905,19.33249998,399.8357651,15.06723413,1781.653627,0.892682927,13.68587252,198.9436779,49.97799435,0.986866233,18.01980782,127.8257971,117.1270805
15/02/20 11:00,14.74943538,119.2528736,2048.92546,2050,17.12750053,109.2175003,52.68999825,19.58499985,399.4052658,15.15344046,1794.807283,0.895609756,12.26075804,200.2373749,49.95521984,0.99995428,18.275383,125.5005537,81.20079193
15/02/20 11:10,14.34907947,119.2528736,2039.494385,2050,17.06250029,109.5,52.70999832,19.55750017,398.7398666,15.11920899,1792.856009,1.194146341,11.01513302,200.361402,49.92240505,0.995304063,16.18133926,136.5091604,88.67429276
15/02/20 11:20,13.73464208,119.2528736,2011.919739,2050,17.07500029,109.9449997,52.68499832,19.60500011,398.9319931,15.14077194,1799.92503,0.895609756,10.21548823,199.9295092,49.90825443,0.981453601,16.61210632,147.8248711,76.99449253
15/02/20 11:30,14.71813884,119.2528736,2045.353674,2050,17.23500042,110.1449993,52.66999855,19.59500027,399.3560318,15.1798908,1798.051987,0.892682927,11.92078834,202.0334385,49.97853489,0.998234287,18.89006805,125.7831869,82.67332916
15/02/20 11:40,15.10065622,119.2528736,2053.713031,2050,17.07000036,110.375,52.75499859,19.68499994,399.4212158,15.2119461,1800.502481,1.197073171,13.04814167,195.484375,50.05177536,1.002227594,17.45713043,171.5107807,111.8385748
15/02/20 11:50,15.52649879,119.2528736,2029.638971,2050,17.15000038,110.6049999,52.85750027,19.47999992,399.1980133,15.12946451,1791.074913,0.901463415,13.9882528,195.484375,50.02803478,0.991002077,17.90116882,162.4060465,118.6671782
15/02/20 12:00,15.19773831,119.2528736,2046.944122,2050,17.07250032,110.95,52.88000069,19.81249981,398.4827652,15.15304242,1794.717419,0.892682927,12.77124301,195.484375,49.9602396,0.999042644,19.79103661,138.8870274,89.98883982
15/02/20 12:10,15.86246142,119.2528736,2019.060571,2050,17.22250042,111.0125004,52.91750107,19.7750001,398.3210663,15.15688759,1793.131124,1.197073171,14.01292928,196.843476,49.95122433,0.986341823,18.85572624,141.0867573,130.1004091
15/02/20 12:20,15.47471126,119.2528736,2040.679321,2050,17.22222265,111.3138885,52.91666709,19.72222233,398.7827742,15.2001295,1798.405628,0.892682927,13.24529952,203.1673279,49.99152777,0.996321721,18.55601692,136.6654042,107.6649529
15/02/20 12:30,15.69608574,119.2528736,2045.720679,2050,17.24500036,111.5449989,52.9150013,19.80499983,398.6647797,15.20115808,1799.42502,0.895609756,14.12213456,203.1673279,49.94209499,0.999112332,18.98919678,164.8591951,97.69987507
15/02/20 12:40,16.60007949,119.2528736,2038.395325,2050,17.25000029,111.5850006,52.94500084,19.4875001,398.8768448,15.10316214,1787.137945,1.197073171,13.90709272,203.1673279,49.91439991,0.995995937,19.32109261,173.124132,113.1208174
15/02/20 12:50,16.36669297,119.2528736,2044.501062,2050,17.24500046,111.8024998,52.90250053,19.8249999,399.6808472,15.18270189,1795.521154,0.892682927,13.700004,203.1673279,49.96411972,0.998979308,18.39859009,153.3119556,116.634083
15/02/20 13:00,15.612146,119.2528736,2027.525623,2050,17.43999987,111.9275002,52.95000076,19.64000015,400.280217,15.0920485,1789.639915,0.892682927,14.40975559,199.4349945,49.94153404,0.990099384,18.57116127,138.2270302,133.8276019
15/02/20 13:10,17.31471715,119.2528736,2035.720685,2050,17.51499996,111.9325008,53.07499962,19.70749998,400.3413147,15.07605381,1786.407234,1.197073171,16.46470624,197.6795044,49.92521458,0.994689061,18.88979912,192.0077364,133.9834864
15/02/20 13:20,17.73372865,119.2528736,2043.156018,2050,17.69499979,112.1325005,53.19500046,19.71000032,400.7881332,15.18074164,1792.902254,0.892682927,16.59647711,197.6795044,49.93850422,0.998322096,22.39921951,167.3844715,121.0240836
15/02/20 13:30,17.06161752,119.2528736,2057.084967,2050,17.7699995,112.1525002,53.25500011,20.01499987,400.0508514,15.20769341,1804.902552,0.895609756,16.53065377,197.6795044,50.01914463,1.005128026,20.51648521,143.9701969,102.5861837
15/02/20 13:40,15.92236266,119.2528736,2046.052588,2050,17.68749981,112.2450001,53.29749928,20.08499994,400.3846329,15.15638906,1796.876862,1.197073171,15.17963527,197.6795044,50.05737495,0.999619099,20.26902199,163.4994286,126.4650242
15/02/20 13:50,15.98642197,119.2528736,2051.503162,2050,17.69249983,112.2825005,53.28749943,19.93249979,400.8462189,15.13389422,1789.69923,0.892682927,14.45892005,197.6795044,50.0539854,1.002379909,19.28717613,134.8644291,124.5384434
15/02/20 14:00,15.1539494,119.2528736,2072.962958,2050,17.5375001,112.2674992,53.25000019,20.07750015,401.0626389,15.27870248,1812.426476,0.895609756,13.26518876,197.6795044,50.02198963,1.011687484,18.95337677,123.1386812,115.9867465
15/02/20 14:10,18.02033358,119.2528736,2070.119232,2050,17.65749998,112.3725002,53.31999989,20.05000019,401.0469009,15.21179621,1802.117981,1.2,16.54329038,197.6795044,49.98896008,1.011496798,19.73278427,146.4780996,123.0339645
15/02/20 14:20,16.58175817,119.2528736,2053.550879,2050,17.72249966,112.4175003,53.41999989,20.12749996,401.5190002,15.20445272,1799.957628,0.895609756,15.3361714,197.6795044,49.95667439,1.003401208,19.69268036,172.1493879,123.0494015
15/02/20 14:30,18.12081208,119.2528736,2044.158545,2050,17.78999949,112.4299988,53.36500015,19.98499966,401.6005844,15.26819555,1807.220369,0.892682927,16.55690738,197.6795044,49.91073933,0.998811948,18.4324646,210.5851002,145.2538433
15/02/20 14:40,16.83383708,119.2528736,2029.757941,2050,17.68500004,112.3749992,53.25750027,20.07750006,402.1164688,15.15784054,1793.928148,1.173658537,15.41214433,204.9419714,49.97598038,0.991775559,22.2501564,173.7431765,113.7757902
15/02/20 14:50,19.55332341,119.2528736,924.3723875,2050,18.17749968,111.3574997,51.67999973,20.84500027,404.2523193,7.103953124,834.6164262,0.523902439,57.51392375,209.7527161,49.96284962,NaN,22.66126633,134.4883585,136.2570299
15/02/20 15:00,15.74154372,119.2528736,-3.600058031,2050,19.02250013,104.3700001,47.58500004,23.51499987,405.6297134,0.195000045,15.82715372,0.226829268,89.98999786,209.7527161,49.9268549,NaN,14.80263996,53.84233577,111.728242
15/02/20 15:10,14.97506652,119.2528736,1094.923719,2050,18.36750011,97.35749931,49.06499958,23.13499985,403.6437683,9.920242958,1185.565087,0.226829268,32.77696557,209.3064686,49.99649963,NaN,4.96972084,123.7162449,110.3701616
15/02/20 15:20,14.33296714,119.2528736,2033.656958,2050,17.53249989,97.31749916,55.08500023,20.88999996,402.6129684,15.03483103,1779.817474,0.895609756,10.94890759,197.6795044,49.9989893,0.992430651,13.87239075,133.2439501,101.6270451
15/02/20 15:30,15.47676973,119.2528736,2027.059338,2050,17.16000042,99.09499931,53.74249916,19.88250017,402.8235367,15.2316235,1806.637699,0.898536585,13.79497941,197.6795044,49.95798016,0.989674517,19.05619621,187.4231215,99.56560345
15/02/20 15:40,15.6373909,119.2528736,2056.151276,2050,17.10750046,100.6699997,53.425,19.68999996,403.2327148,15.22956227,1807.246805,1.191219512,13.74385914,197.6795044,49.99350967,1.004116739,17.62056732,142.2940328,94.89718218
15/02/20 15:50,15.7496016,119.2528736,2018.44118,2050,17.14750051,102.2174999,53.28249969,19.36500015,403.1350342,15.17814714,1795.984188,0.892682927,13.62225838,197.6795044,50.06730518,0.985869655,19.19636726,163.1790721,135.6344196
15/02/20 16:00,17.90507898,119.2528736,2048.092792,2050,17.21500053,103.3825012,53.33250027,19.24000006,402.5155502,15.16247021,1793.687439,0.898536585,16.97504813,197.6795044,50.03944511,1.000734291,19.70125008,133.1070925,136.3306254
15/02/20 16:10,17.26032915,119.2528736,1992.790991,2050,17.27250032,104.6775002,53.35249958,19.36750021,401.5715393,15.0639106,1785.344444,1.194146341,15.58310259,197.6795044,50.03223972,0.973712855,20.29416847,194.4277359,160.2611923
15/02/20 16:20,17.57933981,119.2528736,2026.614035,2050,17.33823529,105.667647,53.35882366,19.3058824,401.0598001,15.09253158,1781.608301,0.895609756,16.62801679,197.6795044,50.02159365,0.990239391,22.24121094,191.5576671,92.98540547
15/02/20 16:30,17.94619474,119.2528736,2052.426147,2050,17.40500021,106.7600002,53.34499969,19.20000038,400.4589508,15.14049201,1792.546188,0.898536585,17.21392113,197.6795044,50.05767994,1.002851645,21.44956779,171.4945282,125.6658133
15/02/20 16:40,17.69966617,119.2528736,2040.489429,2050,17.56750002,107.7624989,53.49750004,19.62750006,399.6658661,15.18515915,1803.43329,1.197073171,17.31316615,197.6795044,49.95000458,0.997019153,22.66491127,167.6392073,123.4848898
15/02/20 16:50,17.21969566,119.2528736,2018.806604,2050,17.52749996,108.7075001,53.52249966,19.5375001,399.0441605,15.12752947,1794.76185,0.895609756,16.33893422,197.6795044,49.90071983,0.986424542,22.62512779,211.2804626,141.9440655
15/02/20 17:00,17.87489614,119.2528736,2076.478369,2050,17.4874999,109.5600002,53.57749882,19.61750021,397.9282288,15.31717166,1812.498035,0.898536585,16.71815617,197.6795044,49.94494991,1.014603985,22.21747208,166.6421268,103.9680906
15/02/20 17:10,18.31230311,119.2528736,2032.84762,2050,17.61250019,110.1675007,53.59249859,19.66749983,397.9106812,15.10892218,1795.153444,1.194146341,17.9374262,197.6795044,50.02932491,0.99328523,21.90354347,227.772224,131.5353632
15/02/20 17:20,20.0902935,119.2528736,2073.291589,2050,17.70499992,110.6974998,53.66249847,19.89999981,398.2821487,15.28848061,1806.414207,0.892682927,18.79610041,197.6795044,50.04311466,1.013046868,24.58969116,223.40103,154.848036
15/02/20 17:30,17.80255518,119.2528736,2018.853895,2050,17.84736794,111.0552629,53.74210398,19.80526312,397.5199103,15.10678961,1788.841842,0.892682927,17.68316396,197.6795044,49.98808369,0.986447649,25.28756523,195.556682,155.2327883
15/02/20 17:40,19.34324574,119.2528736,2009.375903,2050,18.06000032,111.6175003,53.75749893,20.15250015,397.8410995,14.96851726,1776.728142,1.176585366,18.89857525,203.7731315,50.01976471,0.981816535,24.39129448,212.5399157,129.5123764
15/02/20 17:50,15.72253723,119.2528736,1994.048535,2050,17.8524992,111.8574997,53.68249836,20.11500025,397.2932175,14.99555419,1779.638603,0.892682927,14.05759691,205.3624573,49.9643549,0.973915358,24.42230415,188.7570938,151.0418911
15/02/20 18:00,18.31029806,119.2528736,2008.231464,2050,17.98499975,112.3549995,53.63499851,20.26999969,397.2717865,15.04134254,1785.698278,0.892682927,17.18556993,205.3624573,50.03547058,0.981257342,22.9685154,187.999929,147.0456745
15/02/20 18:10,18.4304347,119.2528736,2045.167993,2050,18.15750055,112.8749992,53.7424984,20.23999996,398.2845154,15.21056619,1800.714506,1.185365854,17.20148595,205.3624573,50.02612495,0.999305182,23.89569283,179.956551,154.2713974
15/02/20 18:20,18.97051072,119.2528736,1990.443463,2050,18.2250001,113.1425003,53.6924984,20.28250027,397.9108658,15.10411423,1796.628542,0.886829268,18.43231405,205.3624573,49.94915485,0.972565811,23.50739098,221.2407619,114.2275303
15/02/20 18:30,19.04800916,119.2528736,2045.613477,2050,18.24250011,113.4199993,53.81999912,20.46999998,398.3915649,15.27661076,1808.267035,0.889756098,18.40912034,205.3624573,50.01580944,0.999522853,25.57743263,208.008712,149.6780018
15/02/20 18:40,18.53399501,119.2528736,1987.211829,2050,18.31999969,113.7250004,53.81499901,20.62750044,398.9473816,15.00627954,1783.505487,1.185365854,16.71575602,205.3624573,50.04077454,0.970986777,23.55958939,187.8648689,139.9751881
15/02/20 18:50,16.643293,119.2528736,1984.031451,2050,18.3449995,113.6475002,53.8324995,20.59750013,399.7153793,15.04948622,1784.118645,0.892682927,16.32191577,205.3624573,49.97030029,0.969432789,23.71395874,198.0295509,108.8918675
15/02/20 19:00,18.06163502,119.2528736,2035.578802,2050,18.38499956,113.9175007,53.89500122,20.69250021,399.6563492,15.15840282,1798.57267,0.898536585,16.89392372,205.3624573,49.97779446,0.994619735,23.93298531,189.5008137,160.3091305
15/02/20 19:10,17.83658323,119.2528736,2034.000043,2050,18.50499983,114.1049995,53.88500061,20.875,400.767514,15.18684711,1801.630932,1.191219512,16.70598467,205.3624573,50.03562965,0.993848325,22.50964546,189.9977993,117.9990973
15/02/20 19:20,16.90366133,119.2528736,2036.757886,2050,18.4394734,114.207895,53.89250107,20.89473654,401.4909138,15.14345048,1794.695663,0.898536585,15.35693532,205.3624573,50.07640036,0.995195855,22.17281342,188.2328893,125.6158593
15/02/20 19:30,17.53002793,119.2528736,2034.254584,2050,18.36666616,114.4380958,53.86000042,21.00714238,401.6685573,15.21593066,1805.091557,0.895609756,16.51992351,205.3624573,49.99518077,0.993972698,21.87048721,189.5230017,123.0851063
15/02/20 19:40,17.25292263,119.2528736,2036.232874,2050,18.53500013,114.3625,53.90500088,21.48999996,402.3411224,15.08997747,1791.823265,1.191219512,16.71327864,207.5427684,49.95921478,0.994939325,22.8639679,202.4820292,104.7510771
15/02/20 19:50,16.98140885,119.2528736,2059.676212,2050,18.57352964,114.5352949,53.87647135,21.71470575,402.7991153,15.21424081,1804.01619,0.892682927,15.60735961,209.7527161,50.02584727,1.006394154,21.85579491,226.0436316,112.2102549
15/02/20 20:00,16.32709072,119.2528736,2010.629594,2050,18.64210581,114.4131562,53.88421089,21.95789448,402.3069169,15.10516316,1791.643699,0.895609756,15.84646585,209.7527161,49.95883661,0.982429111,24.02866745,193.9805254,96.67854038
15/02/20 20:10,16.32398081,119.2528736,2032.275659,2050,18.82000008,114.4825005,53.92500076,21.85999985,402.6117035,15.09950034,1788.94788,1.194146341,15.32208262,210.5565287,49.9280201,0.99300576,22.60215759,197.3312187,89.70098324
15/02/20 20:20,15.21203156,119.2528736,2050.027399,2050,18.77000017,114.5675003,53.90000134,22.06749973,403.8848831,15.19338951,1796.537476,0.895609756,13.86117807,215.2405396,50.07023048,1.000564935,20.64198112,162.070957,99.40447178
15/02/20 20:30,16.54168191,119.2528736,2023.274426,2050,18.98499994,114.4199997,53.94250088,22.03999958,403.2294205,15.13367942,1791.935995,0.898536585,14.97202127,215.2405396,50.02421932,0.988607599,19.4031868,182.3204451,102.8678068
15/02/20 20:40,15.68808527,119.2528736,2021.292334,2050,19.1425005,114.4325012,53.99749985,22.14499998,403.6885834,15.06375419,1781.934116,1.197073171,13.38075285,215.2405396,50.02621937,0.987169705,18.97235489,127.2434361,72.91951771
15/02/20 20:50,14.78966017,119.2528736,2029.976129,2050,18.96999998,114.5575005,53.96000061,22.38249969,403.7464691,15.11422862,1791.853706,0.889756098,12.18226371,215.2405396,50.03234024,0.990676718,17.76754761,162.2003441,85.91108875
15/02/20 21:00,14.53925209,119.2528736,2064.00918,2050,18.98249998,114.4750004,53.92750111,22.29749994,403.7189316,15.20364855,1802.463724,0.901463415,11.15653673,215.2405396,50.07424965,1.007472797,17.61953163,84.65472279,74.52910795
15/02/20 21:10,13.40744081,119.2528736,2031.599146,2050,18.91999979,114.6900002,53.86750031,22.42999992,400.7324142,15.1959241,1800.26687,1.194146341,8.517506766,215.2405396,50.08104,0.991297409,16.20996666,131.3030004,58.9839982
15/02/20 21:20,12.14597039,119.2528736,2012.513049,2041.459704,18.83999987,114.5800007,53.77499866,22.14249983,401.5317535,15.19601552,1803.791777,0.886829268,7.585860644,215.2405396,50.08665504,0.987780812,16.5517025,128.7438451,60.16929836
15/02/20 21:30,12.29103632,119.2528736,2017.63764,2042.910363,18.75250044,114.6650002,53.70499859,22.12249966,401.8104507,15.15627305,1794.40484,0.892682927,6.896950014,215.2405396,50.08779469,0.98955344,16.65912819,142.3611707,62.37556572
15/02/20 21:40,11.34527702,119.2528736,1947.287494,2013.811081,18.6175005,114.4674992,53.51749935,22.17499952,402.225769,15.12615654,1789.076117,1.153170732,4.619478017,215.2405396,50.06285439,0.967251298,16.698843,99.81615763,59.29938669
15/02/20 21:50,10.7306169,119.2528736,1956.296753,1944.776465,18.47999983,113.5374996,53.24500008,22.09750004,403.3235641,15.2096436,1801.764559,0.848780488,4.595379048,215.2405396,50.01326942,0.995493657,16.99880409,150.1993736,67.88928366
15/02/20 22:00,11.12514429,119.2528736,1921.911591,2005.005772,18.48999996,113.0400005,53.18249989,21.96000004,402.2487335,15.13573878,1792.904818,0.851707317,3.075970793,215.2405396,49.95352478,0.961463277,16.32881355,129.1119976,58.63400319
15/02/20 22:10,11.44273019,119.2528736,1940.514844,2017.709208,18.38499966,112.522501,53.10749989,21.98499966,400.1656189,15.15649514,1794.131338,1.138536585,4.498718388,207.7175096,49.97392941,0.96087133,17.12255669,139.8051559,76.38627806
15/02/20 22:20,12.68159128,119.2528736,2038.949559,2046.815913,18.4052628,112.4368419,53.19473769,21.78421041,400.2255104,15.15512975,1792.48693,0.892682927,7.932570586,203.1673279,49.9915896,0.99765408,17.00037575,147.7253795,89.06258553
15/02/20 22:30,14.11970263,119.2528736,2033.063159,2050,18.46249981,112.6899998,53.2175005,21.58500013,401.013736,15.17666548,1798.149668,0.88097561,10.26124365,203.1673279,49.99218521,0.991814695,17.55078697,160.8168076,70.23097591
15/02/20 22:40,14.60752492,119.2528736,2054.734229,2050,18.40999966,112.9875004,53.26499977,21.66249971,401.9952057,15.21754499,1801.715492,1.191219512,11.20007948,203.1673279,50.04936466,1.002894758,18.1072731,167.9533085,102.1233
15/02/20 22:50,13.79528565,119.2528736,2033.283026,2050,18.3324995,113.3474991,53.31749954,21.82999992,401.9848373,15.19884279,1797.240417,0.895609756,10.89340446,203.1673279,50.02105999,0.991843926,18.44454384,168.4605347,100.5372297
15/02/20 23:00,14.37955909,119.2528736,2043.507086,2050,18.24000015,113.5024986,53.36249981,21.68000002,399.9849503,15.13222539,1793.941538,0.895609756,11.41460944,203.1673279,49.99800491,0.997309199,19.28159523,149.581646,92.85889459
15/02/20 23:10,13.55360215,119.2528736,2039.445819,2050,18.22000046,113.802499,53.38999977,21.50499973,400.8434326,15.16084939,1795.394051,1.194146341,11.78667496,203.1673279,50.0184494,0.994974502,19.38870811,177.6793036,82.40248098
15/02/20 23:20,14.81542487,119.2528736,2045.171686,2050,18.25749989,114.05,53.46750011,21.49499998,401.643718,15.17127013,1794.454565,0.898536585,12.7909677,203.1673279,50.02724495,0.998073436,19.8700676,145.748749,116.4043559
15/02/20 23:30,13.98977317,119.2528736,2017.551771,2050,18.17500061,114.2611105,53.4194444,21.25833342,401.661967,15.07167786,1784.866066,0.889756098,10.16119231,205.4220168,50.01775508,0.984071192,18.87570763,126.0709932,87.93443129
15/02/20 23:40,14.81382444,119.2528736,2068.33292,2050,18.24444442,114.2888896,53.32222176,21.54722203,401.9440596,15.29267768,1809.096101,1.188292683,11.63362797,207.5575867,50.0494336,1.009377652,18.24982071,122.074673,93.54529504
15/02/20 23:50,14.85928812,119.2528736,1992.611707,2050,18.39499989,114.3500008,53.41000023,21.42000008,402.126387,15.10735103,1792.006262,0.895609756,13.20552139,207.5575867,50.07458534,0.972391765,20.10033035,187.5783613,107.4616831
16/02/20 0:00,17.517067,119.2528736,2073.855566,2050,18.52631589,114.6150009,53.51499977,21.60249968,400.3530016,15.32820618,1810.592125,0.892682927,15.5443371,207.5575867,49.99895196,1.013322437,21.10062408,181.6363098,137.919837
16/02/20 0:10,14.58463839,119.2528736,2040.553973,2050,18.44249973,114.6684205,53.57749882,21.70789438,400.0443649,15.14823416,1792.552454,1.191219512,12.60209924,207.5575867,49.99336948,0.995990432,21.39594269,147.9199078,96.04226084
16/02/20 0:20,17.24113536,119.2528736,2057.621753,2050,18.54250011,114.9049999,53.5324995,21.51249971,400.1945663,15.26035103,1808.233252,0.889756098,15.17199758,207.5575867,50.01016998,1.005390309,20.70756531,195.4104475,118.838216
16/02/20 0:30,16.24262137,119.2528736,2031.176086,2050,18.59500027,114.9975006,53.5473677,21.68249969,399.1160965,15.17127742,1794.558955,0.895609756,15.46848434,207.5575867,49.97479477,0.99246849,21.60080719,229.4738676,134.7351773
16/02/20 0:40,19.03128438,119.2528736,2076.341827,2050,18.90749998,115.1950001,53.71499882,21.95249987,398.5182144,15.28160807,1795.482891,1.188292683,18.65055153,207.5575867,49.98213539,1.014537268,24.29989433,209.2473404,158.7040304
16/02/20 0:50,18.41762643,119.2528736,2007.765118,2050,19.01250019,115.3949997,53.81749935,21.9250001,398.8493286,15.12512689,1793.195177,0.889756098,17.71003631,207.5575867,50.01217461,0.981029478,24.28575134,229.2788017,137.2787576
16/02/20 1:00,18.81083617,119.2528736,2067.832489,2050,19.1425004,115.4850002,53.93750076,21.98500004,398.9461502,15.24097323,1805.366381,0.895609756,18.25128295,207.5575867,49.93502922,1.010379455,25.96243286,178.8787769,159.5972094
16/02/20 1:10,15.9329803,119.2528736,2070.383862,2050,19.08250027,115.7800014,53.99750004,21.98750038,401.139917,15.23441045,1796.229057,1.188292683,15.37054897,207.5575867,49.93983955,1.011522753,25.49296379,181.2211685,146.2874714
16/02/20 1:20,16.60288239,119.2528736,2009.244089,2050,19.03000011,115.9649986,53.96500053,22.0874999,402.1374191,15.09659564,1787.173891,0.892682927,15.65000564,207.5575867,50.00125504,0.981752129,23.98115349,186.9983259,95.6686594
16/02/20 1:30,18.27757254,119.2528736,2001.814124,2050,19.15500031,115.7724987,53.98750038,21.74999952,402.8255157,15.13290757,1789.660492,0.895609756,17.82846736,207.5575867,49.92071857,0.978121716,24.49908829,199.5440512,128.7405333
16/02/20 1:40,16.36457691,119.2528736,2016.411053,2050,19.09000034,115.764999,53.99000015,21.99499969,403.9139801,15.09210406,1786.623287,1.191219512,15.34909868,207.5575867,49.9409544,0.985254034,24.1748848,174.2658705,126.2162092
16/02/20 1:50,16.40040278,119.2528736,2050.121808,2050,18.94999981,115.8224998,53.99000015,21.85499964,401.658252,15.13983165,1794.490826,0.892682927,15.14950904,207.5575867,49.94241028,1.001725704,24.01858521,197.020709,116.8108791
16/02/20 2:00,16.90623083,119.2528736,2038.092816,2050,18.95749989,115.8700012,53.99500008,22.49499998,400.4132339,15.23054248,1801.097546,0.889756098,16.04915396,207.5575867,49.92335949,0.995848126,24.00125313,221.7508829,134.8650751
16/02/20 2:10,17.06991491,119.2528736,2056.432996,2050,19.18750038,108.0799992,54.00749989,27.79250011,401.5491852,15.31660791,1809.864773,1.188292683,15.27248999,207.5575867,50.03675976,1.004809461,23.03848648,166.7073818,114.2884905
16/02/20 2:20,16.95744448,119.2528736,2050.06637,2050,19.11500025,106.214999,54.00499992,25.97250004,401.8260834,15.25346115,1801.06422,0.892682927,16.4937895,207.5575867,50.02576981,1.001698616,23.4043045,191.2079668,123.5729919
16/02/20 2:30,16.1710815,119.2528736,2024.449255,2050,19.19250021,110.3199997,54.1125,23.31999998,400.9947845,15.08833154,1789.146629,0.895609756,15.79385555,207.5575867,49.91536446,0.989181641,23.88771057,166.0421051,119.8797293
16/02/20 2:40,16.25697031,119.2528736,2016.029053,2050,19.16000061,111.1925011,54.1125,22.51750011,400.8246521,15.10915013,1791.270807,1.185365854,14.26394474,207.5575867,49.9369194,0.985067382,22.97042847,162.1126623,127.7035088
16/02/20 2:50,17.55458183,119.2528736,2066.279926,2050,19.11500044,111.6999996,54.11000004,22.53500004,401.0217468,15.28339823,1806.768167,0.892682927,16.38097131,207.5575867,49.94879417,1.009620845,22.41076469,181.4174984,122.3773055
16/02/20 3:00,17.40223927,119.2528736,1974.586829,2050,19.20249996,112.2875,54.17000027,22.63749962,400.3832184,15.05364516,1780.85408,0.889756098,17.28195309,207.5575867,49.91054974,0.964817979,24.08980751,184.1327654,159.336717
16/02/20 3:10,17.59523354,119.2528736,2047.70921,2050,19.23500023,112.8425003,54.24499989,22.41500015,400.6371674,15.22942172,1797.924185,1.188292683,16.73093938,207.5575867,49.97565498,1.000546866,24.16998672,168.8592575,137.2388195
16/02/20 3:20,16.60303087,119.2528736,2066.562158,2050,19.2374999,113.4950001,54.25499992,22.38500004,401.1435303,15.23047315,1800.080887,0.898536585,15.21995334,207.5575867,49.94302464,1.009758749,22.7428875,187.4213519,109.481978
16/02/20 3:30,17.80198278,119.2528736,2056.202533,2050,19.23999977,114.0325001,54.2375,22.47999973,401.5571014,15.21103084,1800.438738,0.892682927,17.38712822,207.5575867,49.90430508,1.004696853,22.36592484,182.5464388,129.7312989
16/02/20 3:40,16.60186157,119.2528736,2065.085864,2050,19.27999954,114.1975002,54.27749977,22.3000001,401.2833008,15.212052,1796.995943,1.194146341,15.82872415,207.5575867,49.88876495,1.009037406,24.13595581,182.89902,128.8474402
16/02/20 3:50,17.38436365,119.2528736,2060.261157,2050,19.23000002,114.5525002,54.26999969,22.67749987,401.3920868,15.26403804,1813.496675,0.898536585,16.25653022,207.5575867,49.92032433,1.006679969,22.29586983,181.1872643,114.0655836
16/02/20 4:00,17.1623004,119.2528736,2050.821826,2050,19.34999962,114.9800007,54.33499947,22.84249992,400.8055634,15.22444434,1808.593311,0.895609756,16.4246758,210.6898755,49.89287491,1.002067745,24.11280251,158.2483379,111.9912291
16/02/20 4:10,18.07839694,119.2528736,2040.748743,2050,19.52250013,115.3349998,54.36750011,22.46999989,401.5935364,15.21079284,1799.692211,1.194146341,17.89053095,214.1429749,49.99293957,0.997145859,22.80949402,199.9150723,133.8822485
16/02/20 4:20,18.97327657,119.2528736,2055.147717,2050,19.525,115.475,54.28749943,22.70750008,402.6338699,15.21460028,1807.33271,0.892682927,16.9614792,214.1429749,50.02091885,1.004181452,22.15469551,179.1451876,139.4031794
16/02/20 4:30,17.15493107,119.2528736,2012.638965,2050,19.55250025,115.3749985,54.3074995,22.50749979,402.1486893,15.14597158,1791.886219,0.889756098,16.30196854,214.1429749,49.94450455,0.983410925,23.04231644,174.8976326,101.1949236
16/02/20 4:40,18.36555882,119.2528736,2033.819177,2050,19.58750038,115.5724995,54.35499954,22.62750006,402.3976212,15.18283045,1799.711426,1.188292683,17.83891796,214.1429749,49.92926407,0.993759951,23.25641632,189.9288921,130.0939267
16/02/20 4:50,11.43571351,119.2528736,1863.941046,2017.42854,19.16750002,115.3174992,54.19000034,22.19750013,402.6582672,14.96266513,1774.331348,0.851707317,5.899780263,258.4362409,49.94380989,0.923162782,23.6824379,104.3445807,66.4660872
16/02/20 5:00,10.15393589,119.2528736,1846.906366,1826.556857,18.2625001,113.6375008,53.57499886,21.13499985,400.9347168,15.09437402,1787.261707,0.793170732,2.79786679,264.6309509,49.95255013,0.990602899,14.59737015,95.09101191,47.20601969
16/02/20 5:10,10.84548161,119.2528736,1987.187811,1968.32373,17.70499983,112.7674999,53.40249939,20.50249987,400.8411469,15.18362787,1797.993805,1.138536585,4.212275353,264.6309509,50.0137146,1.005610291,13.16034508,96.56186609,69.24186325
16/02/20 5:20,11.01050234,119.2528736,2024.079547,2000.420094,17.40500002,112.6000004,53.30499973,20.04750032,400.8028824,15.13942672,1791.694708,0.889756098,5.154597063,264.6309509,50.02149963,1.016353701,13.94126701,79.81121807,54.99058583
16/02/20 5:30,10.46654687,119.2528736,1979.35072,1890.642108,17.08500042,112.710001,53.23500004,19.67000008,400.7219009,15.1237599,1790.20546,0.88097561,3.453294092,264.6309509,49.95507469,1.022625333,12.22361946,74.41184368,50.67881336
16/02/20 5:40,10.15257778,119.2528736,1797.859227,1826.278444,16.77105241,111.8684215,52.87105259,19.75,400.234004,15.15317296,1795.769673,1.100487805,2.034531607,264.6309509,49.95227874,0.964455932,11.71284103,112.899029,56.21277618
16/02/20 5:50,9.953646278,119.2528736,1684.172784,1775.531437,16.48999996,110.0549992,52.27250004,19.38750019,400.2943665,15.08018652,1787.292755,0.717073171,1.244577347,264.6309509,50.00234489,0.926474248,13.55961132,120.3892876,48.7842032
16/02/20 6:00,9.356731987,119.2528736,1548.661133,1524.827435,16.1875001,108.0625004,51.92500019,19.2125,400.6768524,14.94195154,1769.986965,0.734634146,0.464467006,258.2851411,50.03603516,0.938828369,15.39425564,102.7679443,46.58251047
16/02/20 6:10,8.436588764,119.2528736,1204.966321,1151.889151,15.91500001,104.6750004,50.93999996,19.12750006,400.4486679,14.59617756,1729.67613,0.752195122,0.289078806,258.0455627,50.10239468,0.934491282,15.6439333,122.9938564,56.48701043
16/02/20 6:20,6.115407843,119.2528736,159.555814,420.3135922,15.90789474,98.92368397,47.99473672,19.22105277,402.3657853,4.281414496,509.9923957,0.064390244,53.14059933,257.2090444,50.08950003,NaN,14.49435997,87.03262803,24.61260115
16/02/20 6:30,6.125817525,119.2528736,663.3209663,422.9576514,15.73249998,92.33250046,51.39500027,19.37250004,399.0885925,12.21194445,1447.45689,0.19902439,0,254.7532718,49.97673969,1.335590372,5.68239212,133.0230024,40.30480888
16/02/20 6:40,8.683748507,119.2528736,1370.564438,1249.764409,15.3375001,88.62249908,54.19499969,19.13249989,398.9110657,14.69245014,1741.544821,0.816585366,0.539245207,251.4601746,49.96587524,0.987897423,11.51139355,116.1589076,51.62428284
16/02/20 6:50,8.931038237,119.2528736,1760.419516,1347.691142,14.90749984,89.04499969,52.37749939,18.50249996,399.2138458,15.02015953,1778.485468,0.752195122,1.691902682,251.4601746,49.97244968,1.185274392,15.69741058,125.5616552,50.77202263
16/02/20 7:00,10.77425735,119.2528736,1868.930121,1953.722757,14.85249972,90.26750069,51.98249969,17.99500027,399.0518814,15.12192437,1790.749306,0.834146341,4.591018484,251.4601746,49.97898998,0.949026828,17.51041794,142.5507059,57.90464983
16/02/20 7:10,8.280960965,119.2528736,1373.708035,1090.260542,14.68499994,91.00250053,51.32250042,17.70749969,400.9657867,14.83136138,1757.02553,0.886829268,0.380453614,251.4601746,49.99714966,1.118995137,17.88178444,114.9147225,46.0369422
16/02/20 7:20,8.369039989,119.2528736,1419.352365,1125.139835,14.35749993,89.85999947,50.70500011,17.53999977,401.9338516,14.77092496,1749.567673,0.629268293,0.56503158,251.7796957,49.96374454,1.124143402,14.46991634,106.8222025,64.63308353
16/02/20 7:30,7.874664903,119.2528736,1154.123236,937.1380775,14.03499985,88.06500092,49.86749973,17.51999989,401.7070007,14.39060377,1704.035746,0.556097561,0.024499745,248.1674805,49.97330914,1.068185222,15.30667114,121.1730632,55.54005661
16/02/20 7:40,9.732674398,119.2528736,1667.551809,1682.723247,13.88947336,86.72368461,49.86052603,17.08421035,401.3074228,15.0758404,1787.488795,0.907317073,1.081350662,235.2318155,49.92550539,0.946034469,14.88620853,112.3333748,56.84328099
16/02/20 7:50,9.207557625,119.2528736,1650.558517,1462.174203,13.75555584,86.66666709,49.81388919,16.79166667,400.8257226,15.12762735,1790.962296,0.702439024,0.482741896,238.9666987,49.95850542,1.036609112,13.21833229,89.83092382,50.82986832
16/02/20 8:00,9.928327179,119.2528736,1845.605989,1764.897415,13.73000035,87.89999962,50.34500008,16.7624999,404.7616302,15.13517109,1794.083605,0.842926829,1.124383018,230.6064453,50.08226948,1.0188216,13.88300323,77.45341549,53.34080553
16/02/20 8:10,10.40462236,119.2528736,1911.99162,1877.947585,13.73500028,89.23499908,50.36000023,16.93250008,403.7618973,15.14334145,1793.377321,1.059512195,1.354361214,230.6064453,50.01352921,0.995068274,10.21101761,84.14084396,53.67351336
16/02/20 8:20,11.56359067,119.2528736,2052.569659,2022.543627,13.90749974,90.90499954,50.54500046,16.75999999,402.3211197,15.1524417,1793.061178,0.889756098,6.466910845,230.6064453,49.96949978,1.013687217,11.68885803,96.64113035,54.64326015
16/02/20 8:30,12.52945304,119.2528736,2026.668262,2045.29453,14.04749994,93.33749924,50.76749992,17.26500015,400.9962357,15.19018069,1799.845968,0.889756098,7.27710038,230.6064453,50.02354946,0.99270456,13.27647972,105.2364962,59.39234657
16/02/20 8:40,12.13131648,119.2528736,2039.441522,2041.313165,14.22499996,95.63611094,50.93611103,16.91944461,400.3052216,15.16714767,1795.962531,1.188292683,7.834295204,230.6064453,50.04448891,1.001073723,14.07899952,111.8522791,55.10479217
16/02/20 8:50,10.84163935,119.2528736,1983.537946,1967.536067,14.34499998,97.92750015,51.05999908,17.23749952,398.6932983,15.13600346,1792.203472,0.883902439,4.387665639,224.1926355,49.9287096,1.003949357,13.70212555,122.8413933,47.84412529
16/02/20 9:00,10.50747721,119.2528736,1845.624823,1899.032828,14.36499987,98.67749939,50.78000011,17.30999966,400.3787155,15.11947578,1792.685783,0.790243902,3.54267725,214.1429749,49.96930466,0.949452761,12.36834145,103.7669346,47.31817651
16/02/20 9:10,11.40868645,119.2528736,2002.606378,2016.347458,14.42249999,99.62999916,50.97249985,17.46499977,399.8410507,15.18326251,1797.17569,1.182439024,6.062447639,214.1429749,49.94116497,0.99270181,14.32313251,124.7700812,57.19867926
16/02/20 9:20,10.80185966,119.2528736,1996.250415,1959.381231,14.50500002,101.0299999,51.08999939,17.74749994,398.4587601,15.16377841,1797.029554,0.875121951,5.116314976,215.3503093,49.94462948,1.012326497,13.85909939,105.6488325,55.12031355
16/02/20 9:30,12.53112378,119.2528736,2019.181696,2045.311238,14.66749992,102.5274998,51.17750053,17.98500004,399.6487518,15.12446697,1795.08185,0.889756098,7.768738657,216.3381042,49.97089939,0.989025877,13.63454533,134.503963,65.29462385
16/02/20 9:40,13.68910828,119.2528736,2043.250439,2050,14.95749989,103.9075001,51.40000114,17.97749987,401.3886856,15.14579514,1795.416252,1.2,11.77220848,222.9817465,50.03428936,0.996760795,15.68990898,100.6691162,72.41128492
16/02/20 9:50,12.24813833,119.2528736,2000.906012,2042.481383,15.04750018,104.8524986,51.48750038,18.15500021,401.0839325,15.15619312,1794.509039,0.889756098,7.068913998,226.2161865,50.03427525,0.981565055,16.62944221,124.6503461,64.20348921
16/02/20 10:00,12.33424993,119.2528736,2041.767767,2043.342499,15.0250001,105.8925003,51.51749992,18.44000025,400.1986008,15.1903047,1797.284889,0.886829268,6.714090695,218.5275793,49.90744476,1.001164451,14.74695492,104.6742311,55.86159244
16/02/20 10:10,10.36753447,119.2528736,1955.511389,1870.344566,14.91499968,106.1724995,51.38000145,18.43500061,400.4160965,15.18899833,1801.342255,1.123902439,2.567758137,215.2405396,49.92449455,1.022206982,13.57458782,91.9096941,53.07559948
16/02/20 10:20,10.08334255,119.2528736,1820.98891,1812.085223,14.95499983,105.9474995,51.15750008,18.20499992,400.0495697,15.17671081,1797.958168,0.813658537,2.54606592,215.2405396,49.96007004,0.985189682,14.77378559,105.2799159,61.37685633
16/02/20 10:30,13.38030229,119.2528736,2029.290564,2050,15.01500006,105.5649998,51.28500099,18.58499985,399.2985794,15.1546234,1797.244726,0.863414634,8.442107377,224.52313,49.9471899,0.990207151,14.79704952,130.8972591,56.93223848
16/02/20 10:40,12.03684154,119.2528736,2030.135162,2040.368415,15.0250001,106.5225014,51.4675005,18.55999994,399.0547318,15.14991157,1793.80125,1.194146341,8.382769219,224.0210571,49.91248455,0.996992942,14.77025127,110.8302341,69.58001618
16/02/20 10:50,11.85411215,119.2528736,2041.760315,2034.164486,15.02000008,107.2875011,51.51749992,18.7125001,399.0964493,15.18935886,1801.154388,0.892682927,7.8569808,224.0210571,49.93882427,1.004710453,16.48851967,95.419734,52.65128436
16/02/20 11:00,11.85845594,119.2528736,2033.842108,2034.338238,15.03750014,108.1424992,51.72500019,18.63000002,398.7752502,15.10494076,1791.585726,0.901463415,6.366422125,224.0210571,49.93157425,1.000760066,15.2914505,98.0476531,62.81447792
16/02/20 11:10,11.4037303,119.2528736,1996.112799,2016.149212,15.00250001,108.7649998,51.7175005,18.47749987,398.4770615,15.13147388,1790.627575,1.191219512,6.280548464,224.0210571,49.9643198,0.989640559,13.05288219,100.8859629,47.57964745
16/02/20 11:20,12.4951683,119.2528736,2050.541229,2044.951683,14.9474998,109.1950001,51.7175005,18.66999989,401.5876999,15.16042221,1795.891571,0.895609756,8.228380791,224.0210571,49.89562511,1.004630937,13.29464436,91.76635523,62.80159516
16/02/20 11:30,12.28693404,119.2528736,2060.67301,2042.86934,14.98749995,109.4775002,51.77499962,18.48250036,402.036084,15.19682555,1799.117804,0.898536585,8.844323014,225.4983986,49.91647949,1.010681635,15.41917706,115.0899476,73.04444551
16/02/20 11:40,15.27757559,119.2528736,2054.561395,2050,14.99249997,110.0550003,51.80499954,18.39999981,401.5960742,15.18702592,1802.251551,1.202926829,12.37014003,233.8991394,49.89123154,1.002858065,13.86756039,114.6499697,70.42115081
16/02/20 11:50,14.92227077,119.2528736,2059.438397,2050,14.94999981,110.1724998,51.80499916,18.16999989,400.6512015,15.19318293,1801.68001,0.895609756,12.06409243,228.8519927,49.93233762,1.004956149,15.69425297,140.6319398,72.5652197
16/02/20 12:00,15.93364863,119.2528736,2047.589142,2050,14.86249976,110.5525005,51.81749935,17.90500002,400.0093658,15.15867068,1794.90505,0.898536585,13.31867812,234.9967041,49.92875462,1.000387007,16.10065269,111.2668182,75.68462911
16/02/20 12:10,12.66583185,119.2528736,2011.943793,2046.658319,14.63250017,110.764999,51.77499962,17.84749985,400.5651993,15.08192486,1787.201958,1.185365854,8.412385348,227.1423225,49.90597439,0.984549079,15.18451023,111.6922592,76.06572552
16/02/20 12:20,12.89010396,119.2528736,2036.715753,2048.90104,14.51500006,110.8625,51.77999954,17.79749985,400.8323318,15.13587785,1794.991545,0.895609756,8.249300708,222.2081545,49.90204525,0.995105208,14.68328381,112.3339006,55.70705633
16/02/20 12:30,11.53337097,119.2528736,2010.856433,2021.334839,14.35250001,110.9299988,51.73500023,17.71000032,400.5158478,15.17218678,1798.308243,0.889756098,5.684915337,218.5332336,49.96783028,0.993460846,13.18867111,113.0605017,51.27571716
16/02/20 12:40,11.0356545,119.2528736,1913.739465,2001.42618,14.44499979,110.839999,51.68500004,17.61750011,399.724649,15.16092293,1797.101629,1.15902439,5.659516808,221.8259277,49.9181345,0.960162207,13.15599442,81.98897133,51.49497433
16/02/20 12:50,12.0507818,119.2528736,1974.942145,2040.507818,14.48500004,110.3100006,51.56750011,17.52999983,401.7515869,15.19559003,1801.525492,0.889756098,6.282383137,221.8259277,49.98404961,0.969817847,13.04075813,85.93191586,52.44751415
16/02/20 13:00,10.21547034,119.2528736,1788.183585,1839.171419,14.31500015,109.585001,51.27500057,17.75500002,401.7925705,15.07229488,1784.97436,0.775609756,3.167256121,221.0035033,49.95413475,0.951957418,13.56589603,101.2998682,45.89270766
16/02/20 13:10,10.66869249,119.2528736,1793.464987,1932.081961,14.21749997,107.3975002,50.79249992,17.47499981,401.8405334,15.12207234,1791.696825,1.027317073,3.056965499,216.3381042,50.02828941,0.915383539,14.36980343,140.4327927,49.83719559
16/02/20 13:20,11.71999805,119.2528736,1993.839386,2028.799922,14.06500001,107.0124985,51.10249901,17.56750011,402.1909851,15.13995798,1793.186954,0.892682927,6.337850215,216.3381042,50.08043575,0.982766504,15.50614071,80.43997002,64.10313727
16/02/20 13:30,13.31742518,119.2528736,2045.987125,2050,14.20526309,107.1842113,51.26052736,17.36315777,402.5228962,15.1623159,1796.082115,0.886829268,9.169986774,216.3381042,50.03647895,0.998438908,14.14893913,114.2141449,55.91896167
16/02/20 13:40,13.68029099,119.2528736,2034.950787,2050,14.1474999,107.6224998,51.35250168,17.1574996,402.7027008,15.0947624,1788.160435,1.197073171,10.42369321,216.3381042,49.97804947,0.992716494,13.88190937,130.9259178,70.9439065
16/02/20 13:50,13.58059173,119.2528736,2039.082489,2050,14.03999991,108.1299992,51.43250103,17.01999998,403.8909302,15.17684104,1799.002007,0.898536585,9.495525835,218.0106483,50.02650509,0.994783361,14.57810688,121.8455782,54.83004599
16/02/20 14:00,13.92316284,119.2528736,2055.930444,2050,13.85249987,108.4025009,51.4675005,17.00749989,403.4368668,15.19168898,1797.783646,0.898536585,10.2581936,230.6064453,50.0224947,1.002825122,14.93165207,101.5934484,74.16959782
16/02/20 14:10,14.52384543,119.2528736,2057.362988,2050,13.78750019,108.6300014,51.48500023,16.93249979,404.2960144,15.15176032,1791.990532,1.202926829,12.14284778,230.6064453,50.00242958,1.004240174,13.63852406,104.3132593,62.15512671
16/02/20 14:20,12.72276297,119.2528736,2045.957056,2047.22763,13.50250001,108.8750008,51.47750034,16.66999979,401.1480453,15.14213893,1793.688366,0.892682927,8.085526675,229.3449571,50.01498947,1.000793723,13.78270435,111.6242532,68.43849869
16/02/20 14:30,12.27423735,119.2528736,1969.400366,2042.742373,13.23000002,109.1275009,51.39250107,16.39249992,400.3013565,15.18525852,1798.205624,0.895609756,7.148248529,225.1186218,50.05202961,0.965979282,13.42056561,95.46551161,54.28355083
16/02/20 14:40,8.711945033,119.2528736,1359.756656,1260.930233,12.9400002,107.0599995,50.48249989,16.70999985,400.8120193,14.83213368,1757.527124,0.837073171,0.170467173,225.1186218,50.053965,0.972285153,13.58699036,112.048488,50.78580427
16/02/20 14:50,8.320321111,119.2528736,1318.678449,1105.84716,12.74117672,102.5970589,49.51470611,16.30588245,401.4177264,14.83021491,1755.871131,0.588292683,0.186460435,225.1186218,50.08447647,1.060662929,12.93486309,107.8177938,60.62761408
16/02/20 15:00,10.14568025,119.2528736,1727.683848,1824.864452,12.56052655,99.094737,49.14736838,16.21052612,399.9927545,14.85506189,1761.67193,0.67902439,2.851412395,220.6585897,50.01022038,0.927591541,14.03850174,117.7080658,50.48254656
16/02/20 15:10,13.06887946,119.2528736,2051.329742,2050,12.62000036,99.49250107,50.20499954,15.68499985,400.3832825,15.17048286,1791.890957,1.188292683,9.559693131,233.8991394,50.03726463,1.00138132,13.40987206,122.8897247,66.58054485
16/02/20 15:20,13.19989347,119.2528736,2045.345117,2050,12.70500035,101.0825001,50.4675005,15.86749988,401.1574005,15.19609152,1803.982407,0.898536585,10.36903292,233.8991394,50.07646046,0.998283638,13.7268858,118.2220329,60.74669399
16/02/20 15:30,13.09200826,119.2528736,2047.912994,2050,12.79500017,102.2125004,50.64750004,15.86999993,401.4231842,15.21498057,1800.355734,0.898536585,9.148849363,233.8991394,50.00730534,0.999682242,15.04615593,108.106916,69.83413486
16/02/20 15:40,12.7958992,119.2528736,2041.002148,2047.958992,12.7900002,103.2200005,50.78499966,15.94249983,401.5929031,15.14539281,1796.806206,1.197073171,9.78854638,233.8991394,49.98618488,0.997858081,13.95046139,103.2940049,66.52253065
16/02/20 15:50,12.77497931,119.2528736,2043.825049,2047.749793,12.91499982,104.2824997,50.90000019,16.26250024,401.3795517,15.10877042,1792.16696,0.898536585,8.340061167,233.8991394,49.97736473,0.999384791,13.52301788,120.8571397,54.82914653
16/02/20 16:00,12.37137485,119.2528736,2052.465088,2043.713748,13.06750021,105.0599998,50.98000011,16.31999998,401.6061523,15.19757406,1800.900484,0.898536585,8.820572528,233.8991394,50.05140038,1.006216734,13.07195663,112.2315407,56.26623659
16/02/20 16:10,12.08222675,119.2528736,2046.363092,2040.822268,13.11500025,105.6575001,51.02249966,16.2599998,401.3936172,15.16997279,1800.996843,1.2,7.604515861,233.8991394,50.02421494,1.004726395,14.23923397,81.05453234,48.10003924
16/02/20 16:20,11.47025812,119.2528736,1919.642987,2018.810325,13.16749997,105.6124996,50.83999977,16.36499987,400.5784195,15.17641935,1800.348146,0.837073171,4.485217419,233.8991394,49.93073997,0.949696994,12.95230293,100.2978728,44.63398459
16/02/20 16:30,11.55378957,119.2528736,2045.859924,2022.151583,13.19999981,106.0425003,50.98999996,16.46000004,399.7601685,15.1577159,1796.553434,0.898536585,7.185974683,225.1121668,49.94278984,1.010496985,13.13292027,87.74117432,56.64522524
16/02/20 16:40,12.29296679,119.2528736,2036.635681,2042.929668,13.20749998,106.8825001,51.04249935,16.5349999,398.8879791,15.15904681,1795.570044,1.197073171,8.567179678,222.9234924,50.0874752,0.99886109,13.00634098,84.83255768,63.03730278
16/02/20 16:50,12.15922394,119.2528736,2043.481476,2041.592239,13.2775001,107.4725002,51.07249889,16.63999977,397.9872665,15.12926044,1792.235607,0.895609756,8.25221158,222.9234924,50.01318512,1.002911958,12.44819832,108.2522761,65.70549898
16/02/20 17:00,11.25565734,119.2528736,2002.314044,2010.226294,13.25250001,107.9749989,51.09249878,16.73250003,397.7075516,15.16095002,1797.847601,0.898536585,5.175973673,224.8221542,49.99933968,0.997463007,13.50484371,101.330826,58.92713337
16/02/20 17:10,11.28069797,119.2528736,2031.877667,2011.227919,13.23999996,108.3524998,51.09999924,16.57749977,397.7027847,15.15142232,1796.762077,1.188292683,6.061012981,227.3137512,49.98559971,1.011372257,12.35777378,101.5621568,55.65501881
16/02/20 17:20,12.19748139,119.2528736,2063.435675,2041.974814,13.2224999,108.6625008,51.09249878,16.65999956,400.9187363,15.2015875,1800.04022,0.892682927,8.018122617,227.3137512,49.92530956,1.012504822,12.69598579,107.2395601,60.86858873
16/02/20 17:30,12.3345839,119.2528736,2045.005792,2043.345839,13.29500017,108.9049995,51.14500008,16.6624999,399.4530151,15.14762163,1794.699532,0.901463415,8.095489336,227.3137512,49.94257965,1.00275046,13.2562809,107.9679852,64.56751814
16/02/20 17:40,11.65374875,119.2528736,2012.561603,2026.14995,13.21999989,109.1224998,51.12999973,16.32749982,398.8049973,15.1747499,1796.121752,1.191219512,5.932821321,227.3137512,49.94992428,0.992812986,13.88274479,113.4193939,57.60649328
16/02/20 17:50,11.57058859,119.2528736,1982.431354,2022.823544,13.13250017,108.9975006,51.0524992,16.49500022,398.6791809,15.1941686,1801.55191,0.857560976,5.182690465,227.3137512,49.97498989,0.978963143,13.25029945,103.6639552,59.26208696
16/02/20 18:00,12.36047956,119.2528736,2047.957282,2043.604796,13.19473673,109.0473685,51.07894616,16.38947371,398.7107319,15.19660564,1800.283603,0.898536585,8.572956515,219.6842446,50.00868426,1.004063319,14.17804432,116.5063832,63.20552344
16/02/20 18:10,11.68070135,119.2528736,2032.978851,2027.228054,13.16999993,109.3250011,51.10499935,16.34499989,398.3014648,15.17095189,1798.314566,1.194146341,6.658756187,217.4356689,49.94191494,1.002548536,14.18806171,108.0443579,69.87968779
16/02/20 18:20,10.96363192,119.2528736,1975.583997,1992.544543,13.06750021,109.4075001,51.03249969,16.21749997,398.5570313,15.13511226,1794.137896,0.866341463,5.31795796,217.4356689,49.95674973,0.994072852,13.21804047,118.8987583,62.77608242
16/02/20 18:30,10.9716696,119.2528736,2005.882831,1994.192268,13.08500013,109.1325005,51.06249924,16.33000026,399.6014297,15.15261568,1796.129139,0.886829268,4.80888707,217.4356689,50.0293251,1.008929642,13.66724873,112.822772,55.96673279
16/02/20 18:40,11.89391026,119.2528736,2056.385004,2035.756411,13.09250031,109.3950001,51.09249878,16.26249986,400.3097351,15.2212358,1804.485998,1.2,7.235119877,217.4356689,50.05221996,1.011407041,13.74151039,109.8197369,58.65275083
16/02/20 18:50,11.74507599,119.2528736,2042.987946,2029.80304,13.14000006,109.5550007,51.10749912,16.42749987,401.6134186,15.12247176,1793.564661,0.898536585,7.454111784,217.4356689,50.08743477,1.00667783,13.87625885,98.0129631,64.50765071
16/02/20 19:00,12.96013798,119.2528736,2059.79862,2049.60138,13.17352946,109.6323516,51.10882232,16.26176453,401.2312802,15.23658235,1804.358617,0.898536585,9.172914567,217.4356689,50.00050556,1.005889542,13.78591824,132.4410951,68.41711504
16/02/20 19:10,11.4776277,119.2528736,2044.957738,2019.105108,13.22105252,109.802632,51.14473664,16.25526298,401.7511051,15.18631885,1802.010721,1.194146341,6.239065835,217.4356689,49.99256817,1.01145433,14.62565708,109.6197309,68.41536171
16/02/20 19:20,11.73599906,119.2528736,2031.510059,2029.439962,13.18249979,109.7174995,51.11749935,16.20499997,402.8588318,15.17646003,1796.547632,0.892682927,6.187892621,217.4356689,49.96959476,1.001135144,13.34133244,98.15877314,53.22528214
16/02/20 19:30,12.61979685,119.2528736,2055.682336,2046.197968,13.13000016,109.6599998,51.13999977,16.30000014,403.0631454,15.15455152,1794.240549,0.898536585,8.696695625,222.6497639,49.91376972,1.0062777,13.39798927,88.79340706,49.45739117
16/02/20 19:40,13.44896517,119.2528736,2063.828851,2050,13.21499987,109.6300003,51.19250088,16.425,403.7862183,15.19326398,1798.063036,1.202926829,10.83995687,227.3137512,49.95408974,1.006967243,13.02673912,94.62523842,62.02079687
16/02/20 19:50,14.46964288,119.2528736,2045.748474,2050,13.31750007,109.6475021,51.21250114,16.32999983,404.2440659,15.1256091,1790.718796,0.898536585,11.7543916,231.7514138,50.05120468,0.998541806,13.99466133,126.5008352,70.11376767
16/02/20 20:00,15.08007064,119.2528736,1866.789041,2050,13.24500008,109.4475002,51.20500088,16.23499994,400.8320847,14.74384953,1748.580122,0.892682927,13.79830605,232.6330108,49.96220512,0.910984385,15.25017929,142.6657527,81.67197914
16/02/20 20:10,16.17431164,119.2528736,2005.932458,2050,13.16500001,108.5425011,50.82999954,16.02999988,400.788652,15.03691006,1785.899586,1.100487805,15.50528828,228.4113159,50.02451458,0.980134008,16.43062782,126.9812021,107.6053585
16/02/20 20:20,14.70440273,119.2528736,2038.177087,2050,12.76500001,108.7000008,51.16000023,15.71499987,400.5398834,15.10696994,1793.059896,0.901463415,12.06283287,235.1096906,50.03240948,0.994741892,17.8164959,115.4409245,77.40317831
16/02/20 20:30,12.59978628,119.2528736,2040.309094,2045.997863,12.41999979,108.825,51.13999977,15.54500003,401.5383179,15.12989889,1792.096407,0.895609756,9.648411351,231.70401,49.98973503,0.99889265,16.25942421,103.3614783,55.56116276
16/02/20 20:40,13.1925056,119.2528736,2064.580597,2050,12.24249978,108.7224991,51.16750031,15.15250001,401.3581467,15.21881403,1804.094627,1.2,9.639052992,231.70401,49.91483479,1.00768204,15.65652466,128.2324078,65.67625179
16/02/20 20:50,11.80972934,119.2528736,2047.384814,2032.389174,12.11500025,108.7424995,51.18750076,15.30749998,400.2466339,15.13524458,1793.112797,0.901463415,7.623992038,231.70401,49.9264452,1.008033827,14.75190258,105.8215013,44.47161498
16/02/20 21:00,12.83890843,119.2528736,2045.710571,2048.389084,12.00000014,108.7799995,51.14750004,15.13499994,400.295314,15.14695944,1795.297834,0.898536585,9.263688046,231.70401,49.95215988,0.999858565,14.12396812,104.7428533,67.2337492
16/02/20 21:10,14.34455004,119.2528736,2054.961011,2050,11.9750001,108.9025005,51.10749893,14.93500004,400.7616165,15.17624541,1800.312624,1.2,12.35410723,231.70401,49.92645493,1.002845005,13.88437176,130.9009668,69.57336292
16/02/20 21:20,15.17769089,119.2528736,2075.217114,2050,11.96249995,108.8624996,51.10999947,14.84749994,401.3067017,15.276962,1809.131824,0.901463415,13.76041807,231.70401,49.93190956,1.012816939,15.61817646,108.5056944,65.92736931
16/02/20 21:30,14.24691124,119.2528736,2065.205377,2050,11.9750001,108.8200001,51.1375,14.64749999,399.8707504,15.19857797,1801.444445,0.898536585,13.01858709,231.70401,49.96558971,1.007692647,15.89605808,140.1562761,77.52248988
16/02/20 21:40,13.57305551,119.2528736,2058.487128,2050,11.73999996,109.0725006,51.15500031,14.4124999,398.8452972,15.14813125,1793.744488,1.202926829,11.10690766,231.70401,49.95259495,1.004253989,15.09592819,118.1432779,70.07629805
16/02/20 21:50,12.90085163,119.2528736,2057.822894,2049.008516,11.6349999,108.8775005,51.17000027,14.5625,399.3634125,15.19842406,1802.257788,0.898536585,9.430371577,231.70401,49.98780003,1.0053421,14.30438709,92.70618286,60.69462957
16/02/20 22:00,13.75160809,119.2528736,2045.289093,2050,11.54999995,109.0375004,51.12999954,14.5474999,399.2848618,15.14188099,1796.720861,0.901463415,11.37256046,231.70401,50.00196991,0.997723068,13.34716511,127.1468575,77.84110651
16/02/20 22:10,13.32773347,119.2528736,2046.567468,2050,11.55999994,108.8450008,51.11249924,14.40999999,400.5352814,15.1303972,1794.982687,1.194146341,10.15807162,231.70401,49.96368027,0.998708248,14.66502285,106.3097525,67.07011747
16/02/20 22:20,12.47215071,119.2528736,2035.623596,2044.721507,11.44749999,108.9075001,51.10499916,14.74249997,401.1605545,15.14345536,1794.159239,0.898536585,9.051512005,231.70401,49.94908543,0.99744083,14.29311752,127.5528461,74.16732426
16/02/20 22:30,11.88940234,119.2528736,2051.488712,2035.576094,11.43421028,108.8184228,51.0815777,14.52105266,401.6544045,15.12817039,1791.969199,0.898536585,7.899649241,231.70401,50.00673696,1.00905533,14.72903061,111.6572557,77.33463212
16/02/20 22:40,11.91503434,119.2528736,2047.022522,2036.601374,11.43999977,108.5199997,51.10749912,14.52250037,403.2486694,15.14335562,1795.454058,1.2,6.182174474,231.70401,50.01565933,1.006538274,13.65951252,106.3078726,47.45884728
16/02/20 22:50,11.22579017,119.2528736,2018.538837,2009.031607,11.39499974,108.2125,51.07749882,14.53249998,399.8973328,15.18153213,1801.124823,0.88097561,5.035456677,231.70401,50.03053989,1.006516478,11.73740101,108.9451946,55.54901009
16/02/20 23:00,11.81379447,119.2528736,2039.416486,2032.551779,11.41999969,108.0875011,51.06499901,14.54500008,399.1110672,15.1906575,1798.966421,0.898536585,7.613062321,231.70401,49.94940987,1.004059883,12.2764082,103.4552227,53.11918869
16/02/20 23:10,11.66126647,119.2528736,2053.430267,2026.450659,11.39999967,108.3549999,51.09499874,14.52249985,400.1523956,15.1889817,1799.543993,1.2,7.701316231,231.70401,49.99017982,1.012879021,12.97200108,88.26796584,61.16042833
16/02/20 23:20,12.14990275,119.2528736,2045.208181,2041.499027,11.42894725,108.2684206,51.0815777,14.56842111,400.6268086,15.1518071,1796.246826,0.898536585,7.491446438,231.70401,49.95472597,1.003807802,12.71684742,87.15216536,66.72669943
16/02/20 23:30,11.67039909,119.2528736,2045.243768,2026.815964,11.46749988,108.3025002,51.08249874,14.63000007,400.5736832,15.18245544,1800.99539,0.898536585,6.152655456,231.70401,49.9240696,1.00872624,12.03082943,94.51990376,55.87916183
16/02/20 23:40,11.76040866,119.2528736,2056.446881,2030.416347,11.40749969,108.2625011,51.04749928,14.74000001,401.0499863,15.20143904,1801.623121,1.191219512,6.665070748,226.6770022,49.92548923,1.013116498,12.91497993,81.74605007,67.39805441
16/02/20 23:50,12.07949815,119.2528736,2031.018127,2040.794981,11.39999971,108.1450005,51.02749958,14.52500014,402.0734695,15.14751193,1797.87743,0.886829268,6.395779697,215.5141436,50.04354515,0.997206382,13.46887493,102.8427417,59.63664026
17/02/20 0:00,12.22068448,119.2528736,2000.577887,2042.206845,11.37749977,107.9249996,50.97250004,14.38749986,401.7478012,15.15470991,1797.540522,0.883902439,7.087786994,219.8791293,49.97921066,0.98154342,12.84033775,127.6968023,52.38756442
17/02/20 0:10,13.33115519,119.2528736,2066.371908,2050,11.43333308,107.8249999,50.98888885,14.45833339,401.0327979,15.23043161,1805.016397,1.202926829,10.46893174,226.2161865,49.91803805,1.008368006,13.03251076,108.6453039,70.91861682
17/02/20 0:20,10.90540761,119.2528736,2014.542691,1980.608561,11.34722217,108.0222215,50.95833312,14.55000003,401.1799452,15.1750796,1798.322347,0.88097561,4.070719151,220.6245453,50.00909403,1.016514792,13.61847305,93.7832026,50.20465798
17/02/20 0:30,11.48290756,119.2528736,2058.163812,2019.316302,11.12222253,107.7500004,50.99722205,14.20277781,399.5809224,15.17727251,1799.002069,0.892682927,6.114912699,216.3381042,49.93498845,1.017813828,13.01702309,106.1558207,60.47249328
17/02/20 0:40,11.0224936,119.2528736,1965.924353,2000.899744,11.00500002,107.7424984,50.89249992,14.20749984,399.5099487,15.11362647,1794.70962,1.176585366,5.166361591,216.3381042,50.03063507,0.98676691,12.58677959,118.59235,54.70868406
17/02/20 0:50,11.37364044,119.2528736,2018.587329,2014.945618,10.85750008,107.6025005,50.84500008,14.18249984,399.8278351,15.14141379,1792.3417,0.892682927,6.073454501,216.3381042,49.97232494,1.001752051,13.64706802,121.8755777,77.27154293
17/02/20 1:00,11.47820311,119.2528736,2037.26792,2019.128124,10.86500006,107.4200016,50.82749996,14.0724999,399.8737488,15.17664,1799.875843,0.889756098,6.420911413,216.3381042,50.0813303,1.007632283,13.86724854,137.1060078,60.90145578
17/02/20 1:10,12.98161721,119.2528736,2058.850421,2049.816172,10.94500008,107.4974998,50.98999996,13.94249988,400.003598,15.17398636,1798.425711,1.197073171,9.510419473,216.3381042,50.04547997,1.005275286,14.70797729,113.2892776,72.24652596
17/02/20 1:20,12.44779677,119.2528736,2041.139807,2044.477968,11.03000011,107.4749992,51.01999969,13.80500002,400.2559662,15.15747155,1796.135674,0.898536585,8.215469569,216.3381042,50.05798531,1.000269544,15.01955032,116.7776186,57.98949819
17/02/20 1:30,11.78260942,119.2528736,2043.225909,2031.304377,11.00750003,107.7625,51.04749928,13.98249998,400.6971039,15.15163712,1797.134211,0.901463415,7.647609694,216.3381042,50.06987476,1.006325332,13.4444952,99.64014912,65.48744516
17/02/20 1:40,13.10875154,119.2528736,2063.225415,2050,11.07000027,107.7825001,51.00999985,14.03249993,400.98927,15.21667206,1805.59421,1.2,9.392145947,216.3381042,50.08680973,1.007134232,12.8931694,117.2830223,83.71231804
17/02/20 1:50,13.52067208,119.2528736,2049.68913,2050,11.10250025,107.8875,51.02499943,13.9875,401.4768173,15.21315131,1805.488386,0.901463415,10.94114524,216.3381042,50.09213982,0.999988885,15.77469349,136.2398808,62.28614411
17/02/20 2:00,12.34544311,119.2528736,2046.792078,2043.454431,11.07750025,107.8949989,51.02749958,14.12249985,400.6522812,15.1848789,1800.116621,0.898536585,8.992559923,216.3381042,49.95910969,1.003570026,15.31575775,115.2808308,53.43497162
17/02/20 2:10,12.90261507,119.2528736,2054.589087,2049.026151,11.21500039,107.9974995,51.04749928,14.17249999,400.9529022,15.16444087,1799.451513,1.202926829,10.05647407,222.7617567,50.00435982,1.003749834,14.74874783,133.1309244,76.07150536
17/02/20 2:20,11.51183834,119.2528736,2015.313586,2020.473534,11.13500018,107.8950005,51.0524992,14.21999989,401.5149704,15.13291325,1795.570021,0.895609756,6.764755086,225.1186218,50.02229404,0.995930311,14.98704147,109.1487959,55.58544092
17/02/20 2:30,10.51922717,119.2528736,1939.39762,1901.44157,10.95499997,107.3549995,50.84250011,14.22249999,401.6000687,15.13436504,1794.819551,0.851707317,2.386530743,231.5427237,49.99652996,0.997118197,13.35633659,101.5576071,42.83693099
17/02/20 2:40,10.9209939,119.2528736,2015.627832,1983.80375,11.09250035,106.8725006,50.69750004,14.15999999,401.9491669,15.24304649,1808.69688,1.173658537,4.218018467,224.4042209,50.03561459,1.016300463,12.21297264,85.10292835,55.45734386
17/02/20 2:50,11.47259727,119.2528736,2051.910254,2018.903891,11.09500036,106.8725002,50.88999996,14.26499991,402.2902206,15.17895314,1799.588797,0.898536585,6.847113162,224.0210571,50.04080505,1.015056864,13.35415459,97.46761913,60.74506454
17/02/20 3:00,12.44400992,119.2528736,2059.824695,2044.440099,11.17500029,106.9849998,51.01499977,14.28249993,401.1087173,15.17875895,1798.96063,0.898536585,8.401611958,224.0210571,49.98286457,1.0094459,13.68870163,118.9359192,69.34439249
17/02/20 3:10,12.43831136,119.2528736,2018.82851,2044.383114,11.05500021,107.1900002,50.94500008,14.47249994,401.0761856,15.05340725,1783.642834,1.197073171,8.626067024,218.8717872,50.04120483,0.989384268,14.79168415,135.767515,54.22567716
17/02/20 3:20,12.90927906,119.2528736,2055.632196,2049.092791,11.15000038,107.2249992,51.05499935,14.2249999,401.7365021,15.16854295,1796.830914,0.901463415,10.32457344,218.4624467,50.05310955,1.004212553,15.37711334,106.1447475,66.62250357
17/02/20 3:30,12.30009489,119.2528736,2057.186871,2043.000949,11.10000033,107.3424995,51.04249935,14.21249981,402.2688156,15.19393605,1802.246984,0.898536585,9.024508421,218.5332336,50.05122013,1.008903177,14.41652775,142.4647094,72.48950424
17/02/20 3:40,12.48492169,119.2528736,2043.551886,2044.849217,11.17000031,107.3900002,51.04999924,14.24499984,402.4755554,15.1168575,1791.594978,1.2,8.893247301,218.5332336,50.06728554,1.001259596,15.01968002,130.0011902,60.92054062
17/02/20 3:50,11.94031658,119.2528736,2034.128632,2037.612663,11.15500035,107.4974998,51.06999893,14.10999994,402.4515564,15.17181918,1797.709127,0.895609756,7.660217471,218.5332336,50.06918526,0.999884505,14.47970295,127.1942051,72.04385405
17/02/20 4:00,12.19592214,119.2528736,2013.365637,2041.959221,11.08000031,107.4975002,51.02499962,14.33250008,401.2740204,15.16073996,1796.958435,0.889756098,7.606358571,218.5332336,50.07315979,0.987943982,13.76725864,112.6160584,66.52985659
17/02/20 4:10,12.51822186,119.2528736,2022.999692,2045.182219,11.21052662,107.405265,51.03157847,14.22631565,400.9371386,15.12942007,1795.560596,1.194146341,8.861346532,218.5332336,50.08511614,0.990985795,14.48766136,104.5775588,58.82006068
17/02/20 4:20,11.62796531,119.2528736,1989.526843,2025.118612,11.08250031,107.5024994,51.04999943,14.44999986,401.1976044,15.11604032,1792.736074,0.889756098,5.703460806,218.5332336,50.07450562,0.98176493,13.76476574,100.1492308,55.40676775
17/02/20 4:30,12.82777095,119.2528736,2036.577032,2048.277709,11.13750024,107.4524994,51.02249966,14.22750001,401.1506683,15.14829701,1797.206028,0.895609756,9.6569728,218.5332336,50.05845509,0.995472177,12.9174509,105.029587,57.26023006
17/02/20 4:40,13.25701027,119.2528736,2062.7703,2050,11.28250012,107.4300003,51.06749897,14.28249989,401.2726868,15.18502137,1801.291025,1.202926829,10.58428253,218.5332336,50.08898964,1.006710992,14.00593281,107.1082052,63.93202405
17/02/20 4:50,12.96721249,119.2528736,2048.682336,2049.672125,11.34999995,107.6249992,51.0524992,14.1275001,400.9672501,15.17318308,1800.04866,0.895609756,8.56995672,230.940539,50.02280979,1.000411414,13.94717503,107.2597688,79.0931221
17/02/20 5:00,13.80742564,119.2528736,2054.00224,2050,11.34999995,107.5999996,51.06749916,14.13249993,399.1442474,15.16263489,1794.267002,0.898536585,10.96726982,231.70401,49.99145489,1.001944555,13.6850605,99.95006561,54.83683734
17/02/20 5:10,13.83332024,119.2528736,2043.679901,2050,11.41749978,107.7899994,51.07499905,14.20500002,398.8149765,15.07873727,1791.034761,1.2,11.64015095,231.70401,50.03795452,0.996895959,13.73876762,108.9101695,75.22792349
17/02/20 5:20,15.11847644,119.2528736,2047.388007,2050,11.35749998,108.0275005,51.10999908,14.35,398.6755127,15.14213558,1793.284527,0.901463415,12.86405621,231.70401,50.0543499,0.999162657,14.41202259,108.2461834,67.81507502
17/02/20 5:30,16.23289471,119.2528736,2037.685718,2050,11.28250017,108.1400009,51.06249886,14.18249993,399.3347198,15.16182053,1798.384729,0.901463415,14.227813,231.70401,50.03854485,0.995649211,15.74047756,167.7756151,81.73911676
17/02/20 5:40,17.31586637,119.2528736,2069.415509,2050,11.11315818,108.1657888,51.11578911,14.08421055,398.9596445,15.275404,1808.53828,1.197073171,15.38576915,231.70401,49.9927838,1.011152947,17.17959023,148.9236952,77.47567368
17/02/20 5:50,15.34954243,119.2528736,2068.972113,2050,10.84500008,108.1900002,51.17500057,13.87749996,398.9137466,15.21685396,1806.67309,0.898536585,14.04284465,231.70401,49.97977028,1.009980819,16.78736496,137.5570681,92.41546421
17/02/20 6:00,13.12839088,119.2528736,2049.030498,2050,10.6500001,108.0925018,51.17250061,13.59249997,399.0527985,15.12131394,1792.631229,0.901463415,10.66182258,231.70401,50.09424534,1.000178721,16.69000053,121.8552036,73.37681561
17/02/20 6:10,11.42091908,119.2528736,2035.863678,2016.836763,10.43249993,108.0275002,50.62250023,13.42249985,397.9323639,15.17977202,1800.688894,1.191219512,4.339779617,227.1805364,50.05053005,1.008790985,14.15557194,92.18031511,62.83709908
17/02/20 6:20,10.75691991,119.2528736,1930.838147,1950.168581,10.33000007,107.8224998,50.34750023,13.19000001,399.8054199,15.13167599,1794.538284,0.869268293,3.169838485,230.6064453,50.05220928,0.981286672,12.2415123,87.89938793,54.46952314
17/02/20 6:30,8.993593788,119.2528736,1350.529727,1372.46314,10.16999993,105.3950008,49.36749992,13.30999985,401.0863983,15.00384553,1779.313093,0.649756098,0.237765968,230.6064453,50.0223999,0.894388081,11.56263161,70.98174028,50.5587698
17/02/20 6:40,9.567936134,119.2528736,1526.639517,1613.533176,10.03249989,100.55,48.38999996,13.20750008,399.2931473,14.92009239,1770.506544,0.857560976,1.090649296,222.0374877,49.94018993,0.886778447,9.210196495,91.14048824,41.15540628
17/02/20 6:50,10.8754787,119.2528736,2021.457727,1974.473133,9.952499819,99.62499962,48.93000031,13.01749997,398.9307983,15.14251994,1796.80069,0.883902439,4.653100089,217.4356689,49.92053452,1.021474453,12.43068314,82.19186707,47.79366055
17/02/20 7:00,9.883962822,119.2528736,1829.625214,1746.264385,9.967499876,100.1175011,49.0649992,12.99499984,400.124437,15.13597476,1794.966957,0.848780488,1.133175102,223.3899772,50.02329445,1.01621167,10.9181881,97.8293745,46.4242116
17/02/20 7:10,10.11985493,119.2528736,1948.664581,1819.57026,9.902499628,99.40999908,49.03999977,12.84000006,399.2267639,15.17547186,1800.941992,1.100487805,2.099590177,214.1429749,50.04640484,1.049547148,11.38804436,86.6222805,61.87995834
17/02/20 7:20,10.57847865,119.2528736,1934.844415,1913.588122,9.954999828,99.75499992,49.42249966,12.975,397.9334671,15.10368276,1793.162636,0.866341463,2.762392468,214.1429749,49.97203922,0.991896976,12.18004227,98.3007618,55.23300266
17/02/20 7:30,10.33139322,119.2528736,1989.243542,1862.93561,9.992499971,100.5449993,49.8375,12.86499996,397.717485,15.1427135,1796.217041,0.895609756,4.057604898,215.3028829,49.96842003,1.044329115,12.34081078,104.1638029,42.09093909
17/02/20 7:40,11.17710071,119.2528736,2040.01405,2007.084028,10.16999993,101.3025013,50.08749924,12.75749998,401.1161819,15.16805497,1798.44591,1.188292683,5.866210799,222.9234924,50.0172348,1.018828643,12.7853651,92.19892502,55.71508284
17/02/20 7:50,11.55568285,119.2528736,2054.694812,2022.227314,10.35999985,102.2474983,50.39249992,12.98999996,397.8877029,15.18244743,1801.296238,0.901463415,6.70293665,222.9234924,49.95463486,1.014836785,12.5238409,119.8948028,53.89083796
17/02/20 8:00,10.8447206,119.2528736,2028.87171,1968.167723,10.43499975,102.9900002,50.49250011,13.22750001,397.4085327,15.12445199,1792.216513,0.898536585,5.49139869,222.9234924,49.9641695,1.02674199,12.76358795,109.9287777,52.11702561
17/02/20 8:10,11.4130301,119.2528736,2058.075244,2016.521204,10.56750002,103.6849995,50.52250004,13.21749988,396.3634857,15.19858906,1801.690287,1.191219512,6.447718078,222.9234924,50.00440464,1.020055588,12.25674152,87.46364746,51.14551344
17/02/20 8:20,11.69330535,119.2528736,2064.953021,2027.732214,10.75750003,104.3575008,50.69250031,13.37500029,400.0073822,15.2083949,1802.092197,0.901463415,7.182456528,222.9234924,49.93043957,1.018156633,11.81337738,86.81223707,55.80997734
17/02/20 8:30,11.41529474,119.2528736,2030.654773,2016.61179,10.9000001,104.7800007,50.94500027,13.33250012,402.1661697,15.12624764,1793.417198,0.895609756,6.499197343,222.9234924,49.98890953,1.006391779,12.71804619,90.89397554,56.46722298
17/02/20 8:40,11.41375399,119.2528736,2043.611145,2016.550159,11.03000011,105.0674995,51.00999966,14.01000004,402.5333008,15.13344701,1796.420671,1.197073171,5.809939033,222.9234924,50.07805557,1.012863101,12.99690056,105.6848683,44.29226522
17/02/20 8:50,12.17507629,119.2528736,2060.981921,2041.750763,11.14500031,105.2874992,51.03749943,14.0025001,402.1825043,15.24377842,1804.027428,0.898536585,8.540799646,222.9234924,50.06851578,1.011417992,11.67972946,95.53719358,55.63048944
17/02/20 9:00,11.31362801,119.2528736,2003.070007,2012.54512,11.26500025,105.4199997,51.04999943,14.06000009,401.9016327,15.119184,1794.377861,0.886829268,5.055541089,222.9234924,50.02955017,0.995974656,13.52700329,87.01859007,58.49097342
17/02/20 9:10,9.886245823,119.2528736,1828.471231,1747.223246,11.33500004,104.5425007,50.59749985,14.31749992,401.1341202,15.07789627,1788.202406,1.077073171,2.656993223,222.9234924,50.02940006,1.015249399,12.32595539,83.12242861,47.326682
17/02/20 9:20,11.9532917,119.2528736,2060.126678,2038.131668,11.4474998,104.2900002,50.78999977,14.3349999,401.4115524,15.20515215,1805.920286,0.898536585,6.214899767,222.9234924,50.0853548,1.012500962,12.01489544,135.8764689,73.38360767
17/02/20 9:30,11.3988483,119.2528736,2045.219727,2015.953932,11.58499994,104.7474995,51.03499947,14.5849998,401.253334,15.16600415,1799.062208,0.898536585,6.011759441,222.9234924,49.98897972,1.014146143,12.53593922,83.81436672,63.56965227
17/02/20 9:40,10.79306121,119.2528736,2020.78548,1957.577548,11.78750005,105.035001,50.97749996,14.8099999,401.3579208,15.14830796,1795.232203,1.182439024,5.560937299,222.9234924,49.91854954,1.025204591,11.26398945,107.5565771,49.44942045
17/02/20 9:50,10.745504,119.2528736,1946.543237,1947.82832,12.02750006,105.0799992,50.8074995,15.23249989,402.0032364,15.1403051,1795.02784,0.872195122,4.22517607,222.9234924,49.9519043,0.989815674,12.08556938,128.1999033,61.43298872
17/02/20 10:00,11.67958766,119.2528736,2031.359703,2027.183506,12.10625035,104.9687514,50.84687519,15.35312474,401.7623978,15.13212411,1791.284366,0.857560976,6.392846461,222.9234924,49.94925547,1.001763951,14.12332916,102.118603,43.46442687
17/02/20 10:10,11.25931298,119.2528736,2003.527986,2010.372519,12.12894746,105.042105,50.89473684,15.50789467,401.3121739,15.11986209,1792.940995,1.185365854,6.41229581,222.9234924,49.95867338,0.997949902,12.73283958,102.1236652,50.23754272
17/02/20 10:20,11.69639146,119.2528736,2051.709644,2027.855658,12.13684223,105.1924995,50.9125,15.6025001,401.1868913,15.18306479,1800.216534,0.886829268,7.194791895,222.9234924,49.96416835,1.011587932,13.29282284,111.4635893,67.38137125
17/02/20 10:30,11.43846076,119.2528736,2007.96937,2017.53843,12.1678571,105.4923066,50.97307704,15.72692292,400.9214521,15.19371526,1801.821908,0.889756098,6.053995703,223.3930531,50.01496342,0.994408631,13.0773735,105.7098293,57.31776163
17/02/20 10:40,11.33436632,119.2528736,2029.409302,2013.374653,12.19999981,105.7777769,51.02499962,15.81666676,400.4103563,15.16136577,1797.878202,1.188292683,6.643123119,229.5088806,50.06781684,1.00839697,11.5043335,70.70783287,47.7395898
17/02/20 10:50,11.6258121,119.2528736,2048.146167,2025.032484,12.26999974,105.977499,50.98999977,15.87000017,400.7150665,15.1587393,1795.598373,0.895609756,6.951484866,229.5088806,50.11294498,1.010718711,11.94248962,86.97792006,54.79131203
17/02/20 11:00,11.40584643,119.2528736,2036.00188,2016.233857,12.40249963,106.2425003,51.0324995,15.96500034,401.4456024,15.16431999,1797.137403,0.901463415,5.857984497,229.5088806,49.95932941,1.00934826,12.36603546,82.17064829,45.37955551
17/02/20 11:10,10.38516874,119.2528736,1928.917444,1873.959592,12.42749972,106.147501,50.93250008,15.99500008,401.6746017,15.14379761,1794.882425,1.141463415,2.947241458,229.5088806,49.96518002,1.00619504,10.73375034,76.41647959,53.77208519
17/02/20 11:20,10.02930708,119.2528736,1806.120972,1801.007951,12.51750007,105.0375,50.65000019,16.05999985,401.9728989,15.10606594,1791.644079,0.804878049,2.637876599,230.1463649,49.91234951,0.983689301,11.03210545,81.74520597,53.23207417
17/02/20 11:30,9.874495912,119.2528736,1599.259311,1742.288283,12.61250029,102.4450005,49.88999996,16.34250031,402.7874695,15.03702597,1780.322416,0.617560976,2.306141388,240.0477234,49.98507957,0.889428995,12.08308792,101.6189338,52.27473412
17/02/20 11:40,9.850011778,119.2528736,1644.745731,1732.004947,12.84499998,100.4149994,49.86249905,16.42999978,403.4743805,15.005292,1776.68335,1.003902439,1.250740853,241.5820923,49.96409512,0.917845841,13.48052025,113.7508948,44.8623632
17/02/20 11:50,8.663868189,119.2528736,1232.939474,1241.891803,12.78500028,97.85500107,49.25250015,16.53249989,402.691684,14.52111071,1723.188332,0.576585366,0.134487116,241.5820923,49.9585144,0.893767567,12.20765686,115.1361738,47.19835715
17/02/20 12:00,11.35947728,119.2528736,1917.418195,2014.379091,12.84500017,95.17750053,48.98999977,16.41500006,402.6180801,15.12544504,1791.447166,0.740487805,5.13049225,241.5820923,50.00485973,0.951979314,13.62525177,127.9187265,59.49754028
17/02/20 12:10,10.84024715,119.2528736,1793.981439,1967.250667,13.11500015,95.89749985,49.72999973,16.52249994,402.0720551,15.13354111,1794.831797,1.065365854,3.90000369,241.8836891,50.04639988,0.908068079,13.92552376,91.09530125,59.3892312
17/02/20 12:20,10.97324739,119.2528736,1878.671387,1994.515714,13.24749999,96.17250023,49.97499943,16.86749997,403.0067505,15.14637458,1795.700672,0.842926829,3.544209839,243.5503102,50.09363956,0.944872675,14.39147663,109.4484106,60.48583851
17/02/20 12:30,10.42155135,119.2528736,1864.811755,1881.418026,13.31500006,96.02249985,49.87749996,16.93500013,399.7996124,15.13864343,1794.316166,0.778536585,3.628075032,245.1587484,50.01883469,0.968572474,14.8173914,119.1636565,46.86214299
17/02/20 12:40,10.55798566,119.2528736,1925.195526,1909.387061,13.425,97.2625,50.28999958,16.9624999,398.3813995,15.16375445,1799.921579,1.170731707,3.638778732,239.3869629,50.00419998,0.987939805,14.47712612,106.778054,46.48963661
17/02/20 12:50,11.26079895,119.2528736,1979.567352,2010.431958,13.55000019,98.43500061,50.42750034,17.0624999,398.8743149,15.16142915,1794.652725,0.863414634,5.111067634,242.2264464,49.90508499,0.98596788,13.22463989,85.4333889,54.91149583
17/02/20 13:00,8.136210585,119.2528736,1142.198239,1032.939392,13.45750012,97.77249947,49.67500019,17.11750021,398.2048615,14.28198548,1694.460154,0.632195122,0.041999759,251.4772712,49.91699963,0.976123183,13.37944126,122.891495,50.44423008
17/02/20 13:10,8.255233359,119.2528736,1091.035576,1080.07241,13.33000011,93.27499886,47.95000057,16.72249966,399.8883484,14.10919248,1673.598255,0.594146341,0,270.4560563,49.91967964,0.89619515,13.06988335,70.57173858,47.64922667
17/02/20 13:20,7.587818646,119.2528736,895.9815857,841.3314279,13.13750014,88.67749977,46.44249973,16.44500012,401.5036499,13.56680886,1608.299257,0.362926829,0.112475279,270.3877822,50.04607525,0.896873772,9.503606796,132.0371779,53.76546173
17/02/20 13:30,8.497009826,119.2528736,1308.194359,1175.815891,12.7650001,86.01749916,46.61749935,16.21749978,400.5145859,14.40752895,1707.20779,0.614634146,0.871894291,257.381942,50.02346478,0.996011928,12.41953182,133.4015158,55.53099258
17/02/20 13:40,7.234202957,119.2528736,848.2532318,723.2237877,13.72000003,82.98249893,46.3949995,16.02250009,400.9568497,13.50740759,1601.362993,0.503414634,0,255.8504333,49.94763985,0.981486837,14.84605122,141.1038757,48.16363959
17/02/20 13:50,6.227836931,119.2528736,594.9987717,448.8705804,17.2150001,79.21750031,49.17999992,16.05749974,401.7129822,12.09413669,1434.83313,0.272195122,0,255.8504333,50.03357468,1.137976646,12.56428909,114.8853958,49.07483611
17/02/20 14:00,6.155795979,119.2528736,559.6062622,430.5721788,19.03500004,75.17249908,50.5699995,16.43500013,402.4925858,11.79171051,1400.897598,0.251707317,0,255.8504333,49.97071972,1.109557441,10.22787285,92.89908895,37.98015153
17/02/20 14:10,6.835276198,119.2528736,846.5694336,603.1601544,20.40499973,71.92250061,52.24750004,16.34250011,401.4831848,13.0771679,1551.380556,0.415609756,0.057496698,255.8504333,50.02544918,1.192470705,9.200034142,125.6479894,49.97693944
17/02/20 14:20,9.778100657,119.2528736,1760.605701,1701.802276,19.0375001,71.47500076,52.84499969,16.28500032,401.4135068,15.0854529,1789.511496,0.737560976,2.787003054,255.8504333,50.05393009,0.992441873,12.31905556,109.7735385,55.93571111
17/02/20 14:30,9.358493504,119.2528736,1624.212049,1525.567272,15.63157905,74.66841969,51.67631651,16.1078948,401.2302673,15.03763045,1784.34014,0.766829268,1.879808576,255.8504333,50.04334159,0.98422508,14.70119572,119.9952008,49.9616991
17/02/20 14:40,8.72696209,119.2528736,1455.928189,1266.876987,14.87999973,75.86749992,50.8875,16.21250029,401.5743027,14.91359165,1769.917162,0.886829268,0.283472986,261.1201367,49.96842995,1.036645751,15.03831482,82.56297016,47.19788046
17/02/20 14:50,10.9766443,119.2528736,1891.738162,1995.212082,14.75499978,77.02000122,50.47250004,16.33250017,400.2075668,14.97854447,1773.049067,0.778536585,5.917380681,262.4358215,49.89147015,0.951289656,14.25270939,118.7299927,54.7748641
17/02/20 15:00,11.3570086,119.2528736,1947.401672,2014.280344,14.81499968,80.7375,51.02999973,16.2625,400.5626389,15.03641447,1782.964897,0.892682927,6.998870323,262.4358215,49.99703979,0.966942662,15.48270893,142.5834322,74.72047081
17/02/20 15:10,9.312497687,119.2528736,1643.202731,1506.249029,14.65999999,82.98250008,50.57000008,16.22999997,401.0334671,14.8650624,1762.053085,0.989268293,1.7918208,262.4358215,50.06317959,1.006508803,16.38939667,134.3842008,60.17875628
17/02/20 15:20,10.27496331,119.2528736,1707.395361,1851.367478,14.69499984,84.22749939,50.32999916,16.625,400.5440369,14.93953505,1773.554649,0.728780488,2.890402938,262.4358215,49.93665943,0.90244546,15.19013309,133.3261009,76.76950674
17/02/20 15:30,11.17773185,119.2528736,1978.961774,2007.109274,14.70499983,86.0450016,50.61250019,16.56749973,400.5069153,15.21092927,1802.363914,0.866341463,5.655756273,262.4358215,49.92573013,0.988317571,16.12782288,129.6366846,67.11920881
17/02/20 15:40,10.39352179,119.2528736,1817.480408,1875.671966,14.66749992,88.21000023,50.56750031,16.44250002,399.6966507,15.10166091,1788.883593,1.068292683,4.100843914,262.4358215,50.0010498,0.947126311,15.0967474,115.2903439,55.98183341
17/02/20 15:50,12.43174009,119.2528736,2040.862909,2044.317401,14.67749991,90.04249954,50.775,16.53000011,399.5193344,15.12897255,1795.06394,0.875121951,7.776436536,263.8558189,49.98005466,1.000216803,15.06605625,86.50535288,62.09315481
17/02/20 16:00,10.44655495,119.2528736,1926.601361,1886.543764,14.56500025,92.70999832,51.02499962,16.24249969,400.6108536,15.1237413,1791.426109,0.883902439,3.107498458,271.001174,50.07649479,0.997717384,12.71194744,90.46258507,40.397258
17/02/20 16:10,8.282315898,119.2528736,1166.856534,1090.797096,14.3349999,92.53999939,50.13499985,16.26500015,399.676413,14.45925312,1714.474468,0.784390244,0,263.5333862,49.99678497,0.95008157,10.98306847,82.85559778,41.0764267
17/02/20 16:20,7.416802156,119.2528736,767.2970016,784.2119201,13.97249985,88.20499954,48.30249977,16.30750012,398.8828644,12.97055165,1536.566065,0.371707317,0.016999915,263.5333862,49.94903431,0.816537496,10.92645359,96.47831488,34.31762457
17/02/20 16:30,5.627470052,119.2528736,494.4826523,321.7094297,14.11749988,83.17249985,49.70000019,16.21749988,399.0084625,11.40452689,1355.991898,0.222439024,0.051999481,263.5333862,49.971455,1.340604263,9.183172226,136.5756771,39.2365731
17/02/20 16:40,7.353392744,119.2528736,1064.417589,763.0331765,16.8750001,78.89999962,52.11250038,16.26999974,398.2930801,13.66768388,1622.695547,0.509268293,0.225321146,263.5333862,49.93195019,1.165210963,8.724779129,146.1327079,47.50510187
17/02/20 16:50,6.594019365,119.2528736,821.2473938,541.8809188,17.7250001,76.69750023,52.03500004,15.99249997,397.5047668,13.1421289,1556.367908,0.424390244,0,263.5333862,49.92563477,1.312684979,12.10892773,162.6536867,51.707864
17/02/20 17:00,5.872550702,119.2528736,547.7554489,367.2944306,18.89473694,73.40000114,51.8375,16.06749988,397.7756492,11.75763939,1397.733616,0.216585366,0,263.5333862,49.9572786,1.268937191,12.72057629,176.2577396,47.35224162
17/02/20 17:10,6.310472363,119.2528736,533.084304,469.8599802,20.29249983,70.02368405,53.29473656,16.17105253,396.7914505,11.75380026,1397.325036,0.342439024,0,263.5333862,50.02401505,0.979782839,11.55926228,161.4868235,43.61377187
17/02/20 17:20,6.209385884,119.2528736,527.076767,444.1840145,21.20500011,67.05749969,53.91999931,16.0150001,397.2726364,11.65838125,1383.941162,0.210731707,0,251.4275833,49.93356953,1.017292852,11.20797443,90.73416252,39.75118232
17/02/20 17:30,6.804963732,119.2528736,780.0479431,595.4607879,21.4750001,64.66750069,54.84750004,15.73499999,399.691449,13.20340128,1564.037172,0.345365854,0,247.330344,50.0396698,1.115411413,9.719771385,143.2117422,46.8074121
17/02/20 17:40,7.577794957,119.2528736,957.5358826,837.9835157,18.14499989,63.2199995,51.97249985,15.20750008,398.7992416,13.7430975,1632.933203,0.523902439,0.054497191,250.3626099,49.92091026,0.961227863,13.94693565,117.0786942,55.74449577
17/02/20 17:50,8.088393521,119.2528736,1265.716568,1014.003834,16.11749997,63.15000076,51.59749966,14.77749996,398.6384827,14.81791449,1756.560236,0.573658537,0.024499745,250.3626099,49.97513981,1.099527045,12.67440319,125.422075,55.82350705
17/02/20 18:00,6.198378301,119.2528736,653.8176239,441.3880884,14.04499993,62.74750023,50.27000008,14.69499993,399.318663,12.46304543,1477.725466,0.32195122,0,251.1171903,50.05928478,1.268835728,16.81747246,105.0728693,43.86993971
17/02/20 18:10,9.444532537,119.2528736,1592.004333,1561.703666,13.59999995,62.72750015,53.15499973,13.975,399.7530685,15.03803703,1785.745869,0.813658537,1.204459131,265.3444945,49.93538952,0.945767339,10.4107275,112.0544941,47.99762421
17/02/20 18:20,7.810958314,119.2528736,988.3549042,915.8600769,12.62750015,63.94750023,50.56499958,13.50500011,400.279837,13.69900002,1621.086147,0.436097561,0.060498713,262.4358215,49.9990099,0.930335898,14.36559963,124.6757467,49.16720467
17/02/20 18:30,6.756756902,119.2528736,931.795546,583.216253,14.42250004,62.88500004,49.59999981,13.5625,400.2631027,13.50622201,1604.073761,0.36,0.12898946,258.4869441,49.94747467,1.365285939,11.76815414,168.0016649,52.74064755
17/02/20 18:40,9.943177223,119.2528736,1623.766617,1771.134434,17.30500021,64.21249962,52.71750011,13.56250024,400.4500687,14.86321351,1756.123981,0.91902439,2.229095572,252.5577393,49.9235899,0.894530288,14.58846664,123.363022,66.50203962
17/02/20 18:50,6.89488039,119.2528736,986.6982788,618.2996191,16.36000004,64.74500084,50.98499966,13.57500005,401.7145172,13.93982618,1652.060343,0.450731707,0.099982637,252.5577393,50.03660984,1.35024129,15.77245998,127.6351666,56.81553659
17/02/20 19:00,8.165984821,119.2528736,1193.896548,1044.729989,17.11250024,64.44749985,52.35000038,13.2099998,401.9325836,14.48764452,1719.02195,0.491707317,0.007999991,252.5577393,49.96822987,1.010096781,15.24743652,124.8548702,52.64797006
17/02/20 19:10,7.124907064,119.2528736,1028.539566,686.7189595,13.66750011,64.3100008,50.18499985,12.9875001,402.0503693,14.1589715,1676.602879,0.63804878,0.0005,252.5577393,50.0470499,1.255699954,15.70990181,121.9152102,47.85804801
17/02/20 19:20,7.486077476,119.2528736,1180.883142,807.3498768,12.0375,63.71000004,48.4675005,12.50749984,401.9726334,14.52493255,1722.817451,0.51804878,0.067494661,252.5577393,49.94968433,1.219520264,15.49621487,150.1299646,48.9746089
17/02/20 19:30,8.186533403,119.2528736,1343.239523,1052.867228,11.30750008,63.91250019,47.96750069,12.49250007,402.8404144,14.79817271,1752.534908,0.538536585,0.077992088,252.5577393,49.93198929,1.128655474,16.85066223,140.5558105,56.84200737
17/02/20 19:40,8.93733077,119.2528736,1693.123871,1350.182985,10.88500004,65.04749947,48.13250046,12.15750008,403.9602295,15.09424098,1788.086168,0.936585366,0.860437253,252.5577393,49.97855034,1.138056262,16.88051224,117.0189114,62.98942118
17/02/20 19:50,7.916504788,119.2528736,1396.436554,951.1125993,10.65249996,66.91250076,48.14250011,12.1624999,399.8214813,14.97562748,1775.839542,0.649756098,0.396275756,252.5577393,50.04183979,1.27839895,17.13899422,140.2876877,53.57205019
17/02/20 20:00,8.462019587,119.2528736,1597.140665,1161.959756,10.40249996,68.09750061,47.94250107,12.26499987,399.2465134,15.07457677,1786.903341,0.667317073,0.500852256,252.5577393,49.96429977,1.229008688,17.27568245,136.1756374,57.73504109
17/02/20 20:10,8.138011074,119.2528736,1458.425168,1033.652385,10.31750016,69.63999977,47.9475008,11.91750002,400.1094376,14.99696289,1780.161993,0.901463415,0.239987807,252.5577393,49.97771931,1.245609669,17.1968689,153.9481802,69.0476675
17/02/20 20:20,9.117630432,119.2528736,1697.419575,1424.404781,11.07894747,70.96842113,48.45789538,12.21052622,400.4767729,15.10357863,1792.647623,0.746341463,1.103421345,252.5577393,50.035142,1.089679144,18.02756691,140.6164366,61.70254778
17/02/20 20:30,9.466269255,119.2528736,1571.865582,1570.833087,12.73000016,73.00250015,49.51749954,11.86750016,398.7830307,15.10956641,1792.480247,0.708292683,0.637331969,252.5577393,49.89401493,0.929194434,16.92962646,122.1594769,54.66276617
17/02/20 20:40,7.122233939,119.2528736,1010.436237,685.8261357,13.11000028,72.72249947,48.65999985,12.23750005,399.111496,14.06622514,1669.762436,0.649756098,0,252.5577393,49.91854954,1.235263941,15.00446796,136.7544376,53.04217265
17/02/20 20:50,7.815766096,119.2528736,1039.671222,917.4658761,14.90250006,70.5625,49.33249989,12.41499991,400.1984863,14.25616555,1693.955154,0.43902439,0,252.5577393,49.98594952,0.97738389,15.25408077,130.4133295,51.64771819
17/02/20 21:00,8.987264061,119.2528736,1415.676294,1369.956568,15.98500013,69.42249908,51.41000061,12.31749992,401.0458817,14.91535342,1767.184467,0.570731707,0.167496385,250.0909478,50.03811016,0.939089621,15.75238419,108.2992049,46.99040718
17/02/20 21:10,9.568631466,119.2528736,1708.44858,1613.825216,11.90384608,69.96538426,49.41923141,12.18076933,402.3402311,15.1196508,1791.773688,0.916097561,1.066756804,243.7772217,49.98406865,0.992285765,15.36351585,112.4038106,52.51966491
17/02/20 21:20,8.951242814,119.2528736,1696.495784,1355.692154,10.61538469,71.52307716,48.80769348,11.96923087,403.7621296,15.1147416,1794.245426,0.781463415,0.910622584,243.7772217,49.92864609,1.136117325,15.73341751,123.0030142,51.02511611
17/02/20 21:30,8.976351367,119.2528736,1573.912181,1365.635141,10.3055555,73.33333249,48.72500102,11.71666659,404.3064948,15.07664258,1786.311073,0.72,0.823297208,243.7772217,49.95197784,1.047055779,16.28496361,121.8299629,52.42095953
17/02/20 21:40,8.772570229,119.2528736,1618.351816,1284.937811,10.03249989,73.76499977,48.27999973,11.89249992,403.6664154,15.04493608,1783.201635,0.910243902,0.315978923,243.7772217,49.99999485,1.137670061,15.73621845,148.1204168,50.76573682
17/02/20 21:50,8.799949861,119.2528736,1524.199707,1295.780145,9.857499647,74.63250046,48.32249985,11.57750006,401.97677,15.04302782,1783.583433,0.68195122,0.554601732,243.7772217,50.12537498,1.063381182,16.35270882,112.5319124,55.27634115
17/02/20 22:00,8.856528354,119.2528736,1378.135809,1318.185228,9.660000086,74.24499969,47.82500114,11.7625,399.9882202,14.82405299,1757.334063,0.597073171,0.16046184,243.7772217,50.03710442,0.946685577,16.49161339,127.2092192,49.42399082
17/02/20 22:10,7.704855251,119.2528736,1369.082855,880.4216539,9.494999981,73.86999969,47.78750038,11.69249988,401.7000656,14.73140649,1746.879347,0.80195122,0.292465632,243.7772217,50.05514526,1.326326595,15.507267,104.9583817,50.48484287
17/02/20 22:20,8.387472463,119.2528736,1436.490521,1132.439095,10.70500002,73.9,48.38750076,11.68000011,402.785437,14.93846753,1772.96283,0.696585366,0.21943863,251.9053923,50.0838253,1.131158526,16.14169502,127.105035,56.48931265
17/02/20 22:30,8.023035026,119.2528736,1270.181171,988.1218701,11.96250005,73.98499947,48.66749992,11.62999988,402.6781708,14.78262542,1752.859394,0.594146341,0.057499271,255.8504333,50.0745945,1.128860692,16.85853386,132.1608404,49.83840218
17/02/20 22:40,7.349123371,119.2528736,957.8389374,761.6072058,12.22499976,72.4349987,47.84750023,11.76000009,403.5259842,13.89284787,1648.914934,0.576585366,0,255.8504333,50.07178001,1.050568625,15.57363892,143.7929822,52.59966674
17/02/20 22:50,7.441843081,119.2528736,959.4806061,792.5755889,12.36999969,69.81749992,46.96750031,11.72499995,403.7601654,13.94929133,1656.245459,0.415609756,0,255.8504333,50.12769985,1.009935056,15.08062172,125.5469472,50.39166145
17/02/20 23:00,7.275244641,119.2528736,1256.122571,736.9317102,12.5400001,68.1625,47.28000069,11.63250012,398.899794,14.77199864,1752.241693,0.52097561,0.0005,254.7000463,50.0231348,1.425451893,14.61574364,106.2014179,44.48270111
17/02/20 23:10,8.663701153,119.2528736,1413.230042,1241.825657,12.69000025,68.51999931,48.0800005,11.43500018,399.8792816,14.93480824,1771.600239,0.851707317,0.097484675,248.1674805,50.13162441,1.024510729,15.41246605,126.9542877,48.29353442
17/02/20 23:20,8.459272289,119.2528736,1187.16442,1160.871827,10.61500001,68.35750046,47.33249989,11.20500011,400.2888885,14.5613455,1726.651617,0.526829268,0.051999481,248.1674805,49.98501415,0.914297334,16.71539688,106.8026665,50.66208601
17/02/20 23:30,7.818049264,119.2528736,1130.572003,918.2284542,9.789999866,67.31750031,47.49250011,11.00500011,399.8626328,14.24245338,1690.011744,0.482926829,0.038499734,248.1674805,49.94327469,1.062191405,15.2957468,127.2883993,50.24405494
17/02/20 23:40,6.675842977,119.2528736,714.5806976,562.664116,11.6125,65.66500092,50.44749985,11.28000011,400.476918,12.75990629,1513.734335,0.482926829,0,248.1674805,50.03424969,1.092269335,13.87033939,146.214664,45.64052329
17/02/20 23:50,7.987988877,119.2528736,1114.373398,974.988285,14.98249998,63.59750042,51.58000011,11.7625,401.5331146,14.20268141,1685.258909,0.447804878,0.371956678,248.1674805,50.06956463,1.001567311,11.89426231,136.0735853,58.09517164
18/02/20 0:00,7.589136457,119.2528736,1133.768393,841.7715768,13.20500002,63.20500011,49.90249958,11.14250011,400.4337723,14.41644806,1711.354792,0.56195122,0.027999619,248.1674805,50.05554047,1.13447244,15.84619904,130.7647558,49.61622267
18/02/20 0:10,6.988565278,119.2528736,910.8719696,642.0955806,13.6275001,62.45500011,49.2050005,11.05249996,399.9090668,13.74455819,1628.186205,0.550243902,0.008499989,248.1674805,50.07471046,1.193030555,14.73523331,146.2580564,47.19412098
18/02/20 0:20,6.070445633,119.2528736,633.3630341,408.8931908,17.1500001,61.03750038,51.83249969,11.50499992,400.7488159,12.34008881,1464.488428,0.301463415,0,248.1674805,49.99162006,1.312870651,14.90397739,160.2888363,28.62110529
18/02/20 0:30,5.959107685,119.2528736,609.4751328,383.3940294,18.35750017,58.8125,52.79499969,11.48499999,400.4754669,12.15124141,1441.89822,0.28097561,0,248.1674805,49.94310989,1.342902001,11.65099335,130.5900396,47.33021498
18/02/20 0:40,6.132797003,119.2528736,564.7660843,424.7304387,19.07999973,56.84750004,53.51000061,11.24500003,400.483371,11.92394122,1414.610229,0.333658537,0,248.1674805,49.93098907,1.13306076,10.75570107,134.8425077,38.56787639
18/02/20 0:50,7.374888086,119.2528736,800.4619781,770.2126208,19.76750021,55.02499943,54.39000015,11.1625001,400.8816833,13.07307847,1553.448046,0.324878049,0,248.1674805,50.00876923,0.867823514,11.07888126,131.8550498,40.70521271
18/02/20 1:00,7.847285151,119.2528736,880.4557495,927.9932406,16.12500005,54.22749996,52.11000004,10.64750004,400.6147827,13.51332678,1604.987394,0.395121951,0,248.1674805,49.94250908,0.820801424,11.86774635,86.09672518,47.70117841
18/02/20 1:10,8.49433682,119.2528736,1254.504361,1174.757381,13.73499999,54.08000011,50.86500015,10.26750002,400.543718,14.78991151,1753.530653,0.708292683,0.014999942,248.1674805,50.00242481,0.955906936,12.34255791,102.5414137,50.84202576
18/02/20 1:20,8.740141368,119.2528736,1346.145667,1272.095982,10.81749997,55.28749962,49.26000004,9.974999952,400.8019363,14.8454994,1761.200747,0.550243902,0.127992082,248.1674805,49.9961504,0.954931614,14.47040749,104.5707208,53.94071121
18/02/20 1:30,9.30837667,119.2528736,1538.45304,1504.518201,9.904999733,57.23249989,48.98500004,9.867500019,401.2754364,15.13420473,1793.918335,0.684878049,0.347178182,248.1674805,49.99531498,0.943261209,15.94006538,125.5883205,48.59087791
18/02/20 1:40,7.557413197,119.2528736,846.2284866,831.1760077,9.417500114,58.02000008,48.25000057,9.967499924,400.3231873,13.42820424,1592.527582,0.579512195,0,248.1674805,50.02305946,0.854455265,16.70143509,99.98015347,41.83707464
18/02/20 1:50,7.284785771,119.2528736,886.3422424,740.1184476,12.97249994,56.6824995,49.93500023,10.02750001,399.8352142,13.44768982,1595.407322,0.371707317,0.026999883,238.9932374,50.04248543,1.001344575,11.87335968,119.0685074,37.50643711
18/02/20 2:00,7.155256653,119.2528736,948.9923859,696.855722,15.6500001,55.8199995,52.25249996,9.705000019,400.4609177,13.91224565,1649.775524,0.430243902,0,234.9967041,49.95500431,1.141115308,10.25739861,100.8358061,49.58091354
18/02/20 2:10,7.297222686,119.2528736,960.4121216,744.2723771,13.35250001,54.79999962,49.68249989,9.642499971,400.7059341,13.88859674,1649.690271,0.535609756,0,234.9967041,49.99013977,1.0787626,10.14916325,89.57763066,46.18440604
18/02/20 2:20,7.47677772,119.2528736,741.4537125,804.2437586,14.76500015,53.85750008,49.93249989,9.672499943,401.4876984,12.88049984,1530.42108,0.330731707,0,239.9371057,50.04909477,0.768763671,10.69029236,97.285604,41.58839622
18/02/20 2:30,8.079038024,119.2528736,1036.495612,1010.299057,17.53749981,52.93749981,52.70749989,9.812499905,401.0836487,14.09271741,1671.526594,0.386341463,0,235.2272045,50.06289043,0.90331867,9.231543541,103.4157024,39.85980308
18/02/20 2:40,8.992442918,119.2528736,1431.828494,1372.007395,15.03750005,53.62249947,51.58000031,9.4,401.7274628,15.00831105,1780.309834,0.831219512,0.057999224,234.7307439,50.09904041,0.948514337,10.12277699,120.8220235,45.33394642
18/02/20 2:50,8.382553458,119.2528736,1238.444479,1130.491169,12.25250001,55.17500019,50.24999962,9.382499886,401.4253525,14.84862189,1761.222633,0.553170732,0,237.1918335,50.04443016,0.976710539,12.51008701,75.93518372,38.48446069
18/02/20 3:00,8.043268013,119.2528736,1101.53071,996.1341331,10.04500003,55.25999928,48.65250015,9.244999838,400.5842545,14.50996216,1720.561506,0.500487805,0,237.1918335,49.9267849,0.972032356,11.76990604,77.66099977,31.00495539
18/02/20 3:10,8.402489567,119.2528736,1306.322253,1138.385868,9.417500114,55.43249989,48.59249954,9.219999981,400.8299713,15.00668626,1779.389666,0.714146341,0,224.0271546,50.00099964,1.023849573,8.795818329,51.52138581,35.37148762
18/02/20 3:20,7.737042403,119.2528736,1063.998215,891.1721627,10.78000007,55.80499973,48.2875,9.170000029,401.3628357,14.33857709,1701.931664,0.488780488,0,222.9234924,50.04986477,1.021723564,8.60080719,63.9834156,31.08135371
18/02/20 3:30,7.903232551,119.2528736,1019.626923,946.6796719,11.55749989,55.30750008,47.72500057,9.244999981,401.6483337,14.30226646,1695.572514,0.450731707,0,222.9234924,50.02661037,0.936671673,8.363571167,77.6928854,30.38851795
18/02/20 3:40,7.54141233,119.2528736,1177.192679,825.8317181,11.79000006,54.94999962,47.64500065,9.295000172,401.539386,14.75274946,1748.26288,0.652682927,0,222.9234924,50.09838448,1.194114939,8.991207123,94.2102684,32.93905544
18/02/20 3:50,8.539295268,119.2528736,1410.295618,1192.560926,12.1025001,55.68999996,48.18250008,9.094999981,401.5065872,15.01806718,1780.270769,0.6,0.028499598,222.9234924,50.08590527,1.060233428,10.53588486,79.58339748,45.10228095
18/02/20 4:00,8.100848889,119.2528736,1170.432309,1018.93616,12.26499972,56.38499985,48.12750072,9.22750001,399.6491821,14.59456708,1731.598097,0.538536585,0,222.9234924,49.94085922,1.012403122,10.25465965,55.30328336,32.64749565
18/02/20 4:10,8.471263671,119.2528736,1298.983984,1165.620414,12.34499979,56.29499989,47.88750019,9.269999981,399.6268997,14.75163071,1750.791355,0.72,0.021499828,223.5770781,49.96453476,0.99675946,9.763757706,106.0003162,38.07580686
18/02/20 4:20,9.218794084,119.2528736,1454.817383,1466.893515,11.94250007,57.03000031,47.96500034,9.220000172,399.392778,15.07633553,1788.118383,0.582439024,0.127490578,236.0942688,49.99480934,0.911206756,11.36199951,97.08439217,48.70292201
18/02/20 4:30,8.503246927,119.2528736,1182.317816,1178.285783,9.804999971,57.99250069,47.75250092,9.135000086,398.8537979,14.81055298,1756.852879,0.55902439,0,236.0942688,49.92712021,0.898482473,12.44483948,93.37597532,35.03650644
18/02/20 4:40,8.810548973,119.2528736,1364.834296,1299.977393,9.244999933,58.41749973,47.93750095,9.1875,399.2330658,14.9462703,1773.552269,0.807804878,0.01199999,236.0942688,49.89870472,0.949418437,11.5605278,87.67911906,39.57124567
18/02/20 4:50,8.241849661,119.2528736,1018.079645,1074.772466,9.757499933,58.56750031,49.01499996,9.142500019,399.7864822,14.31438661,1698.164663,0.465365854,0,236.0942688,50.00340443,0.839935249,10.72837257,68.50089254,30.35026217
18/02/20 5:00,8.471727705,119.2528736,1183.484082,1165.804171,13.89499989,57.95250072,51.45,9.457499933,399.7458664,14.68094145,1741.259274,0.465365854,0,234.4486271,50.04576969,0.908003616,8.676587105,69.51074629,37.80756826
18/02/20 5:10,8.486173128,119.2528736,1358.642074,1171.524559,12.99210538,58.62368413,50.44999976,9.247368411,398.3879571,15.02620645,1781.784415,0.828292683,0.001052632,230.6064453,50.00178448,1.037821767,9.369338989,80.47273546,46.36475362
18/02/20 5:20,8.772644353,119.2528736,1434.21499,1284.967164,12.44499979,59.26749992,49.71749992,9.219999981,397.9524826,15.09976034,1791.203333,0.605853659,0.026499675,230.6064453,50.06416492,1.008204634,9.635861397,55.77725172,42.56372638
18/02/20 5:30,8.397327222,119.2528736,1310.923973,1136.34158,11.64210505,59.91842089,49.18684207,9.365789313,402.0344062,15.01343307,1781.033707,0.608780488,0,230.6064453,49.98889963,1.029109952,10.60480118,65.81815366,36.74912975
18/02/20 5:40,8.651189995,119.2528736,1239.093762,1236.871238,9.4,60.18999996,48.50999985,8.90999999,401.3145142,15.03775272,1784.085852,0.746341463,0,230.6064453,50.00253429,0.901508526,8.897604942,47.02476563,33.68892424
18/02/20 5:50,8.568995142,119.2528736,1356.101447,1204.322076,8.817500067,60.45999908,48.52249947,8.930000067,400.3962662,15.00609054,1779.903946,0.602926829,0,230.6064453,50.03152981,1.010559715,8.472953796,75.24451008,35.86223989
18/02/20 6:00,9.39335587,119.2528736,1707.240637,1540.209466,8.510000038,61.50250053,48.67750072,8.950000191,398.1976501,15.16742514,1799.838993,0.714146341,0.573706994,230.6064453,50.05646,1.026210532,10.03807545,72.63253231,42.51143699
18/02/20 6:10,9.202774739,119.2528736,1688.860938,1460.16539,8.464999866,64.02999992,48.59249935,9.082500029,399.6550858,15.13019201,1794.209244,0.974634146,0.205997587,230.6064453,50.0571701,1.061889624,11.7327261,83.88270988,38.54671593
18/02/20 6:20,9.670252681,119.2528736,1766.325739,1656.506126,8.397499609,66.15750122,48.63999977,9.277499962,402.6933823,15.19341481,1802.544863,0.769756098,0.945821987,230.6064453,50.07206974,1.011007226,13.44497204,93.31664162,37.74930139
18/02/20 6:30,9.122706334,119.2528736,1668.632704,1426.53666,8.366666264,67.76944394,48.6944455,9.358333217,401.6707815,15.18610239,1800.225773,0.714146341,0.26719716,230.6064453,50.09512202,1.069859952,13.3042469,72.96623601,45.99924469
18/02/20 6:40,8.287515439,119.2528736,1239.89567,1092.856114,8.278947127,68.7973681,48.55526392,9.460526466,399.5523521,14.3870383,1707.215917,0.80195122,0.293598952,230.6064453,50.06146321,1.0078571,10.55166912,69.30872074,41.88604857
18/02/20 6:50,7.27062248,119.2528736,748.5425495,735.3879083,10.6,66.60250053,47.68249969,9.52750001,399.3292694,12.93633181,1537.458086,0.330731707,0,230.6064453,50.04066982,0.851293327,9.872289658,92.61100845,35.55297012
18/02/20 7:00,6.290448427,119.2528736,544.3578751,464.7739005,13.66999993,63.55250034,49.89749966,10.08999982,398.6483871,11.6820028,1388.187315,0.28097561,0,230.6064453,50.02386456,1.010052101,7.900352955,96.75656738,32.78502328
18/02/20 7:10,6.451273835,119.2528736,548.946283,505.623554,15.06249995,60.47000008,50.46999931,10.21249986,400.0175537,11.6981522,1389.284695,0.295609756,0,226.0256453,49.96702518,0.946046074,7.316786289,107.7447098,28.37961764
18/02/20 7:20,6.49372623,119.2528736,738.2674576,516.4064623,16.63500009,58.00999985,52.25000019,9.812499857,400.575087,12.95551318,1535.93858,0.342439024,0,211.9478455,49.96653442,1.248848811,6.594882011,79.31926055,32.35164263
18/02/20 7:30,7.470949149,119.2528736,913.9541992,802.2970158,17.26750002,56.09499989,53.37000008,9.674999952,400.4306213,13.76075605,1632.631502,0.339512195,0,214.7436397,50.04655533,0.949989831,7.59778595,85.03983345,30.43334007
18/02/20 7:40,8.679274869,119.2528736,1424.445459,1247.992848,14.15750008,55.77500019,51.51500053,9.302500153,398.9976822,15.07636213,1788.946775,0.793170732,0,221.8259277,50.0611351,1.028046867,8.460869789,64.77574883,33.28812525
18/02/20 7:50,8.804553366,119.2528736,1443.17464,1297.603133,13.30249996,57.27000008,51.00999985,9.30999999,398.2402649,15.11732389,1793.370958,0.629268293,0.056499297,221.8259277,50.05543537,1.0055744,9.308085442,83.28754721,42.02225866
18/02/20 8:00,8.225811696,119.2528736,1220.531604,1068.421432,11.00750003,58.25250015,49.63249989,9.264999962,398.47883,14.7758764,1753.132536,0.6,0,221.8259277,50.02073975,1.012281615,9.75028038,54.31697917,42.57961571
18/02/20 8:10,7.377932382,119.2528736,993.4282593,771.2294155,9.669999933,57.80750008,48.13500004,9.292500114,398.6341949,14.07356872,1669.191925,0.573658537,0,221.8259277,49.94635487,1.075561883,9.229919434,81.30635281,36.52799077
18/02/20 8:20,8.142261887,119.2528736,1303.898889,1035.335707,10.35499997,57.41250057,48.3925005,9.564999962,398.3158295,14.87428419,1762.521257,0.570731707,0.440428623,221.8259277,50.02857475,1.112028653,8.765464783,72.90941515,51.01314831
18/02/20 8:30,7.298447728,119.2528736,855.9926819,744.6815412,11.8349999,57.2,47.78750038,9.627499914,397.739679,13.42509905,1595.568747,0.371707317,0,221.8259277,50.03076954,0.960929376,10.38812923,89.94662781,29.60651515
18/02/20 8:40,8.841548538,119.2528736,1441.779422,1312.253221,15.75500002,56.76249924,50.98500023,9.969999886,397.6670654,14.85558951,1761.99123,0.755121951,0.070998221,221.8259277,49.97283497,0.994455064,9.059265137,83.50116653,41.45387163
18/02/20 8:50,8.701271749,119.2528736,1555.310535,1256.703612,13.33249998,58.58250027,50.33250008,9.970000029,401.8892212,15.11738509,1794.581755,0.722926829,0.075999407,221.8259277,50.00238419,1.115484557,10.66315556,79.02685604,37.74562359
18/02/20 9:00,8.731398487,119.2528736,1604.560504,1268.633801,10.54249997,60.47249947,48.74750004,9.960000038,402.0520691,15.14803594,1797.883112,0.673170732,0.248432293,221.8259277,49.96461983,1.14104776,11.29237556,79.40997124,46.41899161
18/02/20 9:10,9.981341624,119.2528736,1940.079462,1787.163482,10.09000001,63.21250038,48.78250065,10.0650001,401.3771698,15.16854849,1798.197304,1.088780488,3.053343674,221.8259277,49.93211975,1.063207038,11.91074657,94.54103584,51.43145895
18/02/20 9:20,11.00511899,119.2528736,2055.272009,2000.20476,10.2124999,67.63000069,49.14499912,10.40499988,401.3616028,15.15602745,1798.812149,0.898536585,6.400738647,221.8259277,49.94725952,1.032197328,11.5481329,111.0216223,53.73500862
18/02/20 9:30,10.65419524,119.2528736,2027.106787,1929.110024,10.26000004,72.12249947,49.54499931,10.78000002,401.8399689,15.15552512,1796.57436,0.898536585,4.744196249,221.8259277,49.99320965,1.035364438,10.67006683,107.1783746,43.86556408
18/02/20 9:40,11.01828003,119.2528736,2035.692426,2000.731201,10.33499994,75.76499977,49.74249973,11.09750009,402.3625885,15.15355955,1797.420336,1.188292683,6.179525146,221.8259277,50.05271015,1.021926111,11.5615778,79.85312366,58.15775876
18/02/20 9:50,11.83493724,119.2528736,2050.739142,2033.39749,10.56999998,79.29500008,50.30499992,11.65999999,402.8106827,15.12607022,1795.937634,0.901463415,7.209586915,221.8259277,50.06471519,1.009369144,10.9302063,97.21970339,62.11995926
18/02/20 10:00,13.35468631,119.2528736,2064.821216,2050,10.95500016,82.55749855,50.51499996,12.15499997,399.4844467,15.20793244,1801.660275,0.898536585,9.657820555,236.0942688,50.00892029,1.007579352,11.83627033,123.9213308,54.20956569
18/02/20 10:10,13.07134814,119.2528736,2009.205121,2050,11.37999983,85.36999969,50.77999992,12.47749996,399.2218307,15.1291649,1793.961336,1.191219512,9.341542012,236.0942688,50.03974495,0.980814417,14.22402287,143.6540798,62.88119354
18/02/20 10:20,12.84111743,119.2528736,2042.825769,2048.411174,11.56999989,87.90999908,50.84000015,12.9374999,399.1328445,15.17832197,1800.269405,0.898536585,9.474697784,236.0942688,49.96918488,0.998433135,13.62418365,114.0915987,70.84219232
18/02/20 10:30,10.91572218,119.2528736,2027.551215,1982.723047,12.01750007,90.16750145,50.8875,13.44250007,399.8705322,15.12793922,1794.093945,0.895609756,5.446080275,236.0942688,49.95333958,1.022571441,13.73885155,104.0811179,62.08240762
18/02/20 10:40,14.2104547,119.2528736,2066.286847,2050,12.40499992,92.17000046,50.93500004,13.95500007,400.3467331,15.19339429,1796.451456,1.202926829,11.71867681,236.0942688,50.01406498,1.008163667,12.873559,99.00204544,69.2734374
18/02/20 10:50,15.2242455,119.2528736,2052.196765,2050,12.64250035,93.92999916,51.02499962,14.30500002,400.8856705,15.12168954,1795.93384,0.901463415,12.6712119,236.0942688,49.97018986,1.001638674,13.01008511,92.53792152,62.97319689
18/02/20 11:00,12.60624614,119.2528736,2028.390479,2046.062461,12.70500035,95.62750015,51.00749969,14.4375,400.536702,15.10440499,1792.831186,0.895609756,7.990094901,236.0942688,49.9942749,0.99301251,12.20727062,114.1657806,48.06316174
18/02/20 11:10,12.75624967,119.2528736,2060.146417,2047.562497,12.60750036,96.99249954,51.08999863,14.5849999,399.9061478,15.18464725,1802.442421,1.202926829,9.297074631,230.3845819,49.9332798,1.007497891,13.36107159,86.34943962,60.61410513
18/02/20 11:20,12.44105854,119.2528736,2039.870526,2044.410585,12.74000025,98.22999954,51.03999939,15.06999998,399.9975342,15.16883437,1801.239212,0.898536585,8.012571363,227.3137512,49.91119995,0.999682321,11.85816288,86.83098783,59.10651188
18/02/20 11:30,12.13991911,119.2528736,2036.744525,2041.399191,12.87749977,99.25250092,51.04749928,15.46000013,400.3240646,15.15446502,1799.859793,0.892682927,7.110908605,227.3137512,49.97543488,0.99970539,12.42720795,107.3226951,52.25141087
18/02/20 11:40,12.27089608,119.2528736,2008.180231,2042.708961,12.91999989,100.1150005,51.05749912,15.70249996,399.408197,15.10000509,1790.888243,1.188292683,7.315455763,227.3137512,49.93500996,0.985017592,11.8090868,97.24100485,52.013095
18/02/20 11:50,11.27869322,119.2528736,2042.835327,2011.147729,13.09000015,101.0575001,51.02499962,15.9750001,400.0955353,15.17589936,1801.514088,0.886829268,5.288083086,227.3137512,50.0671999,1.016892255,13.24586391,105.7066502,55.3415102
18/02/20 12:00,11.42387071,119.2528736,2050.352295,2016.954828,13.09750032,101.4524994,51.04749928,16.10750008,400.2916519,15.16600451,1797.625111,0.895609756,6.872336888,227.3137512,50.0046442,1.015873904,12.49958324,89.82363682,51.96563141
18/02/20 12:10,10.56698844,119.2528736,1978.922345,1911.232631,13.09000034,101.9824997,51.05499935,16.45499988,399.9269989,15.14082004,1795.931105,1.164878049,4.118150864,227.3137512,49.93211937,1.015063438,12.69973755,100.0367669,50.82509966
18/02/20 12:20,11.13973451,119.2528736,2029.960138,2005.58938,13.13000011,102.1500008,50.96999969,16.36750021,399.5618637,15.1710109,1798.730701,0.892682927,4.915996934,227.3137512,50.01129456,1.0150357,11.38857555,109.7307085,53.96555023
18/02/20 12:30,11.67860384,119.2528736,2002.144348,2027.144154,13.22249999,102.7425003,50.99249992,16.27499986,399.2832809,15.14123306,1793.066631,0.886829268,6.226992185,227.3137512,49.92991905,0.987368506,12.62344742,103.4158155,57.89752245
18/02/20 12:40,11.74678388,119.2528736,1992.948926,2029.871355,13.2750001,102.9800007,51.00499954,16.44499969,398.8777954,15.2724499,1810.941942,1.173658537,5.936138234,232.1028781,49.92508945,0.982000355,13.12911034,89.08090038,54.99078484
18/02/20 12:50,11.5800184,119.2528736,2026.841614,2023.200736,13.41000009,102.9700008,50.97249985,16.38499994,400.0639816,15.15806235,1794.624361,0.875121951,6.210141416,233.6163488,49.91437492,1.000776168,14.04374313,116.0800116,48.24208674
18/02/20 13:00,11.16353159,119.2528736,2017.730475,2006.541264,13.3900001,103.3449997,51.05999966,16.59250002,400.2248505,15.13500582,1795.13364,0.889756098,5.527853676,236.0942688,49.93093433,1.008142707,12.63518238,108.2633348,43.51741772
18/02/20 13:10,10.62739089,119.2528736,1934.949542,1923.615131,13.5,103.6025017,50.97999973,16.80500011,400.0850677,15.1788349,1797.732439,1.147317073,3.901188797,236.0942688,49.96787949,0.989585627,12.72429657,129.2509881,55.42276564
18/02/20 13:20,12.13500004,119.2528736,2023.786084,2041.35,13.475,103.5625008,50.98749943,16.73749971,400.5150009,15.163746,1798.29554,0.895609756,8.436889509,236.0942688,50.05146484,0.993370214,13.27805233,99.28945313,56.6542639
18/02/20 13:30,14.67654047,119.2528736,2059.603784,2050,13.56500025,103.8750004,51.09999905,16.4250001,399.316333,15.17865166,1797.243382,0.898536585,12.61508542,236.0942688,49.92188969,1.005220069,13.39592075,127.811846,72.55663853
18/02/20 13:40,12.98859658,119.2528736,2045.323236,2049.885966,13.48750005,104.4950001,51.12249947,16.40499988,398.9499451,15.19105536,1799.383953,1.197073171,9.398639233,236.0942688,49.9085701,0.998621564,14.63102722,128.4960102,69.7623662
18/02/20 13:50,13.28559656,119.2528736,2060.64364,2050,13.56250014,105.1074997,51.18000031,16.48749981,399.3762146,15.17512371,1797.82564,0.901463415,10.9792695,236.0942688,49.98608913,1.005634378,14.02313042,87.13467398,63.26186781
18/02/20 14:00,12.29376502,119.2528736,2042.690759,2042.93765,13.57500024,105.489999,51.19250088,16.54500012,398.2668808,15.16766073,1797.20299,0.901463415,10.08116418,236.0942688,49.98256474,1.001826649,13.99047184,125.1664704,57.86546903
18/02/20 14:10,13.38340235,119.2528736,2062.131647,2050,13.59750032,105.9299992,51.29500198,16.49749994,397.5415009,15.20598686,1803.723261,1.202926829,10.19730019,236.0942688,49.90416431,1.006227996,14.36843204,101.7864092,58.9401844
18/02/20 14:20,11.59867373,119.2528736,2035.927173,2023.946949,13.64000039,106.3100002,51.33000183,16.59999981,397.4845001,15.16559525,1799.673615,0.892682927,5.61471204,236.0942688,49.90849991,1.005028605,12.79500675,84.04029585,44.18911251
18/02/20 14:30,11.16619004,119.2528736,2047.746874,2006.647602,13.61666706,106.4861115,51.25000127,16.83611139,397.4630737,15.21554574,1803.22801,0.898536585,5.866616289,236.0942688,49.95529429,1.023052048,11.97263527,81.73613273,52.90742201
18/02/20 14:40,11.87291105,119.2528736,2051.330875,2034.916442,13.73157923,106.7868423,51.2026323,16.7973683,396.7029339,15.16013023,1795.351488,1.194146341,6.636915496,236.0942688,49.89217357,1.00918431,12.25620842,85.75790062,45.56729584
18/02/20 14:50,12.66998978,119.2528736,2061.239056,2046.699898,13.82250009,106.9999996,51.2950016,16.86499972,397.8507141,15.17211534,1799.700583,0.901463415,8.437376504,236.0942688,49.89125996,1.008642394,12.8377552,113.4973927,63.92921753
18/02/20 15:00,11.83048224,119.2528736,2016.388629,2033.21929,13.90499969,107.1299999,51.23500118,17.11750002,401.6386826,15.150914,1794.480183,0.88097561,5.951601,235.1077551,49.94098015,0.99251683,12.83330154,92.58947983,56.16858978
18/02/20 15:10,11.40664461,119.2528736,2031.726666,2016.265784,13.89749966,106.8725002,51.21250095,17.26499977,401.8420502,15.1374258,1795.671501,1.185365854,5.621752588,228.2001563,49.97243443,1.007202981,12.61732578,97.52439823,46.5534049
18/02/20 15:20,11.11680638,119.2528736,1972.202326,2004.672255,13.87727252,106.8045453,51.1909093,17.14090902,401.264518,15.15228177,1796.146587,0.875121951,5.159536482,223.5247923,49.91913639,0.986888836,12.46842384,105.6048678,61.69440235
18/02/20 15:30,11.01264931,119.2528736,2003.72592,2000.505973,13.86999989,106.5733332,51.14333344,17,402.1097351,15.21295518,1800.981987,0.883902439,5.945826384,229.5088806,49.96810074,1.006063182,12.84864902,130.4383464,49.47542076
18/02/20 15:40,11.38082423,119.2528736,1994.520154,2015.232969,13.87499986,106.5174988,51.14249992,17.26999989,401.96017,15.14586863,1800.331118,1.182439024,6.063655436,229.5088806,49.94999962,0.989579631,13.49591732,96.13869972,61.11726332
18/02/20 15:50,11.5419467,119.2528736,2027.140948,2021.677868,13.90999975,106.5200005,51.17750053,16.96250019,402.985437,15.15336871,1795.212873,0.898536585,6.748329406,229.5088806,49.97662506,1.001399102,13.95928097,100.8818359,44.19383554
18/02/20 16:00,11.51074305,119.2528736,2009.964386,2020.429722,13.90999966,106.6324993,51.20750084,17.26500006,403.3950348,15.12533672,1792.482542,0.886829268,6.818313991,229.5088806,49.95448952,0.993300407,12.91835022,104.7344633,56.18063216
18/02/20 16:10,10.64745691,119.2528736,1995.079303,1927.728666,13.84749999,106.4275005,51.18000088,17.15499964,403.2266129,15.16617523,1797.821949,1.176585366,4.151649135,229.5088806,49.9870697,1.019340494,13.14570332,94.42585211,53.98648944
18/02/20 16:20,11.95557489,119.2528736,2034.293494,2038.222996,13.81000013,106.4100002,51.21250095,16.90749989,402.5628372,15.17107071,1799.08754,0.901463415,8.606118646,230.1345453,50.05037994,0.999776279,12.90036774,98.37418499,62.36610613
18/02/20 16:30,11.08852034,119.2528736,1879.502591,2003.540813,13.53500013,105.8975002,51.10750065,16.82249966,401.4043839,15.12452723,1793.72426,0.825365854,3.690698632,249.2068929,49.95120468,0.941365899,14.14448261,108.872053,51.79142213
18/02/20 16:40,11.00678484,119.2528736,1823.394123,2000.271394,13.44210544,105.2763146,50.96052672,16.12368423,400.9987921,14.83989443,1759.23317,1.106341463,5.478243253,259.1515888,49.9768209,0.915694099,15.13604355,111.1245398,73.9974569
18/02/20 16:50,9.643856788,119.2528736,1827.072791,1645.419851,12.67249994,104.2200001,50.60500011,16.09250002,401.4029327,15.10211241,1791.773357,0.784390244,3.333585435,245.9723511,50.00389957,1.049736171,13.29464912,117.8379919,52.8199084
18/02/20 17:00,10.66332793,119.2528736,1869.568213,1930.982226,12.35999975,103.0250004,50.66750011,15.78499999,401.0844711,15.15062459,1794.820147,0.828292683,2.078704749,240.0996896,50.08447514,0.954475695,16.83800697,123.9677534,56.46391363
18/02/20 17:10,10.95225308,119.2528736,1953.434924,1990.211881,12.07250028,101.9950001,50.38750019,15.55750008,399.7327179,15.23072791,1803.940893,1.123902439,3.919822177,248.7418717,49.95895462,0.983464638,15.94036102,148.7535551,69.76725144
18/02/20 17:20,9.955186963,119.2528736,1796.439948,1776.178524,11.94249997,101.7574997,50.41000023,15.14500008,399.0602829,15.09302884,1791.9396,0.804878049,1.679465254,249.2650452,49.89152985,0.988024121,17.09076118,130.6560803,47.60280366
18/02/20 17:30,9.18642118,119.2528736,1751.908594,1453.296896,11.78499999,100.7275009,49.89499969,15.11749997,398.4140121,15.15915991,1797.391628,0.781463415,0.945318261,249.2650452,49.98438454,1.105899499,16.30859756,110.806576,56.37603402
18/02/20 17:40,8.426769233,119.2528736,1516.583505,1148.000616,11.57499995,98.88499985,49.11499977,15.08000021,398.1737991,15.02001151,1781.499767,0.898536585,0.480947494,249.2650452,49.95281944,1.179728842,17.18217659,130.4317671,72.35402365
18/02/20 17:50,7.408226347,119.2528736,1141.772476,781.3475999,11.38999996,95.38750076,47.86750011,15.02500005,398.25923,14.4475181,1714.396248,0.506341463,0,249.2650452,49.97570972,1.219643288,17.15457726,120.6928637,53.06128817
18/02/20 18:00,7.218833256,119.2528736,961.7561188,718.0903074,11.01750016,90.82999802,47.02999954,14.74749994,398.6250641,13.84829351,1642.950296,0.43902439,0,249.2650452,49.95709419,1.121054423,15.1853714,134.6192886,48.42171717
18/02/20 18:10,7.581692934,119.2528736,1315.15968,839.28544,11.37749996,87.05750046,47.3375,14.71749997,399.5134476,14.92577049,1767.919035,0.763902439,0.209357762,249.2650452,50.03150997,1.318765327,14.29301357,105.8836694,55.55204082
18/02/20 18:20,8.112636209,119.2528736,1283.270883,1023.603939,12.88500004,84.56249886,48.13750038,14.45499992,399.6168503,14.62139574,1733.381344,0.556097561,0.405455985,249.2650452,50.00239944,1.105529779,15.85085201,122.0821267,51.22881536
18/02/20 18:30,7.612135553,119.2528736,1182.999164,849.4532748,13.61000032,82.46249924,48.26250038,14.26250005,399.4836609,14.49107516,1719.62649,0.553170732,0.027499639,249.2650452,49.9775301,1.176048986,16.16368103,101.4588669,55.26940632
18/02/20 18:40,6.800815482,119.2528736,917.3615691,594.4071324,13.81052645,79.77105271,47.57105295,13.83157891,399.0726302,13.62277941,1614.717395,0.556097561,0.0068421,249.2650452,49.99209956,1.314484464,14.0066328,105.808905,47.59252508
18/02/20 18:50,7.544998253,119.2528736,1066.18527,827.0294165,16.91176499,76.74117683,49.80294149,14.07352936,399.7720534,13.94090789,1653.607736,0.44195122,0.036469997,249.2650452,50.03003536,1.08039593,13.40278053,132.9483158,46.40431715
18/02/20 19:00,8.837008794,119.2528736,1461.843411,1310.455482,16.59166675,74.74444453,51.21111107,13.58055581,399.6485036,15.00258262,1779.755446,0.579512195,0.310841579,249.2650452,49.88046137,1.009545334,13.89976597,132.9186984,53.72610643
18/02/20 19:10,7.474531651,119.2528736,1114.584128,803.4935713,12.63499999,75.05499916,49.44000015,13.38249998,399.9049484,14.19477957,1684.370602,0.746341463,0.046998877,249.2650452,49.91339474,1.156750582,15.75575924,136.510507,54.52551832
18/02/20 19:20,6.489289832,119.2528736,697.3027542,515.2796174,11.4400001,72.35750122,46.70999966,13.0624999,401.6250015,12.65273984,1502.124332,0.301463415,0,249.2650452,50.01356449,1.181831473,13.40016747,140.3766294,44.84821887
18/02/20 19:30,7.723894056,119.2528736,1175.573055,886.7806146,12.38666668,69.84333394,46.69000015,12.84333318,402.8114034,14.22437954,1688.378014,0.459512195,0.189320894,249.2650452,50.04058736,1.13292688,10.94560051,150.8694448,45.84911846
18/02/20 19:40,8.129843736,119.2528736,1158.899429,1030.418119,13.60750022,69.78749962,47.98250065,12.75500011,403.0057526,14.49848954,1721.036968,0.766829268,0.026999659,249.2650452,50.04683456,0.992540901,13.70256996,126.3748425,57.85034161
18/02/20 19:50,7.758129525,119.2528736,1261.138333,898.2152614,13.90749989,68.88999901,47.78750057,12.83000011,402.5419449,14.57192861,1728.698181,0.523902439,0.021499828,253.5272768,49.98121452,1.204107817,14.14901829,120.9711484,61.94599819
18/02/20 20:00,8.020937371,119.2528736,1276.643869,987.291199,13.90500007,69.07749863,48.38499985,12.46500006,399.6637817,14.65090008,1737.807135,0.635121951,0.101997961,258.0455627,50.03231926,1.135445048,14.28284836,113.9970444,42.89716578
18/02/20 20:10,8.303495836,119.2528736,1242.551611,1099.184351,11.82749991,68.34750099,46.74749966,12.25499997,398.4373489,14.65728767,1740.154638,0.696585366,0.039999722,258.0455627,50.03832474,1.004832055,12.25921154,136.0072334,49.99953544
18/02/20 20:20,6.256868768,119.2528736,782.0076126,456.244667,11.1750001,67.68499985,46.35250015,12.03500004,399.7927338,13.13318816,1556.970234,0.386341463,0,258.0455627,50.03544426,1.474611175,12.96941471,148.8883068,45.70802636
18/02/20 20:30,5.682173741,119.2528736,597.1056976,331.8843158,14.60500011,64.7800005,48.29750023,12.37749996,400.3644852,11.80424774,1400.716455,0.207804878,0.023499775,258.0455627,49.93544445,1.559547459,11.716259,126.4858494,41.89011741
18/02/20 20:40,7.835572195,119.2528736,1137.444989,924.0811131,17.53499994,62.75249977,51.38249969,12.08499994,401.0658524,14.10958868,1674.00448,0.602926829,0.187935454,258.0455627,49.90315933,1.063676504,9.742036819,92.85075512,44.47138901
18/02/20 20:50,9.976608157,119.2528736,1804.169275,1785.175426,15.22000003,64.31499977,51.48750076,11.30249991,401.8834702,15.11354792,1793.533699,0.828292683,1.575470874,290.8792978,49.91606922,0.989365798,11.04788208,77.83681307,45.20077088
18/02/20 21:00,7.976647329,119.2528736,1024.59675,971.200208,11.11500006,65.7775013,49.10250092,10.40749998,404.2334335,14.20598768,1684.882736,0.512195122,0.037499084,296.4603271,50.01728992,0.923551662,9.880414963,69.97508831,27.33970613
18/02/20 21:10,8.453202319,119.2528736,1092.462778,1158.468118,9.8974998,64.10500069,48.63750057,9.935000134,405.017334,14.65671869,1739.241983,0.629268293,0,290.3265018,50.08759956,0.842927669,7.658722401,53.36786232,32.23229957
18/02/20 21:20,8.581279463,119.2528736,1360.741391,1209.186667,11.2722222,63.45277829,48.30000051,9.988889005,405.2401852,15.12356151,1793.470173,0.608780488,0,279.9968567,49.93627718,1.010356247,7.868241787,51.25604937,34.46377659
18/02/20 21:30,8.075771046,119.2528736,1038.847989,1009.005334,12.20249991,63.26499958,48.30000033,9.997500086,404.0995468,14.46264459,1719.068789,0.488780488,0,279.9968567,50.01746464,0.906393745,8.667937279,73.80697165,27.40291114
18/02/20 21:40,8.283633876,119.2528736,1290.148129,1091.319015,12.51500001,62.0449995,47.98157943,10.15249991,400.3098328,14.92234991,1768.300101,0.708292683,0,269.9983038,50.08704967,1.050020915,8.13162899,76.17653353,30.47993121
18/02/20 21:50,9.129341364,119.2528736,1407.110959,1429.323373,12.91250019,62.35749969,48.34999981,10.19749985,399.971933,14.87869164,1765.710554,0.594146341,0.025499747,263.5333862,50.0290453,0.90071092,9.764045715,75.60983076,45.80367761
18/02/20 22:00,8.991384912,119.2528736,1669.738013,1371.588425,11.42000008,64.10999947,48.18000069,9.967499971,400.8085342,15.12671037,1795.501213,0.752195122,0.366112406,263.5333862,50.01039009,1.106424384,11.60107327,101.5123353,45.35637283
18/02/20 22:10,9.174633956,119.2528736,1493.387054,1448.346262,10.11499987,65.95750122,48.075,9.945000029,401.8960663,15.08714267,1790.210644,0.895609756,0.022631399,263.5333862,50.08315506,0.94540882,12.13615322,73.92973623,48.16773763
18/02/20 22:20,8.205745602,119.2528736,1213.032803,1060.475258,9.57750001,66.31999969,47.85750046,10.15499988,401.6285309,14.72298843,1747.075069,0.544390244,0,263.5333862,50.03356037,1.012756276,11.70743561,93.77222433,47.10374351
18/02/20 22:30,8.205559993,119.2528736,1058.374252,1060.401757,9.667500067,65.25749969,47.22749996,9.922500134,402.4323364,14.28239621,1694.209894,0.471219512,0.024499745,263.5333862,49.99016991,0.883686853,12.19175816,107.9989989,50.87662892
18/02/20 22:40,8.809212446,119.2528736,1271.165047,1299.448129,11.29499989,64.36749992,46.95250015,10.00750008,403.9961014,14.66881174,1740.806894,0.722926829,0.073496915,263.5333862,50.07736988,0.884584931,12.44306755,117.2111155,49.1172739
18/02/20 22:50,8.574545383,119.2528736,1410.636011,1206.519972,11.98750005,64.37750092,47.60750065,9.954999924,402.7304825,14.92897797,1772.264151,0.626341463,0.045999114,263.5333862,50.09008484,1.04948038,13.79846764,92.88934689,47.57703943
18/02/20 23:00,8.636005783,119.2528736,1495.873334,1230.85829,12.46499991,65.59500008,48.35250092,9.899999952,400.0127884,15.08717322,1790.061161,0.690731707,0.032499887,263.5333862,49.98655968,1.093109866,13.72762299,99.40205755,57.60803757
18/02/20 23:10,8.275002432,119.2528736,1314.319873,1087.900963,11.88000016,65.87249985,48.03999996,10.08249998,400.4589371,14.93950269,1771.743788,0.790243902,0.046498255,263.5333862,50.05097504,1.07268654,13.51818466,92.81693306,43.61795335
18/02/20 23:20,8.968998408,119.2528736,1475.557434,1362.72337,9.957499933,66.16500015,47.85500069,9.867499971,401.6640518,15.07940117,1788.863245,0.643902439,0.015499935,263.5333862,50.03390446,0.983529016,12.5888052,110.0622946,48.38309669
18/02/20 23:30,8.369949555,119.2528736,1273.060651,1125.500024,9.27750001,66.325,47.98500042,9.617500162,401.6976501,14.92001282,1770.952869,0.594146341,0,263.5333862,50.04449501,1.007990286,12.15453243,99.20106983,43.66589313
18/02/20 23:40,7.856380773,119.2528736,985.3425537,931.031178,10.24249997,65.18999977,47.9925005,9.635000086,401.6053162,14.07112929,1671.203424,0.585365854,0,263.5333862,50.05086498,0.916375444,11.48364353,90.08062019,53.00849359
18/02/20 23:50,9.02863977,119.2528736,1544.403534,1387.028703,13.80249996,64.40499954,50.81999989,9.842500067,400.2054352,15.08377039,1787.893576,0.655609756,0.136488287,263.5333862,50.09558029,1.013693379,11.11024761,71.33370214,37.48356056
19/02/20 0:00,9.689056468,119.2528736,1793.997961,1664.403717,12.17750015,66.06500053,49.84249897,9.602500057,398.7143829,15.16168651,1798.950989,0.76097561,0.323488331,263.5333862,50.01053486,1.02409507,10.18496132,69.24385662,41.96531067
19/02/20 0:10,10.01592357,119.2528736,1952.572162,1798.264332,9.782499981,69.17999992,49.00749989,9.66500001,398.0121994,15.14560367,1796.249548,1.150243902,1.94038164,263.5333862,50.03423481,1.065219529,10.85516167,88.62786808,42.93457718
19/02/20 0:20,10.59598308,119.2528736,2038.083759,1917.176531,9.285000134,72.91000061,49.04999924,9.542500019,402.9472534,15.17934555,1801.764656,0.895609756,3.643913766,263.5333862,50.0149498,1.043929628,11.26135635,82.9708396,43.99464245
19/02/20 0:30,10.91924906,119.2528736,2050.038025,1983.446057,9.079999971,76.41999893,49.09749851,9.745000029,401.4754822,15.12559949,1794.393557,0.898536585,4.992600019,263.5333862,49.97132473,1.033737127,11.53713322,86.42491465,57.14226427
19/02/20 0:40,11.81104722,119.2528736,2067.574829,2032.441889,9.044999981,79.69250069,49.31749954,9.680000067,401.4494202,15.2076509,1806.215887,1.202926829,7.624538576,263.5333862,49.92045898,1.017957748,11.76710129,72.06987348,58.28835845
19/02/20 0:50,11.9121758,119.2528736,2055.297656,2036.487032,9.207499838,82.87500114,49.41250095,9.89749999,401.3152023,15.15955389,1797.903219,0.901463415,8.360086386,263.5333862,49.9293848,1.010643082,11.46277428,108.8730625,62.65087624
19/02/20 1:00,11.77516599,119.2528736,2055.829584,2031.006639,9.229999924,85.50750008,49.53749962,9.982500076,401.3964859,15.14494653,1796.880592,0.904390244,7.244533076,263.5333862,49.91796455,1.012626566,11.75767231,96.87559934,62.5313365
19/02/20 1:10,11.14908986,119.2528736,2049.447443,2005.963594,9.139999914,87.85750046,49.67000046,10.13999991,402.6160324,15.15247075,1799.323792,1.2,6.04798768,263.5333862,49.98453503,1.024469148,12.25044918,87.39954147,59.14122877
19/02/20 1:20,10.91939754,119.2528736,2061.064111,1983.476497,9.179999828,89.80499954,49.68250046,10.26500006,403.5381653,15.19804332,1804.072495,0.898536585,5.55948313,263.5333862,49.99225006,1.039289643,12.87202549,124.0166475,62.99374313
19/02/20 1:30,10.35400236,119.2528736,1974.945331,1867.570483,9.144999886,91.19000015,49.72750034,10.30250001,403.3190155,15.17360084,1797.638334,0.886829268,2.716819544,263.5333862,49.99848537,1.034030024,14.23725796,127.6431089,53.14922023
19/02/20 1:40,9.646548343,119.2528736,1761.855252,1646.550304,8.967499876,91.75249939,49.64750042,10.22250004,403.5737808,15.09557869,1790.448092,1.047804878,0.718838763,263.5333862,50.05265522,1.011875167,14.03693104,119.8487723,54.74023199
19/02/20 1:50,8.370524931,119.2528736,1332.859598,1125.727873,8.914999676,89.79249916,49.11999989,10.3724999,403.8613495,14.87004116,1762.939796,0.605853659,0.104998806,263.5333862,50.00989437,1.05514728,14.87030792,112.5773817,52.51967845
19/02/20 2:00,8.097359157,119.2528736,1158.737241,1017.554226,8.685000181,86.13499947,48.6,10.1525001,404.630899,14.53021856,1721.568489,0.509268293,0.022999789,263.5333862,49.92510471,1.00349013,14.59799862,123.8859122,51.7172401
19/02/20 2:10,7.863527393,119.2528736,1145.174823,933.4181494,8.599999905,82.27250137,48.23250008,10.36750016,404.1569962,14.42546801,1712.338623,0.661463415,0.006499995,263.5333862,49.91828957,1.063014469,13.65947437,111.597784,50.20380559
19/02/20 2:20,7.488063645,119.2528736,963.8166199,808.0132576,10.11250005,78.96749992,47.05749969,10.31250005,404.7054321,13.95071259,1654.394405,0.444878049,0,263.5333862,49.91709023,0.994508776,14.37849712,144.1796611,47.16128063
19/02/20 2:30,7.217849422,119.2528736,861.4331207,717.7617068,10.67999988,75.37999954,46.34749928,10.21999993,400.591008,13.40847668,1588.764833,0.406829268,0,263.5333862,49.91026478,1.004590634,13.98473072,121.9264364,38.4869873
19/02/20 2:40,6.989103794,119.2528736,654.4311996,642.2323637,12.91499996,71.29750099,47.56000023,10.02000003,400.7738663,12.42516848,1475.080027,0.395121951,0,263.5333862,49.90200939,0.856941543,11.53502178,110.8640009,34.2041501
19/02/20 2:50,7.040558887,119.2528736,715.1227951,658.5466681,15.43500009,67.85500107,50.37749977,9.984999943,400.8192047,12.77069856,1515.243834,0.327804878,0,263.5333862,49.99302444,0.91185878,9.27462101,124.9851027,41.43722816
19/02/20 3:00,5.676178002,119.2528736,506.6018509,330.7691084,16.33000011,64.51749973,51.20750027,9.794999886,399.8886841,11.60279636,1376.15526,0.242926829,0,263.5333862,49.9409996,1.328497564,9.725772858,126.7278135,45.35940423
19/02/20 3:10,5.999443913,119.2528736,548.0147308,390.8965677,16.91750031,61.42249966,51.92250004,9.792499971,399.9056198,11.82061891,1403.091002,0.313170732,0,263.5333862,49.89638958,1.180589224,9.563093185,133.3054411,52.88693237
19/02/20 3:20,6.241072106,119.2528736,552.6740761,452.232315,17.53000021,58.71500053,52.775,9.52750001,401.4234985,11.67822745,1387.41168,0.237073171,0,263.5333862,49.91228962,1.050198845,9.352336884,113.5517855,48.97435822
19/02/20 3:30,6.072468925,119.2528736,546.5528183,409.4071068,17.99499998,56.10999966,53.45499935,9.199999905,402.2496185,11.76134965,1396.470743,0.24,0,263.5333862,49.90904999,1.131706288,8.281101227,89.49820108,33.79145532
19/02/20 3:40,6.802030706,119.2528736,618.1119858,594.7157994,18.47250023,53.88999958,54.20499992,8.7875,402.1791519,12.21566208,1450.375208,0.351219512,0,263.5333862,49.90277538,0.885152097,7.554113865,91.2964016,38.7365057
19/02/20 3:50,7.187889552,119.2528736,749.9593185,707.7551104,18.92249994,52.12250004,55.13250065,8.619999981,402.5839005,12.88110794,1528.172836,0.307317073,0,263.5333862,49.92012978,0.88740143,8.04074192,88.59084826,33.3694653
19/02/20 4:00,7.93833437,119.2528736,1001.882632,958.4036795,13.8500001,51.26000023,52.5800005,8.52750001,402.2121689,14.23535617,1688.602198,0.421463415,0,263.5333862,49.87926521,0.912020636,8.189626694,77.52756834,41.61882272
19/02/20 4:10,8.550748253,119.2528736,1249.670557,1197.096308,10.09999995,51.15749969,50.19249916,7.950000048,402.4238571,14.91249414,1768.595598,0.693658537,0,263.5333862,49.95684967,0.936287473,9.506219864,55.90243282,41.25215368
19/02/20 4:20,9.648515987,119.2528736,1628.292584,1647.376715,9.094999838,52.88749981,50.20499821,8.045000029,402.9401535,15.13734108,1794.602526,0.717073171,0,263.5333862,50.0706356,0.934903264,9.639593124,60.49936576,40.58909655
19/02/20 4:30,9.162048507,119.2528736,1594.877405,1443.060373,8.675000191,55.88750019,50.08499889,8.032500005,401.7738861,15.12018554,1793.702963,0.737560976,0,263.5333862,49.9685091,1.012758134,8.727377892,58.86221466,48.92173128
19/02/20 4:40,8.56912508,119.2528736,1266.483264,1204.373532,8.382499838,57.29500084,49.65249996,7.947500038,401.8197144,14.93797436,1772.268969,0.752195122,0,263.5333862,50.00045013,0.943740541,8.786802292,64.09332666,33.29034376
19/02/20 4:50,10.144209,119.2528736,1926.809924,1824.562846,10.00999994,58.92000008,49.8899992,7.910000014,400.2119858,15.16545457,1799.437952,0.825365854,0.930944471,263.5333862,49.92791977,1.034688082,9.912129402,59.67425194,38.36904871
19/02/20 5:00,9.464580083,119.2528736,1647.07406,1570.123635,9,62.82249947,49.86999989,7.967499971,400.0201523,15.15755296,1798.257946,0.772682927,0.137988066,263.5333862,49.96447487,0.974026857,9.739330292,72.44035769,39.45911787
19/02/20 5:10,8.482623887,119.2528736,1358.213126,1170.119059,8.075000048,63.64499969,49.62750015,8.000000048,400.0177658,15.02085789,1780.067225,0.813658537,0,263.5333862,49.92567902,1.038612444,9.717627525,69.89467807,38.2402791
19/02/20 5:20,7.418008828,119.2528736,1054.211081,784.6149486,8.142500019,63.29999981,48.87249985,8.124999976,399.6057007,14.34701818,1703.940256,0.485853659,0,263.5333862,49.91276512,1.12126911,11.06643581,74.17956383,31.45967035
19/02/20 5:30,6.380940533,119.2528736,574.307785,487.7588953,10.2875,61.09000015,47.12999954,8.149999881,399.655899,11.79980032,1400.864983,0.292682927,0,263.5333862,49.90056553,1.021561869,9.956223488,114.3188066,38.3305697
19/02/20 5:40,7.384540653,119.2528736,923.5007004,773.4365782,13.79250002,58.47999954,50.25250034,8.242500067,400.8956512,13.63827512,1619.362101,0.456585366,0,263.5333862,50.01410446,0.996906068,7.875434875,114.0501449,41.48486099
19/02/20 5:50,7.658745909,119.2528736,964.6884521,865.0211335,15.58500013,57.04750004,52.55250015,8.107500052,399.7154327,13.78391406,1635.273508,0.40097561,0.072993247,263.5333862,49.91502972,0.946567075,10.24955654,125.4277485,38.73619552
19/02/20 6:00,8.304256964,119.2528736,1229.299707,1099.485758,13.2650001,56.33999977,50.89500027,8.139999914,401.4909821,14.49010371,1718.476627,0.52097561,0.056499317,263.5333862,49.91844959,0.993872488,11.4361372,106.2437973,40.16663201
19/02/20 6:10,7.452201009,119.2528736,936.7163101,796.0351369,12.40749993,56.40499992,49.60749969,8.147499895,401.4478516,13.70628941,1627.251297,0.605853659,0,263.5333862,49.96026993,0.981552274,12.41546059,114.5194297,44.98987293
19/02/20 6:20,7.890053225,119.2528736,1026.794922,942.277777,15.65750017,55.51249962,52.36499939,8.037500024,401.5132797,14.21222046,1683.7586,0.465365854,0,263.5333862,50.08651009,0.946510297,11.90826702,99.78098955,43.03239231
19/02/20 6:30,6.241109145,119.2528736,564.5526878,452.2417228,14.64000001,54.29499989,50.65249996,8.032500029,400.4408829,11.79779108,1400.664654,0.301463415,0,263.5333862,50.02534485,1.072751351,11.80495548,119.1853519,42.56811068
19/02/20 6:40,4.529683888,119.2528736,228.4607342,152.7949116,16.59750013,52.05499973,51.19500084,8.132500005,399.2673767,9.729995549,1156.104876,0.143414634,0.1964986,263.5333862,50.02852955,1.319074735,8.417717934,137.8782969,52.51324964
19/02/20 6:50,4.53348906,119.2528736,216.5175911,153.2172857,17.42999983,49.67249985,51.1625,8.242499971,398.2321976,9.653775796,1147.528868,0.090731707,0.219998829,263.5333862,49.99918537,1.245850822,7.059262276,157.3881628,43.60953426
19/02/20 7:00,4.955229115,119.2528736,372.2880272,200.0304318,17.93000002,47.7699995,51.72250061,8.257499957,397.5700165,10.50183262,1246.940214,0.16097561,0,263.5333862,50.06833954,1.554177535,7.164328575,184.3518009,55.50974274
19/02/20 7:10,4.694128074,119.2528736,258.3321457,171.0482162,12.80263163,46.12631627,52.38684223,8.081579008,400.5437445,9.841458029,1170.057046,0.163902439,0.051578504,263.5333862,49.97559437,1.299231567,8.493039131,124.7410262,48.48688939
19/02/20 7:20,6.076459777,119.2528736,433.1483877,410.4207834,10.93249998,44.73000011,52.7524992,7.640000057,400.732016,10.90878287,1296.543726,0.178536585,0,250.6203679,50.07666492,0.894988334,8.106230736,108.1730678,40.25097456
19/02/20 7:30,6.463228047,119.2528736,566.8847549,508.6599239,15.45500007,43.68000031,53.66500015,8.224999976,400.2942551,11.92420645,1415.427441,0.228292683,0,233.8991394,50.02801952,0.971817952,7.567851067,112.5070164,37.6459877
19/02/20 7:40,6.241276217,119.2528736,540.1077972,452.284159,17.33249998,42.96250057,54.5875,7.762500095,400.9611359,11.72247635,1390.765251,0.327804878,0,233.8991394,49.94547462,1.026217986,7.831407547,91.37372751,29.0992563
19/02/20 7:50,6.843109655,119.2528736,613.5737198,605.1498525,18.26500025,42.17249966,55.19250011,7.664999986,400.090799,12.18837999,1448.062717,0.272195122,0,233.8991394,49.95491467,0.860955223,7.038453579,95.94731131,35.74135585
19/02/20 8:00,5.709776223,119.2528736,519.0945587,337.0183774,19.14249992,41.62750034,55.82250061,8.15,398.9790802,11.58962908,1375.307087,0.231219512,0,241.8063094,49.95420952,1.331197217,8.226082802,124.0711813,34.91551015
19/02/20 8:10,5.45899682,119.2528736,459.1232254,290.3734086,19.74500036,41.17999992,56.33499928,8.849999857,398.3682098,11.2190237,1332.452242,0.28097561,0,243.7772217,49.91292953,1.396244204,8.517877579,137.3083132,30.35772796
19/02/20 8:20,5.454263437,119.2528736,393.7392563,289.4929992,20.04500027,40.62250061,56.64750023,9.06750021,398.7309967,10.67082381,1267.612432,0.178536585,0,243.7772217,49.92080975,1.200503182,9.099758148,149.9867067,33.62900294
19/02/20 8:30,5.859241557,119.2528736,468.0919518,364.8189296,20.29749994,40.18749981,56.7699995,9.217499781,398.5610764,11.16796575,1327.817013,0.175609756,0.024499745,243.7772217,49.92448463,1.093025113,9.065646172,158.2682334,43.40902157
19/02/20 8:40,6.784489334,119.2528736,604.9512909,590.2602907,20.83749971,39.975,57.57250004,8.772500181,399.3618835,12.1445286,1441.555487,0.345365854,0,243.5146693,49.95685978,0.873977266,8.821462631,93.86683979,29.07582328
19/02/20 8:50,6.482106161,119.2528736,558.8556381,513.4549649,21.09250002,39.57999973,57.94999981,8.47750001,398.508046,11.77689081,1399.885054,0.24,0,234.9967041,50.00584526,0.950154511,8.272951126,97.03827246,27.13855156
19/02/20 9:00,6.830964942,119.2528736,640.5705261,602.0650952,19.71842103,39.48157943,57.16052688,8.378947233,397.7079998,12.36930192,1468.187708,0.275121951,0,234.9967041,49.98161557,0.904221176,7.678803921,81.36094031,26.01134764
19/02/20 9:10,6.824966255,119.2528736,697.7046477,600.5414288,17.12368438,39.52368445,54.52105271,8.044736937,397.925876,12.66750568,1504.062104,0.418536585,0,234.9967041,49.99206804,0.987793798,7.041699409,84.13530982,26.61780312
19/02/20 9:20,5.631219673,119.2528736,378.3184929,322.4068592,19.9249999,39.30249977,56.36750031,8.197499967,397.8222504,10.52562726,1250.602386,0.169756098,0.024499745,234.9967041,49.9402647,1.023003309,7.45011282,85.61069062,28.15140433
19/02/20 9:30,5.662441802,119.2528736,418.331926,328.2141752,20.85750027,38.78249931,56.65250053,8.212500024,397.9203171,10.84541845,1288.688095,0.172682927,0,234.9967041,49.97543468,1.107243538,6.161884785,82.59373124,31.58507359
19/02/20 9:40,6.350033927,119.2528736,510.9853821,479.9086174,21.7749999,38.42749996,57.38249969,8.497500062,397.3517487,11.42704627,1358.495213,0.275121951,0,234.9967041,49.94525471,0.921945711,6.668190956,127.0055393,33.51895113
19/02/20 9:50,5.612174511,119.2528736,497.6763382,318.864459,22.26750031,38.28249989,58.05249958,8.735000229,396.2884338,11.41436327,1354.808361,0.219512195,0,235.3253538,49.96068039,1.363757137,7.680091381,118.7141905,48.00865397
19/02/20 10:00,7.369783521,119.2528736,926.9873505,768.5076959,20.36000013,38.56499996,57.32999992,9.170000029,397.2647308,13.26593193,1577.462791,0.333658537,0.137986217,241.5820923,49.93659477,1.007299589,9.326702118,128.380825,59.06671171
19/02/20 10:10,8.379954815,119.2528736,1104.421942,1129.462107,13.40750012,40.28749962,54.25749989,8.722499943,401.4692703,14.44839509,1714.25532,0.661463415,0,241.5820923,50.03076992,0.871721987,12.875144,120.9717908,49.16695375
19/02/20 10:20,8.473583984,119.2528736,1116.096707,1166.539258,10.71750007,41.85750046,52.49999905,8.532499933,401.3845169,14.40930954,1708.581682,0.488780488,0.065495118,241.5820923,49.958255,0.855817972,13.43333149,98.57907372,46.96399939
19/02/20 10:30,8.195684719,119.2528736,1016.835449,1056.491149,10.25749993,42.92749958,50.56250019,8.61500001,401.0858978,14.25198314,1691.843679,0.44195122,0,238.0696336,49.92849522,0.851793519,10.49474716,96.73130751,40.46220517
19/02/20 10:40,8.404123116,119.2528736,1085.635678,1139.032754,11.82999997,44.1,50.43749981,8.742499924,401.9407394,14.51877956,1721.931141,0.635121951,0,234.9967041,49.99722023,0.850450727,8.964553833,80.36632996,38.59338913
19/02/20 10:50,8.257448813,119.2528736,1137.599687,1080.94973,12.46470586,44.98235254,49.90277757,8.744117709,403.1536488,14.61147482,1733.019295,0.491707317,0,234.9967041,50.00434135,0.933768814,10.32410622,115.0529545,38.45371106
19/02/20 11:00,8.029622608,119.2528736,1076.442972,990.7305527,12.82777776,45.87777752,49.47941163,8.786111143,402.5687985,14.4899443,1718.274502,0.471219512,0,234.9967041,49.92251587,0.954458486,11.92122364,96.77271949,48.41363578
19/02/20 11:10,9.010355902,119.2528736,1521.159061,1379.349479,13.06999989,47.37749939,49.71499958,8.932499886,401.9399185,15.02303378,1781.264574,0.845853659,0.470921658,234.9967041,49.95302944,1.0030604,10.72906971,126.2045044,45.48666
19/02/20 11:20,9.504378104,119.2528736,1662.070117,1586.838804,11.74499998,51.13499985,49.76000004,9.202500248,401.4262848,15.10508904,1792.467098,0.76097561,0.63867933,234.9967041,50.06270981,0.974425255,12.15088844,87.15746384,47.61223617
19/02/20 11:30,8.984925079,119.2528736,1454.502618,1369.030331,10.3999999,54.13999958,48.66250114,9.270000029,401.3339676,14.94506174,1771.300335,0.684878049,0.266399475,234.9967041,50.07364483,0.965438028,11.5228672,80.1175149,41.88192415
19/02/20 11:40,7.798038983,119.2528736,904.6957993,911.5450204,9.914999771,54.92999992,47.81500034,9.457500124,401.0591354,13.79913412,1638.060751,0.579512195,0,229.2238268,49.93563499,0.854538501,10.78011513,52.91685395,44.3388298
19/02/20 11:50,6.31424125,119.2528736,624.8407915,470.8172776,11.08055565,53.76111137,46.98333316,9.888888836,402.2288513,12.25238154,1455.713647,0.298536585,0,215.2405396,50.01839977,1.14638687,8.00036335,90.72548326,37.82907947
19/02/20 12:00,7.001323517,119.2528736,711.084799,645.4420545,15.97692306,51.96923065,50.30769231,10.35000001,402.5179584,12.68252884,1505.008524,0.286829268,0,215.2405396,50.07751524,0.925847273,6.888230324,66.25486506,26.77642727
19/02/20 12:10,5.563829987,119.2528736,477.0521023,309.8723775,17.47894759,50.52631579,51.17368397,10.60789475,401.9800351,11.19181733,1329.066112,0.289756098,0,215.2405396,50.01363654,1.353187182,7.32740593,127.6105155,41.89130617
19/02/20 12:20,6.545292902,119.2528736,591.6395935,529.5043971,18.67750025,49.12499962,52.48749981,10.38749995,402.3432205,12.08126691,1433.585741,0.245853659,0,215.2405396,50.02380924,0.972136646,6.891370296,99.9584312,42.1549881
19/02/20 12:30,7.089916754,119.2528736,688.8110458,675.0321958,19.81499977,48.10999908,53.86750011,10.5224998,402.0177338,12.57382818,1493.132446,0.304390244,0,215.2405396,50.05202026,0.856048718,7.248299599,85.24124041,33.78702381
19/02/20 12:40,5.747847891,119.2528736,489.1724075,344.0997077,20.09250031,47.03749924,54.45750008,10.74750004,400.9215332,11.45228711,1359.461775,0.31902439,0,215.2405396,50.01020527,1.223838451,8.0182724,138.2827688,39.55086918
19/02/20 12:50,6.819182539,119.2528736,773.7010223,599.0723649,19.38249989,46.33500004,54.58249989,10.91000009,400.5682678,13.11308916,1555.755386,0.330731707,0,215.2405396,49.93512955,1.098530979,7.992477894,101.3554113,40.89699318
19/02/20 13:00,6.816806555,119.2528736,722.2022232,598.4688649,17.20000005,45.9625,52.38500004,10.7250001,400.384317,12.83048116,1524.236773,0.333658537,0,215.2405396,49.91827965,1.026621193,9.559698105,93.51145573,35.92755213
19/02/20 13:10,6.13554424,119.2528736,601.8733276,425.4282371,20.01000004,45.50749989,54.73750076,11.24000006,400.517482,12.1011246,1437.027649,0.357073171,0,215.2405396,50.0061945,1.20579988,9.409841537,150.293652,39.00067129
19/02/20 13:20,5.806152725,119.2528736,575.8481003,354.9444069,20.82750015,44.8824995,55.49500027,11.53999991,401.6423691,11.96642491,1421.033838,0.24,0,215.2405396,50.13939018,1.388767262,9.809384346,126.6379432,37.65468631
19/02/20 13:30,6.31240778,119.2528736,671.3548782,470.351576,21.15499983,44.68750038,56.33499966,12.68250003,401.2991013,12.61361817,1495.867029,0.304390244,0,215.2405396,50.02658024,1.23279089,9.743969917,110.0565101,45.17449656
19/02/20 13:40,7.018339634,119.2528736,698.1025269,651.1254377,18.18500004,44.4949995,53.5324995,12.02000003,401.4752197,12.74119185,1511.724461,0.389268293,0,215.2405396,50.10181007,0.900699351,10.99649143,102.0119854,35.98256373
19/02/20 13:50,6.557232885,119.2528736,724.5681637,532.5371527,20.66470573,44.43235263,55.89705905,12.40588233,401.3178657,12.92479271,1531.80165,0.327804878,0,215.2405396,50.04238802,1.182448232,11.88418293,126.4982416,46.96248801
19/02/20 14:00,6.477335572,119.2528736,737.3721741,512.2432353,17.64000025,44.60749969,53.26250019,12.70250015,401.9287506,13.00027576,1540.11628,0.333658537,0,215.2405396,50.01067467,1.256282025,11.86601543,105.6109386,39.54368443
19/02/20 14:10,6.699695754,119.2528736,790.4603943,568.7227215,20.34250011,44.66750011,55.10500011,12.98250003,401.6196045,13.18112862,1564.153204,0.44195122,0,215.2405396,49.99901505,1.19305469,11.02236843,106.1898256,54.73921852
19/02/20 14:20,6.992222118,119.2528736,818.7109711,643.0244181,17.62250023,44.89749985,53.32000008,12.35000005,402.3358673,13.3573603,1584.910263,0.354146341,0,215.2405396,50.06646481,1.070529344,11.48995495,112.8788218,39.80414486
19/02/20 14:30,7.148945498,119.2528736,850.2054535,694.7477965,19.04749994,45.24749966,53.69749985,13.43499994,401.9785004,13.51018037,1602.728674,0.377560976,0,215.2405396,50.08753052,1.025544521,12.5019846,122.6715334,52.63098989
19/02/20 14:40,6.789723933,119.2528736,791.2457123,591.5898789,15.66249995,45.76499977,52.81000004,12.46749988,401.0233002,13.30674188,1576.624758,0.482926829,0,215.2405396,50.08282032,1.140105219,12.33532047,132.3955099,39.97936954
19/02/20 14:50,7.682246017,119.2528736,1073.904855,872.8701698,11.89499998,46.04999962,50.0125,11.47000003,400.4878845,14.00609609,1661.957525,0.456585366,0.163488107,215.2405396,50.06491508,1.046877683,13.15582848,121.3791571,41.87847066
19/02/20 15:00,7.603503919,119.2528736,1128.286343,846.5703088,11.31500015,47.17250042,48.93999977,11.21499991,400.4586685,14.29431622,1694.688761,0.48,0.075492527,215.2405396,49.94970436,1.124397163,12.88863754,134.6932745,53.55748281
19/02/20 15:10,7.905645752,119.2528736,1320.152979,947.4856812,12.76000004,49.01999931,49.67500019,11.2875,399.8501465,14.76365358,1749.900885,0.749268293,0.115497238,215.2405396,49.91291466,1.211984507,14.69140148,103.6864394,55.5588047
19/02/20 15:20,8.311626172,119.2528736,1434.114139,1102.403964,13.49499998,50.94750042,49.74999981,11.59499998,400.432901,14.92176948,1767.865139,0.6,0.098989222,215.2405396,49.97734032,1.156725144,14.43028069,95.2248064,53.50847862
19/02/20 15:30,8.441340923,119.2528736,1482.014258,1153.771006,13.53999996,53.475,50.07749939,11.52750006,401.2093811,15.00084101,1777.467402,0.646829268,0.211496315,215.2405396,50.06675014,1.147671266,13.23491859,99.72561417,52.95280676
19/02/20 15:40,9.375016212,119.2528736,1661.171625,1532.506809,11.71500001,56.47999935,49.7050005,11.33250008,401.8091705,15.14281373,1797.463417,0.992195122,0.353460741,215.2405396,50.03231525,1.002764953,12.46465969,84.40683527,49.31531553
19/02/20 15:50,8.88541162,119.2528736,1463.190134,1329.623002,11.24250016,59.47750053,49.01749992,11.4099999,400.8229691,14.96683162,1774.642279,0.646829268,0.057499595,215.2405396,50.0499403,0.99727968,11.67708683,84.64635997,40.7711132
19/02/20 16:00,8.443586922,119.2528736,1329.252945,1154.660421,11.03000011,60.38250027,48.01500034,11.59749985,401.6511475,14.89153978,1765.540712,0.6,0,215.2405396,50.08638496,1.028662385,11.94412422,113.3337065,41.80816374
19/02/20 16:10,7.29323175,119.2528736,861.9293488,742.9394043,11.00000005,60.26499958,46.90999985,11.49250007,400.5653152,13.5259936,1603.93471,0.564878049,0,215.2405396,49.9544096,0.969940322,11.45854092,112.1515492,41.54595811
19/02/20 16:20,6.050305259,119.2528736,614.9171661,403.7775358,13.30500002,58.79750023,47.34750004,12.50250006,400.7396652,12.26972423,1456.050127,0.27804878,0,215.2405396,50.01752949,1.288452707,10.38330746,155.2102154,52.5114255
19/02/20 16:30,6.739902067,119.2528736,630.1740982,578.9351251,16.75500002,56.96250019,49.98249969,14.10999999,400.7635986,12.34961343,1465.396843,0.260487805,0,214.4270338,49.99484997,0.931381635,10.31680489,134.3791454,43.41648922
19/02/20 16:40,6.473753071,119.2528736,731.4462387,511.33328,18.69000006,55.39249935,51.90000057,13.39499993,400.0743683,12.93653253,1535.660528,0.421463415,0,200.0359201,49.94158401,1.248142797,10.32190609,105.3950497,37.38630986
19/02/20 16:50,7.406407309,119.2528736,929.101712,780.7400411,19.13500004,54.45,53.00249996,13.70749998,400.5432022,13.67697537,1622.045019,0.395121951,0.008499989,206.460022,49.98360481,0.993265423,10.69035721,110.2561226,39.25868993
19/02/20 17:00,7.1577811,119.2528736,988.9583282,697.6988875,15.89250007,54.06249962,50.45999985,13.2249999,400.1800629,13.93967141,1652.446913,0.424390244,0,206.460022,50.00341034,1.187682791,12.43945694,114.5454737,38.74767389
19/02/20 17:10,8.166374516,119.2528736,1039.841943,1044.884309,18.3624999,53.96500034,52.46749992,13.3150001,399.4723343,14.21930028,1687.633123,0.588292683,0,210.8502808,49.97438965,0.87964362,13.36731815,129.8763515,48.94668536
19/02/20 17:20,7.941081548,119.2528736,1116.287173,959.3212369,16.3400002,54.14750004,51.18500042,13.32499995,402.1794388,14.53322706,1723.475573,0.468292683,0,210.8502808,49.9677742,1.01544284,13.5917511,119.5234785,51.92066755
19/02/20 17:30,8.269581962,119.2528736,1370.551657,1085.754457,15.34249992,55.00750046,50.59750023,13.45750003,402.8159348,14.85291544,1759.916965,0.55902439,0.17049504,213.8125877,50.01182442,1.120549113,15.23429394,113.718816,52.36645741
19/02/20 17:40,9.350402141,119.2528736,1488.6082,1522.168899,13.03250017,57.14500027,50.41249943,12.7125001,402.4096191,15.01342709,1779.874529,0.889756098,0.485392026,218.5332336,50.10209503,0.90375523,15.72838116,141.1344635,46.74330516
19/02/20 17:50,9.078294563,119.2528736,1515.384113,1407.883717,12.21000004,59.08999977,49.39749947,12.52999992,402.5819199,15.00192596,1778.386906,0.620487805,0.900764207,218.5332336,50.0974947,0.982347894,15.93474483,83.39894604,45.14396772
19/02/20 18:00,8.207397747,119.2528736,1170.973825,1061.129508,11.80749998,60.6449995,48.43749981,12.51750011,401.4895142,14.55561215,1727.044682,0.594146341,0,218.5332336,50.00017986,0.977106114,14.59373665,128.0509505,49.96711717
19/02/20 18:10,7.60751338,119.2528736,1012.001099,847.9094689,11.45499983,60.58750019,47.25999966,12.68499985,400.152034,14.11573501,1674.347471,0.591219512,0.024499745,218.5332336,50.05360489,1.007369868,16.17685127,140.0955097,59.95935545
19/02/20 18:20,7.560457492,119.2528736,1020.154559,832.1928023,12.69499993,59.84000034,47.49250011,13.00500007,400.8329285,14.31675093,1698.194916,0.477073171,0,218.5332336,50.06847515,1.029173931,15.34311008,128.0468526,50.25567582
19/02/20 18:30,7.727816953,119.2528736,1096.881005,888.0908622,13.56666687,59.28333367,47.56944381,13.04722208,401.0224236,14.4703038,1715.611458,0.436097561,0,218.5332336,49.97778829,1.055956009,15.03627777,122.7148769,54.65540916
19/02/20 18:40,7.280757666,119.2528736,945.5004333,738.7730603,14.26999974,59.10000019,47.67000027,13.19749994,401.7966965,13.66771106,1621.639429,0.573658537,0,218.5332336,49.94455452,1.070190662,15.21877575,121.6950273,48.3857058
19/02/20 18:50,7.580282187,119.2528736,1161.153055,838.8142506,18.2250001,58.47499962,50.98250046,13.51749992,403.3790329,14.26657686,1689.698273,0.506341463,0.119492932,218.5332336,50.0548008,1.164804339,11.44112968,109.3851754,42.67203894
19/02/20 19:00,7.416356778,119.2528736,1009.570853,784.0631639,17.60249996,58.01000042,50.91749973,13.72500005,403.489032,14.10135868,1671.4338,0.427317073,0,218.5332336,50.00585461,1.074569445,11.71125698,100.8651947,39.7583711
19/02/20 19:10,6.630690681,119.2528736,837.778734,551.1954329,18.00555558,57.34722222,50.8305556,13.85833327,404.0804426,13.4035175,1589.933783,0.526829268,0,218.5332336,50.02509965,1.312230805,11.92247391,115.3568573,42.02136135
19/02/20 19:20,8.052252316,119.2528736,1133.511758,999.6919173,18.39750013,56.67749977,52.34499989,13.65500002,398.8160522,14.30891857,1696.797466,0.485853659,0,218.5332336,50.07494526,0.99711401,11.47292137,109.1440495,50.19232588
19/02/20 19:30,8.900224519,119.2528736,1442.463412,1335.488909,13.96499996,58.01499939,50.47499981,13.09249988,400.8911819,14.78771782,1754.910358,0.608780488,0.31590635,218.5332336,50.00212994,0.979239288,13.4155941,107.3621285,47.55188932
19/02/20 19:40,8.943289495,119.2528736,1538.689935,1352.54264,12.93250008,59.90500011,50.06999931,13.09749994,403.2609543,15.08432807,1787.238258,0.87804878,0.540173166,218.5332336,49.95735455,1.032614249,13.56545925,100.2323639,41.9220294
19/02/20 19:50,9.861836243,119.2528736,1763.126654,1736.971222,12.66000032,62.41499977,49.93249989,12.88499999,401.7820526,15.10519047,1790.69109,0.755121951,1.812817727,218.5332336,50.08499527,0.982290145,13.50652599,110.5533537,53.69557247
19/02/20 20:00,10.23299339,119.2528736,1942.267499,1842.763645,12.56000023,65.98749924,50.23749905,13.31249995,399.4192459,15.19100243,1802.231884,0.842926829,2.073671748,218.5332336,49.94516983,1.031795419,13.57292175,105.5724039,52.05463333
19/02/20 20:10,9.621099234,119.2528736,1714.049567,1635.861678,12.53500013,69.70249977,50.23499889,13.37749996,397.875415,15.08950044,1790.668877,1.050731707,0.809655511,218.5332336,49.95483456,0.988023699,12.67808628,94.47914743,43.04883881
19/02/20 20:20,10.48442252,119.2528736,1874.564252,1894.306616,12.54500017,72.29499931,50.06999912,13.6849999,397.9742157,15.18976244,1801.045984,0.813658537,2.748437736,218.5332336,49.9564949,0.966456799,12.59179497,98.50520191,50.27172966
19/02/20 20:30,11.60719385,119.2528736,2043.196576,2024.287754,12.7150003,75.825,50.375,13.79500008,398.1333801,15.19164415,1800.9352,0.886829268,6.547155829,218.5332336,50.03546448,1.00851006,12.49508667,119.1871193,46.90183122
19/02/20 20:40,10.90157757,119.2528736,2041.479639,1979.823401,12.82500014,79.73249931,50.53250027,14.1625,398.1027313,15.11184888,1791.261698,1.197073171,6.569246224,218.5332336,50.04351025,1.030296659,13.08220482,134.9521376,56.48835793
19/02/20 20:50,11.73280625,119.2528736,2065.266711,2029.31225,12.9749999,83.20750008,50.69750004,14.61500001,397.7828476,15.20560205,1802.77747,0.895609756,6.776616951,218.5332336,50.0541357,1.01781096,13.46107674,95.83944721,55.66417112
19/02/20 21:00,11.16681714,119.2528736,2006.217365,2006.672686,13.12250018,86.16250076,50.74499989,14.65249996,398.5194153,15.1855233,1799.803139,0.88097561,5.016039418,218.5332336,50.01986485,1.002283591,12.55188847,98.14412136,50.29429364
19/02/20 21:10,10.34050732,119.2528736,1932.239185,1864.804,13.21499987,88.41749916,50.74250011,14.95500002,399.3649994,15.1823059,1799.322166,1.170731707,4.513592983,218.5332336,49.93418941,1.013299297,12.6736021,91.53668375,61.13337231
19/02/20 21:20,11.24429677,119.2528736,1998.45282,2009.771871,13.34750004,90.37000084,50.75,15.24250002,400.8442505,15.16536914,1798.426638,0.87804878,5.95986595,223.6447927,49.92684994,0.995904966,12.2081337,116.2564155,64.11185122
19/02/20 21:30,13.02380962,119.2528736,2055.344592,2050,13.57000027,92.30249977,50.84750004,15.43249993,401.4102676,15.18762638,1799.100855,0.889756098,9.00649742,230.263411,50.00949001,1.003402148,13.88470554,118.4851331,63.50605059
19/02/20 21:40,11.90684829,119.2528736,2055.133868,2036.273932,13.67500033,94.05249901,50.95999985,15.58000002,403.0685349,15.17189044,1800.048672,1.197073171,6.55049081,231.70401,50.03129425,1.010629367,13.64280319,112.8023109,55.13555355
19/02/20 21:50,12.64966388,119.2528736,2059.58728,2046.496639,13.83000007,95.51500015,51.01499977,15.9249999,403.0211502,15.18731198,1797.968496,0.898536585,9.041711234,231.70401,50.07984943,1.007977884,13.54499245,96.87268028,51.62885513
19/02/20 22:00,11.62310185,119.2528736,2037.367725,2024.924074,13.89749966,96.93749962,51.06999893,16.10249996,400.4074539,15.17062886,1798.388037,0.895609756,6.171554813,231.70401,49.96255951,1.005433709,13.3879385,108.124767,63.34980006
19/02/20 22:10,11.52039561,119.2528736,2031.263037,2020.815825,13.89749966,98.08750114,51.09249878,16.18999991,401.9649048,15.13692901,1795.269093,1.194146341,5.998579944,224.676293,49.97377987,1.0037051,12.75843525,96.55597277,41.39546605
19/02/20 22:20,10.38327539,119.2528736,1849.575638,1873.571455,13.89749966,99.18000069,51.06999893,16.46499991,401.969281,15.0566441,1785.045233,0.889756098,3.256259056,222.9234924,50.01251469,0.965024273,12.99425602,94.84464006,52.48490047
19/02/20 22:30,9.135313611,119.2528736,1605.50523,1431.831717,13.87894716,98.03421101,50.48947384,16.5368421,399.5847152,15.12631463,1793.56945,0.699512195,0.545204564,222.9234924,49.94355232,1.026198868,12.11137009,105.1814999,47.7267175
19/02/20 22:40,8.053041634,119.2528736,1215.323743,1000.004487,13.80526327,95.31842041,49.73420976,16.33684203,401.2032487,14.61149892,1731.073783,0.772682927,0.058420164,222.9234924,50.02852129,1.068786663,13.9070425,109.3015984,53.14484074
19/02/20 22:50,9.382273984,119.2528736,1569.372873,1535.555073,13.68000031,91.66499939,49.12999916,16.16250038,400.9447342,15.01286213,1779.534273,0.620487805,0.402334418,222.9234924,49.98675442,0.945759103,12.54063797,101.3169598,33.59273682
19/02/20 23:00,9.575212598,119.2528736,1818.902264,1616.589291,13.50500002,90.9099987,49.75250015,16.10249996,399.1409973,15.14499664,1794.687853,0.816585366,1.040851643,222.9234924,49.94051495,1.055431527,12.97952175,79.40517311,45.12038398
19/02/20 23:10,8.718701744,119.2528736,1425.70195,1263.605891,13.33500009,90.19249916,49.37750034,16.17249966,399.7988663,14.89243399,1764.742682,0.87804878,0.587030184,222.9234924,49.96817474,1.017493014,11.2710743,83.16346426,44.58559618
19/02/20 23:20,9.46928889,119.2528736,1681.005033,1572.101334,13.22666658,88.30333354,48.88666636,15.82666677,400.2174276,15.05991054,1785.540535,0.667317073,0.534650613,222.9234924,50.00630035,0.993030368,13.36007881,106.688335,45.56650016
19/02/20 23:30,8.947558761,119.2528736,1525.076435,1354.233269,13.15312505,87.80937433,48.93124962,16.02812511,400.8596497,14.89023613,1767.746322,0.708292683,0.3105921,222.9234924,50.06990671,1.022318799,12.25340843,128.5629988,52.40561712
19/02/20 23:40,9.94747187,119.2528736,1743.359593,1772.938185,13.10263162,87.09999928,48.9526309,15.83947377,401.6754247,15.11171989,1793.452522,0.983414634,1.88568574,222.9234924,50.04916281,0.959847036,13.9696703,96.92378616,55.48548498
19/02/20 23:50,9.06121695,119.2528736,1486.534338,1400.711119,12.95499983,87.17249908,49.12249966,15.81250005,402.749617,14.96357198,1775.333204,0.67902439,0.274980549,222.9234924,50.04656487,0.967761358,12.82330799,95.91674509,33.45178647
20/02/20 0:00,7.704446769,119.2528736,1210.663919,880.2852208,12.87999978,84.86000023,47.9300005,15.99250016,402.8904694,14.55942589,1724.547581,0.541463415,0.076499211,222.9234924,50.01976948,1.172986859,13.00548077,119.6447828,42.75166698
20/02/20 0:10,7.385338855,119.2528736,1073.782693,773.7031775,12.99750013,82.11000137,46.925,15.93249998,402.8223526,13.99111918,1659.288826,0.632195122,0.091997194,217.0505089,50.01406479,1.158720872,13.56846905,99.64172163,44.63336391
20/02/20 0:20,9.38544817,119.2528736,1603.577203,1536.888231,14.38999996,80.23999863,48.22000046,16.0849999,402.9985184,15.11270723,1792.540352,0.673170732,0.326973848,216.3381042,50.0059597,0.965662288,13.66227341,106.5365652,52.23555222
20/02/20 0:30,9.603967867,119.2528736,1744.039191,1628.666504,14.73421052,80.90789393,49.24473692,15.85263147,401.7711423,15.08417831,1787.079277,0.775609756,1.194306707,216.3381042,50.023931,1.007794521,14.16730976,110.0957477,47.75203409
20/02/20 0:40,8.7284927,119.2528736,1266.863389,1267.483109,13.43076933,81.19615291,48.66153864,15.5923076,401.6148001,14.62665734,1733.447289,0.807804878,0.075384079,216.3381042,50.03359985,0.90163942,13.50870228,86.65305901,47.0296201
20/02/20 0:50,7.080189896,119.2528736,906.1827271,671.7834251,12.9974998,78.59750023,46.71999989,15.6000001,401.8734207,13.62075788,1615.175102,0.424390244,0,216.3381042,50.04792995,1.131849447,13.10991955,110.2552831,45.21887522
20/02/20 1:00,9.324711704,119.2528736,1542.495624,1511.378916,13.51499991,76.68500023,47.24500008,15.6249999,400.2080673,15.06320398,1787.12344,0.594146341,0.67236766,216.3381042,49.92776508,0.942115389,12.24801731,92.87110572,49.16641912
20/02/20 1:10,9.334364152,119.2528736,1734.535663,1515.432944,14.65249996,77.81750107,48.99749928,15.59249973,400.9581024,15.15898271,1797.019066,1.033170732,0.655250143,216.3381042,50.01126442,1.057014671,13.53052139,89.38537111,39.13163328
20/02/20 1:20,9.737560344,119.2528736,1813.763287,1684.775344,13.27500014,79.15500069,49.12749844,15.47499995,401.2692184,15.14734434,1794.229328,0.784390244,1.494220841,216.3381042,50.0553154,1.028271651,13.49276924,104.6490839,54.73141699
20/02/20 1:30,9.902469373,119.2528736,1748.092764,1754.037137,12.98499999,81.35999832,49.27249966,15.47000003,401.3070694,15.1092698,1791.255306,0.772682927,2.157279949,216.3381042,50.02990971,0.968442209,12.46447182,84.36484861,45.28303337
20/02/20 1:40,9.930870128,119.2528736,1877.927612,1765.965454,12.89999967,82.28999825,49.28999958,15.26500015,401.7849518,15.13019443,1793.980568,1.065365854,2.304482779,216.3381042,50.0789402,1.03630086,13.03783607,92.46567564,37.57736168
20/02/20 1:50,10.05069103,119.2528736,1870.562201,1805.391662,12.90999966,84.45750008,49.65249958,15.33499994,402.5023849,15.15179273,1796.698763,0.837073171,3.01130034,216.3381042,50.11643486,1.016093983,12.81952477,123.973116,49.39749665
20/02/20 2:00,8.001873803,119.2528736,1319.948666,979.742026,12.90499964,85.0375,49.13500004,15.60000029,402.6702194,14.79791428,1755.011656,0.687804878,0.309457897,216.3381042,50.07483997,1.181919181,13.64863014,100.5043073,51.23681753
20/02/20 2:10,8.428606939,119.2528736,1426.55986,1148.728348,12.8599999,83.17500114,48.15,15.64250011,402.2573868,14.92882946,1769.805462,0.775609756,0.511446383,216.3381042,50.05080986,1.109071047,13.38179874,103.7246094,49.44316134
20/02/20 2:20,9.302158356,119.2528736,1769.033969,1501.906509,12.76000028,82.8025013,48.3875,15.48499994,399.3909836,15.06878315,1786.928204,0.722926829,2.329468079,216.3381042,50.07506523,1.086226492,14.78881073,119.4931079,54.46503286
20/02/20 2:30,10.31533659,119.2528736,1866.809851,1859.644,12.79000025,83.97750015,48.93250046,15.38749995,398.1195313,15.15427454,1796.106657,0.810731707,1.968466207,216.3381042,50.03374004,0.981936299,14.30925465,102.0236351,47.41980648
20/02/20 2:40,10.56693282,119.2528736,2018.638055,1911.221228,12.84250002,86.15500031,49.54500027,15.53000007,399.0070984,15.1737404,1797.722425,1.144390244,4.017470089,216.3381042,50.09005508,1.035437931,14.41982651,138.6985563,52.83868632
20/02/20 2:50,10.38689508,119.2528736,1939.264209,1874.313492,12.95499983,88.43999939,49.81749992,15.77749987,399.9074799,15.12228906,1793.405634,0.857560976,3.090832528,216.3381042,50.09700966,1.01138506,14.01147938,115.3137238,62.18459816
20/02/20 3:00,9.612727475,119.2528736,1681.357336,1632.34554,12.93499975,89.27499962,49.55999985,15.69499998,400.0884659,15.00081655,1778.165863,0.766829268,1.789362421,216.3381042,49.99695988,0.970347809,12.78150749,103.7803221,58.62588949
20/02/20 3:10,10.77997451,119.2528736,1934.994366,1954.894774,12.96749992,90.32249947,49.8125,15.6375001,400.3300018,15.1161962,1790.952072,1.085853659,3.367604997,216.3381042,50.03785477,0.982301862,13.69690514,104.3806204,58.78312116
20/02/20 3:20,10.42312915,119.2528736,1979.167224,1881.741476,12.88249974,91.55999985,49.92999973,15.97499995,401.0081879,15.14609474,1795.240419,0.857560976,4.194201979,216.3381042,50.0988451,1.027776396,13.51048088,126.7506865,60.94644976
20/02/20 3:30,9.761060429,119.2528736,1803.332697,1694.64538,12.84999995,92.32249947,49.94249954,15.84249988,400.4961349,15.16536373,1797.742201,0.790243902,1.232582036,216.3381042,50.06882038,1.018969804,14.0291872,86.97879038,44.70078115
20/02/20 3:40,10.23954599,119.2528736,1865.413593,1844.106928,12.88999972,92.82249947,50.01249981,15.85499988,399.9264999,15.17438525,1798.234915,1.097560976,1.567753357,216.3381042,50.0007597,0.990183853,12.4375248,97.70672207,53.77225475
20/02/20 3:50,9.435251427,119.2528736,1807.397156,1557.805599,12.89999962,93.44499817,50.01749954,15.84500012,399.756485,15.1169925,1791.894608,0.825365854,1.377769448,216.3381042,50.03294487,1.076005352,12.17698002,112.0838113,53.27214663
20/02/20 4:00,9.514141989,119.2528736,1741.214975,1590.939635,12.9749999,93.91250076,49.96999969,15.77249999,399.1286835,15.0299423,1781.577164,0.816585366,1.684644715,216.3381042,49.91958008,1.019369215,12.52181339,122.8130468,49.23602505
20/02/20 4:10,9.916781378,119.2528736,1818.901184,1760.048179,13.05250015,93.625,49.68249989,16.17999988,402.2145157,15.13653007,1793.608847,0.974634146,1.773896026,216.3381042,49.96353436,1.005679747,13.21841812,112.3792276,57.38574753
20/02/20 4:20,11.50117277,119.2528736,1991.218134,2020.046911,13.0842107,93.49999962,49.88249989,16.03249998,403.0103679,15.18587534,1799.628651,0.854634146,5.747976281,216.3381042,50.07856831,0.984153714,15.58368587,104.8679195,50.25834215
20/02/20 4:30,10.77880511,119.2528736,1914.691797,1954.655048,13.23499994,94.87631547,50.25789361,16.14736818,402.4173508,15.15347229,1795.828159,0.87804878,4.531292246,216.3381042,50.00225449,0.972050247,13.89868164,122.0857759,59.92039824
20/02/20 4:40,10.73070967,119.2528736,2022.926141,1944.795483,13.28250008,95.94750061,50.32250004,16.14249997,402.0991348,15.12941663,1794.607006,1.164878049,5.104108156,216.3381042,49.92726421,1.029394481,14.77899265,122.4523575,69.10590525
20/02/20 4:50,11.40593915,119.2528736,2011.14184,2016.237566,13.4000001,97.26749992,50.48000031,16.17249994,401.2461517,15.12261616,1793.487007,0.88097561,5.345872206,216.3381042,49.94074917,0.99702092,14.93901062,125.9596729,48.84401317
20/02/20 5:00,10.33686912,119.2528736,1946.502167,1864.05817,13.50250001,98.36250038,50.60000038,16.25999994,402.399202,15.16971731,1798.397507,0.87804878,4.113148954,216.3381042,49.93491421,1.021222393,14.57344055,123.8018498,58.2609901
20/02/20 5:10,10.13422232,119.2528736,1883.995508,1822.515575,13.55000019,98.94249992,50.54750023,16.49249983,402.9378998,15.14558646,1795.033728,1.097560976,3.455743694,216.3381042,49.96866035,1.012932971,14.22513771,94.9872467,52.04713926
20/02/20 5:20,9.993722868,119.2528736,1782.697766,1792.363605,13.41000009,98.1625,50.29499969,16.52999973,402.5418381,15.13574696,1793.102297,0.778536585,2.284685609,216.3381042,49.95872993,0.975306576,13.02866268,96.88730412,54.27900538
20/02/20 5:30,10.69226673,119.2528736,1997.948639,1936.914679,13.46250005,98.55749779,50.48999996,16.6999999,402.1391006,15.17444229,1799.241222,0.87804878,4.112058997,216.3381042,49.93313961,1.018583652,14.42741966,114.9473364,61.83151283
20/02/20 5:40,9.505993128,119.2528736,1800.225403,1587.517114,13.50250001,98.73999939,50.39499969,16.49249973,400.8308517,15.14948353,1796.334835,1.071219512,1.565381538,216.3381042,49.92861004,1.055172467,13.29081821,117.9054937,48.34736691
20/02/20 5:50,9.539646935,119.2528736,1837.89234,1601.651713,13.48999996,98.34500008,50.37250061,16.76499987,399.5739639,15.14740321,1796.058426,0.837073171,1.833848203,216.3381042,49.9278801,1.071972448,14.9762392,147.6030014,54.59905272
20/02/20 6:00,11.50561986,119.2528736,1985.988971,2020.224794,13.50500002,98.58750153,50.39750023,16.8249999,399.2625671,15.16855153,1796.437237,0.822439024,5.786121319,216.3381042,50.09748497,0.981514765,15.26339912,107.8687124,55.00911188
20/02/20 6:10,12.13631797,119.2528736,2014.698413,2041.36318,13.63250031,99.36499939,50.55750008,16.74499998,397.8157974,15.16854237,1794.304047,1.167804878,7.951180167,216.3381042,50.08892002,0.988902811,15.03092861,110.8745531,61.69693213
20/02/20 6:20,11.08803792,119.2528736,1982.190741,2003.521517,13.72500033,100.4499996,50.74999981,16.79999986,400.3243027,15.19028056,1803.876348,0.875121951,5.803063965,216.3381042,50.09852009,0.992813743,15.36950588,122.7998819,59.72376032
20/02/20 6:30,11.22174354,119.2528736,2037.8052,2008.869741,13.88249974,101.2825012,50.85499973,17.16999989,400.2777054,15.1668828,1799.257175,0.898536585,7.038034967,216.3381042,50.01410484,1.016256344,13.72758293,124.6680004,58.98023653
20/02/20 6:40,10.73928564,119.2528736,1973.093469,1946.553555,13.93749976,102.4474987,50.88499985,17.08249998,399.7162994,15.15288757,1794.494808,1.16195122,4.482067615,216.3381042,50.00621967,1.003618942,14.88696766,120.8942715,60.26169548
20/02/20 6:50,10.77993746,119.2528736,1988.042548,1954.887179,13.91578915,102.3999996,50.77999992,17.32750015,399.5688573,15.15516222,1794.156057,0.842926829,5.212774978,216.3381042,50.04630039,1.009233635,15.47391224,138.5845291,73.23887815
20/02/20 7:00,11.66962252,119.2528736,2055.938947,2026.784901,14.00999999,102.9799999,50.99250011,17.28499975,399.2067963,15.19664772,1801.394697,0.892682927,7.40697823,216.3381042,50.05723972,1.014010967,15.65070629,118.7463007,66.30961266
20/02/20 7:10,10.563573,119.2528736,1938.971863,1910.532466,14.10499997,103.8578949,51.04749928,17.42894735,397.7473312,15.16022761,1796.11405,1.15902439,4.781833366,216.3381042,50.00584507,0.994737452,15.07868004,119.0202881,60.47772655
20/02/20 7:20,11.43593621,119.2528736,1994.669019,2017.437449,14.08499994,104.1399994,50.97105247,17.47249994,398.3844604,15.1528949,1798.256655,0.88097561,5.97464227,216.3381042,50.05383949,0.98790197,15.41804123,112.1068073,68.48458776
20/02/20 7:30,11.68033023,119.2528736,2023.867719,2027.213209,14.1749999,104.6375,51.06499958,17.70499983,397.5680008,15.14349621,1793.544582,0.886829268,6.662585091,216.3381042,50.06949558,0.998060058,14.91179848,110.3190514,57.32043328
20/02/20 7:40,11.66681652,119.2528736,2046.761652,2026.672661,14.21499987,105.5250004,51.14000015,17.68250008,397.6968369,15.15409461,1793.164822,1.197073171,8.363883917,216.3381042,49.99575958,1.009519891,15.51765156,98.56947665,76.49071598
20/02/20 7:50,11.54478664,119.2528736,2043.922162,2021.791466,14.20999985,106.1474995,51.17750072,17.68999977,400.1072662,15.12667894,1791.308035,0.889756098,6.449656196,216.3381042,49.94452991,1.009653199,15.47341633,101.7294629,61.75954947
20/02/20 8:00,11.75652919,119.2528736,2034.704834,2030.261168,14.28000011,106.5825001,51.22500134,17.65499983,399.6966614,15.09570448,1788.608379,0.895609756,7.362232692,216.3381042,49.96919937,1.002453553,15.40291691,101.8331169,71.67589598
20/02/20 8:10,11.10914345,119.2528736,1949.308514,2004.365738,14.27000008,106.8124996,51.16249981,18.03500023,399.5130997,15.19019003,1802.435829,1.150243902,4.688667221,216.3381042,49.94127464,0.975675369,15.55029964,158.0235174,61.20109797
20/02/20 8:20,12.06832347,119.2528736,2038.6914,2040.683235,14.27000008,106.6725002,51.15000019,17.87250013,398.2991455,15.21727149,1801.821968,0.886829268,6.411110368,212.8358278,49.93759003,1.001031759,16.15499687,129.7524884,56.56703205
20/02/20 8:30,9.727870631,119.2528736,1853.798553,1680.705665,14.20500002,107.0075008,51.14750042,18.03000002,398.6890778,15.12262072,1793.425798,0.84,2.8646707,203.1673279,49.95465946,1.052411737,16.31550026,96.50772572,49.91519356
20/02/20 8:40,9.508963084,119.2528736,1687.415027,1588.764495,14.16749988,105.2075001,50.71749973,18.02249985,399.0272141,15.15763038,1796.537762,1.018536585,1.086088702,203.1673279,50.02706947,0.988620966,15.79637432,108.7221469,55.53523026
20/02/20 8:50,10.54573436,119.2528736,2039.041956,1906.875543,14.26500001,104.4599983,50.9,17.7125001,399.1414795,15.17083324,1798.866903,0.869268293,5.354352533,203.1673279,50.03124485,1.04698905,17.78647614,125.1063225,71.21099243
20/02/20 9:00,10.70165937,119.2528736,1988.031866,1938.840171,14.28500013,104.6875008,51.0324995,17.70250006,399.2224503,15.16547929,1796.515915,0.860487805,3.867864022,203.1673279,50.01269054,1.013065531,15.97498798,123.62789,46.97831376
20/02/20 9:10,10.5677496,119.2528736,1930.167468,1911.388667,14.3025002,104.9949997,50.99749985,17.99249992,398.4940628,15.15672778,1793.292263,1.141463415,3.591940899,203.1673279,49.96251488,0.990018391,14.8106699,133.7874379,59.7441093
20/02/20 9:20,11.74988379,119.2528736,1946.277509,2029.995352,14.35249991,105.0650009,51.04499912,17.78749971,398.4685471,15.1553662,1794.978075,0.857560976,4.60531152,206.1267077,49.94415493,0.958966634,15.44868279,123.2654863,64.82158127
20/02/20 9:30,10.7259578,119.2528736,1873.170117,1943.821349,14.42999973,105.127499,51.00499973,17.96000032,398.3923309,15.22073521,1806.950535,0.848780488,2.778355994,205.3624573,50.008605,0.953408768,17.463274,104.5975784,65.30952749
20/02/20 9:40,10.74633939,119.2528736,1850.912695,1947.999575,14.35749989,104.2650009,50.67749977,17.9375,398.2353653,15.22166017,1806.007072,1.053658537,3.113256434,205.3624573,50.01261959,0.941149512,16.82680321,140.1262718,62.8763648
20/02/20 9:50,10.54233751,119.2528736,1894.607471,1906.17919,14.39499998,103.8899998,50.82000008,18.15,398.3017319,15.0984246,1789.270906,0.822439024,3.506676675,206.2380343,50.02576485,0.972987885,18.24598122,147.3695378,60.31078305
20/02/20 10:00,11.62798381,119.2528736,1958.174261,2025.119352,14.51500006,104.0200005,51.00999985,18.15499983,398.7341965,15.15055691,1796.106308,0.872195122,4.91650105,214.1429749,50.0253149,0.966293258,16.08943176,129.991874,47.45407572
20/02/20 10:10,13.47261912,119.2528736,2043.008414,2050,14.71785688,104.7642871,51.11071396,18.52857181,398.250255,15.16372383,1797.332562,1.185365854,9.374473988,214.1429749,50.03685652,0.996776948,17.10892868,99.34754562,53.94313901
20/02/20 10:20,12.1348886,119.2528736,1966.354401,2041.348886,14.86499963,105.5524986,51.1725008,18.4250001,398.4925934,15.13154805,1791.511894,0.883902439,5.982702326,214.1429749,50.06905022,0.965180576,16.74843216,148.1291461,69.16420126
20/02/20 10:30,12.46804838,119.2528736,2046.877423,2044.680484,14.98749995,106.0799992,51.21750126,18.65500002,398.4436935,15.20748483,1805.108288,0.875121951,6.767027124,214.1429749,49.94658031,1.002976374,17.85992622,123.2234135,72.3341547
20/02/20 10:40,13.23105991,119.2528736,2029.855017,2050,15.04250016,106.7424995,51.35250187,18.5875001,397.8165466,15.18056063,1801.045109,1.194146341,8.773468666,214.1429749,49.95229454,0.990681701,17.79005051,133.1390579,82.82174635
20/02/20 10:50,12.34909978,119.2528736,2006.596191,2043.490998,15.17000036,107.5499992,51.49500027,18.68499985,396.5455368,15.15755005,1798.435101,0.892682927,7.857037476,205.3800178,49.87543449,0.983842844,18.26082993,142.9334835,88.67970781
20/02/20 11:00,12.56247582,119.2528736,2034.187842,2045.624758,15.30750017,108.2149982,51.53750019,18.78750019,396.678389,15.16810186,1799.287554,0.889756098,9.075301157,205.3624573,49.98813992,0.996156747,17.37438583,112.9334404,82.49221258
20/02/20 11:10,13.16128359,119.2528736,2017.672876,2050,15.44249997,108.7450005,51.73750019,18.83500013,396.472934,15.16032985,1799.3447,1.194146341,9.887382336,205.3624573,49.9489296,0.984828706,17.08473396,122.3775303,74.88042622
20/02/20 11:20,12.0235321,119.2528736,2040.889514,2040.235321,15.41500001,109.077499,51.7125,18.9999999,396.690921,15.23353462,1804.717707,0.883902439,7.765804858,205.3624573,50.02369499,1.002343423,16.43313026,124.9518411,64.21698885
20/02/20 11:30,11.69293413,119.2528736,1979.371008,2027.717365,15.39999981,109.5549995,51.75749989,18.9,396.844368,15.1295388,1792.652601,0.895609756,6.50046263,207.381421,50.09867516,0.975963623,15.76591873,134.7888714,63.06593056
20/02/20 11:40,11.90903878,119.2528736,2028.26297,2036.361551,15.38999972,109.4500004,51.61999989,18.99000006,396.7996857,15.19385943,1800.206377,1.156097561,6.084982401,219.6307983,50.00564423,0.997388259,14.83924675,127.9292535,65.01995935
20/02/20 11:50,12.89097643,119.2528736,2043.797876,2048.909764,15.52000008,109.7500008,51.79249973,19.11000023,397.0615158,15.18169914,1801.979771,0.901463415,8.743994102,228.2698589,50.04398003,0.998559311,16.41418648,134.8842684,74.07282219
20/02/20 12:00,14.35470366,119.2528736,2048.640741,2050,15.61249995,110.0650005,51.92000046,18.01250019,396.5364014,15.15221107,1797.812536,0.895609756,11.57259879,267.7864476,50.0414053,0.999776294,14.86024857,94.73944416,87.24879322
20/02/20 12:10,11.5184094,119.2528736,2027.904443,2020.736376,15.22500019,110.5249992,51.90000019,17.77999964,397.9462173,15.14711764,1793.990324,1.197073171,5.88317445,280.5996632,49.96351986,1.002070346,13.64345551,90.554562,55.9128706
20/02/20 12:20,10.57619543,119.2528736,1956.755627,1913.120063,14.86749973,110.0699993,51.77500038,17.54250011,400.9421158,15.20474365,1801.463488,0.863414634,2.542600566,276.7041626,49.94041939,1.00324168,11.68281269,89.36381512,49.22707257
20/02/20 12:30,16.4063055,119.2528736,2029.77605,2050,14.87499971,109.6775013,51.66750011,16.81000013,401.2126495,15.10836795,1791.953367,0.883902439,13.56485803,286.3033785,49.98101501,0.991784407,11.72978592,129.6049407,88.31396894
20/02/20 12:40,13.79935107,119.2528736,2068.735199,2050,14.34999995,109.6400009,51.72750034,15.35250006,400.9193695,15.2647026,1805.623055,1.191219512,11.17740817,308.5335388,49.96383934,1.009135522,15.28400326,95.12163429,77.34330931
20/02/20 12:50,12.3472436,119.2528736,2064.806836,2043.472436,13.64500017,109.5824989,51.73750019,14.87999997,402.0116211,15.20299128,1802.044756,0.898536585,7.378592852,308.5335388,49.96279507,1.012393487,16.16452789,104.8400802,56.04040914
20/02/20 13:00,10.70338576,119.2528736,2001.441168,1939.19408,13.35,109.2800007,51.5875,14.64000006,401.505899,15.12661748,1792.14216,0.883902439,4.288782725,308.5335388,49.9883749,1.019813153,13.15726185,111.4681993,66.92015619
20/02/20 13:10,10.41830287,119.2528736,1939.372565,1880.752088,12.95,108.7349995,51.43750095,14.49750009,401.7647034,15.19223151,1800.969772,1.16195122,2.912109269,302.76216,50.07183971,1.007685794,13.38753319,96.42377529,54.07975521
20/02/20 13:20,12.32454157,119.2528736,2060.963251,2043.245416,12.79250021,107.9024998,51.3075016,14.09500012,401.9989334,15.2060532,1801.164345,0.88097561,8.324073469,290.9725037,50.13863487,1.01062751,12.67888927,105.2819111,81.7572484
20/02/20 13:30,10.75753253,119.2528736,2018.662561,1950.294168,12.55250006,107.7825001,51.32750168,13.90249996,401.4618835,15.14754765,1796.417227,0.892682927,4.720718607,290.9725037,49.98893471,1.025890174,12.6920023,103.6221081,42.05439025
20/02/20 13:40,9.898033118,119.2528736,1732.444214,1752.17391,12.29499969,106.8700001,51.03250065,14.2099999,402.4111679,15.13882868,1793.301012,1.074146341,1.603981772,290.9725037,49.98349438,0.960362045,11.41903782,83.0711257,56.19084149
20/02/20 13:50,7.991144562,119.2528736,1174.885172,976.0422836,11.9125001,102.9524998,49.35250053,14.24000001,403.5233652,14.57986969,1729.912989,0.523902439,0.030999483,282.7512096,50.11307526,1.055103884,9.701675415,61.07496804,35.3029627
20/02/20 14:00,8.543384853,119.2528736,1375.601553,1194.180402,11.56842101,98.47631595,48.53421081,14.43421068,402.9288376,14.93506885,1772.4035,0.620487805,0.189920704,278.899292,50.06015838,1.032894059,9.503085136,67.31259189,38.72275152
20/02/20 14:10,7.705486202,119.2528736,993.3813232,880.6323915,11.37999988,94.00999985,47.81500053,14.0974999,402.8022736,14.34084991,1698.306496,0.632195122,0.015999929,278.899292,50.04105492,0.962191173,9.040472031,64.94499331,27.67291918
20/02/20 14:20,8.16633749,119.2528736,1131.144492,1044.869646,11.05000019,88.79500008,47.07750015,13.84250002,403.4239029,14.27903058,1693.670517,0.447804878,0.013499958,275.4470861,50.05514526,0.956891977,7.929858685,61.79968476,40.90420747
20/02/20 14:30,7.708697677,119.2528736,1118.4683,881.705024,11.71750002,85.55249939,47.14500027,13.78999996,403.692598,14.12195581,1675.363232,0.550243902,0.282934927,267.923645,50.02252941,1.082394664,8.170622826,89.21155312,33.78791676
20/02/20 14:40,6.901878381,119.2528736,824.0585953,620.0771087,14.16500015,81.65750046,47.68250008,13.96000009,403.3921677,13.11389132,1555.182592,0.491707317,0,267.923645,50.12198925,1.123916965,10.30846691,93.38077354,31.84062405
20/02/20 14:50,8.353039098,119.2528736,1293.01908,1118.803483,17.19499998,78.65999985,51.23750038,13.83000007,403.6473022,14.56505933,1725.696556,0.506341463,0.121491539,267.923645,50.11133537,1.029266455,9.874175072,83.55309076,42.01917171
20/02/20 15:00,9.744818234,119.2528736,1748.851471,1687.823658,15.20750022,78.35499992,50.93499985,13.50749993,404.49505,15.19045901,1800.617626,0.787317073,1.164590493,267.923645,49.98441963,0.990454156,12.43321991,90.94693947,41.27544875
20/02/20 15:10,12.40681062,119.2528736,1994.012775,2044.068106,12.53250008,79.65749855,50.48250065,12.79749994,401.1503128,15.12529443,1792.798622,1.085853659,7.136787869,272.9843298,50.09098015,0.977381647,12.18722057,86.91179175,70.75279856
20/02/20 15:20,12.23726077,119.2528736,2033.226941,2042.372608,11.7125,83.06249886,50.43000069,12.13249989,400.0147537,15.12964864,1791.766737,0.892682927,7.007128889,283.4612611,50.08368053,0.99747652,13.54046726,109.9649288,60.26655035
20/02/20 15:30,9.907518554,119.2528736,1942.844214,1756.157793,11.32250013,85.59249992,49.99249954,12.3724999,401.5408188,15.11203171,1791.037823,0.854634146,1.542455637,279.1086454,50.12623997,1.075583417,12.66311169,86.3633606,48.42112846
20/02/20 15:40,9.775334835,119.2528736,1809.090607,1700.640631,11.23500032,86.66500053,49.48999939,12.42749991,402.1329361,15.15081409,1795.21126,1.068292683,0.678867299,278.151836,50.07383461,1.02016949,10.98942089,82.71613064,46.19075069
20/02/20 15:50,9.79736867,119.2528736,1894.10968,1709.894841,11.26000023,87.4125,49.69250031,12.64249997,402.5568039,15.14707553,1796.695787,0.816585366,1.52473854,261.3382568,50.01561985,1.064810521,10.32585621,67.72481127,45.95678339
20/02/20 16:00,9.316265821,119.2528736,1663.049673,1507.831645,11.22500024,88.42749977,49.84500008,12.8875,401.7536682,15.0984212,1789.328321,0.804878049,0.546268225,261.3382568,49.9584095,1.017763292,10.82927418,74.76425562,42.48444123
20/02/20 16:10,7.753433108,119.2528736,1021.822931,896.6466582,11.06000018,85.95999947,48.01999989,12.76000009,400.9992172,14.07251085,1669.162565,0.629268293,0.042499025,264.7922372,49.94993477,0.97685834,9.444804192,55.14293423,38.81127403
20/02/20 16:20,9.247547388,119.2528736,1586.532935,1478.969903,11.11750031,83.50249825,47.71250038,13.08500023,400.1168182,15.16079924,1798.771517,0.702439024,0.270475149,271.2163391,49.94823475,0.986878202,9.623528481,75.22433109,49.79630156
20/02/20 16:30,8.370914793,119.2528736,1297.556815,1125.882258,11.14250035,82.35499916,47.63999996,12.92750001,400.3265976,14.92722233,1769.793509,0.597073171,0.002,277.8049541,49.94000454,1.027074229,11.0132618,97.77037754,42.19529285
20/02/20 16:40,9.332619381,119.2528736,1491.113147,1514.70014,11.88500004,80.07750015,47.77750015,12.96749997,400.379866,14.66057025,1736.796747,0.781463415,2.429361352,279.9968567,50.02253952,0.909045854,10.58038235,93.35057278,38.64744563
20/02/20 16:50,10.44948783,119.2528736,1972.492712,1887.145005,13.29750009,81.49249992,49.68999939,12.8624999,399.4554993,15.17330816,1797.708715,0.886829268,3.815235597,279.9968567,50.01424427,1.021129963,10.8676815,84.90224791,44.84187622
20/02/20 17:00,9.094462538,119.2528736,1713.573663,1414.674266,11.74000001,83.35499992,49.29249935,12.89499998,399.8370499,15.14337918,1794.83186,0.775609756,0.543963872,279.9968567,50.07986031,1.106370131,10.44124889,74.71019855,36.95444248
20/02/20 17:10,9.087798548,119.2528736,1609.71817,1411.87539,11.39499979,83.22750092,48.36000042,12.72749996,399.3365677,15.04907888,1782.183397,0.942439024,1.207998602,279.9968567,50.08998489,1.041036294,10.06529427,89.62663403,54.81295099
20/02/20 17:20,10.46114511,119.2528736,1876.887244,1889.534749,11.28000026,83.88999863,48.44750004,12.57999997,396.907518,15.15319441,1799.233898,0.810731707,3.303339368,279.9968567,50.01551399,0.97030406,10.23673916,90.98814058,48.02198596
20/02/20 17:30,10.1034086,119.2528736,1874.855017,1816.198763,11.20500031,86.2724987,48.92000046,12.67750001,398.6541641,15.09840064,1791.202572,0.869268293,1.741804919,279.9968567,49.96177521,1.011832843,12.4960289,77.86622725,55.31420164
20/02/20 17:40,10.88607788,119.2528736,2026.110687,1976.645966,11.11500039,87.72250061,49.00750008,12.57749982,401.1884857,15.19251917,1802.591978,1.135609756,4.078248198,279.9968567,49.92062416,1.023303243,11.35518265,102.3361597,53.01654873
20/02/20 17:50,10.19518166,119.2528736,1923.830707,1835.012239,11.07500029,89.70499992,49.37249985,12.61249995,402.83638,15.14609107,1797.388287,0.857560976,1.772707462,279.9968567,49.95044937,1.026693757,11.46716881,77.125033,41.41943502
20/02/20 18:00,8.242907715,119.2528736,1177.592831,1075.191455,10.84500003,89.84499893,48.67499981,12.63250003,403.8529266,14.0891979,1671.766708,0.687804878,0.072999443,266.5252084,49.96785431,0.971199987,10.64254951,62.25560751,37.1536639
20/02/20 18:10,8.025522316,119.2528736,1286.74632,989.1068369,10.53500013,85.56499939,47.19500027,12.49000001,403.3207336,14.65201829,1738.192446,0.626341463,0.280934744,261.3382568,49.94664974,1.14257968,8.104040146,98.30963106,48.40931108
20/02/20 18:20,10.06188424,119.2528736,1816.817224,1807.686268,10.39249969,84.98749962,47.94250031,12.15249991,402.9534164,15.14855446,1795.534069,0.810731707,1.454847809,261.3382568,49.96907005,0.985536106,12.5291338,86.9397182,39.86522007
20/02/20 18:30,8.828164744,119.2528736,1561.587595,1306.953239,10.30999999,85.50249977,48.14750023,12.21000013,402.2374527,14.90790667,1768.234011,0.75804878,0.451915125,261.3382568,49.90003986,1.081042009,12.9809885,82.45597734,42.51461132
20/02/20 18:40,9.772866249,119.2528736,1731.152521,1699.603825,10.10499997,84.51999893,47.85500011,11.88749981,402.4114563,15.11071046,1791.179369,0.942439024,0.908805138,261.3382568,49.97061958,0.976558515,13.64413929,111.7935825,52.62234602
20/02/20 18:50,9.723174286,119.2528736,1698.504559,1678.7332,9.984999847,85.05999985,48.17000008,11.92249994,402.163353,15.17591196,1799.559998,0.746341463,0.482426131,261.3382568,50.04364948,0.96489258,14.09665203,123.9089827,65.60613947
20/02/20 19:00,9.558060932,119.2528736,1683.252435,1609.385592,9.899999666,85.06499863,48.13000031,11.73249993,398.6686142,15.13008115,1795.42939,0.75804878,0.332937064,261.3382568,49.92306442,0.979152033,12.90585709,92.30709705,63.96730523
20/02/20 19:10,8.494856477,119.2528736,1362.951474,1174.963165,9.615000153,83.97499962,47.87000141,11.60750012,400.1576843,14.93140648,1769.708708,0.807804878,0,261.3382568,50.01369476,1.038378143,13.55976295,126.3237025,42.09203234
20/02/20 19:20,8.154401779,119.2528736,1297.228134,1040.143105,10.54250002,81.93250084,47.92500019,11.61750011,400.8776672,14.73297286,1748.003351,0.576585366,0.053497785,261.3382568,50.0297102,1.101808876,12.7724123,132.7503332,47.50313816
20/02/20 19:30,8.317324972,119.2528736,1514.34585,1104.660689,11.83500004,80.44250107,48.48749981,11.57000012,401.0419861,14.98151703,1777.224958,0.629268293,0.359952035,261.3382568,49.9559042,1.219212548,13.79954243,133.8305782,63.90682077
20/02/20 19:40,9.214636087,119.2528736,1603.05968,1465.147157,12.46999998,80.05250015,48.95750027,11.6974999,402.8385818,15.12855148,1793.052509,0.916097561,0.272484199,261.3382568,49.96642952,1.005061904,15.03159046,129.4376598,70.52082262
20/02/20 19:50,6.94739368,119.2528736,969.6193359,631.6379946,12.52000008,78.55749893,48.27750072,11.64000015,398.9194153,13.90370232,1650.836569,0.462439024,0.010999977,261.3382568,50.03385944,1.294366513,16.04670525,107.2830362,45.15148139
20/02/20 20:00,6.030183458,119.2528736,639.2148224,398.6665984,14.15500002,74.96999969,48.10250034,11.74749994,399.7538681,12.27500318,1459.380095,0.27804878,0,261.3382568,50.04004536,1.354029078,13.09639645,143.1126092,47.35864871
20/02/20 20:10,6.333587551,119.2528736,669.0228073,475.731238,16.63750014,71.16000061,50.34249973,12.07250013,399.4658859,12.48652183,1482.481848,0.371707317,0,261.3382568,49.9999649,1.216356516,11.27623844,134.174257,42.1846818
20/02/20 20:20,6.725862076,119.2528736,896.5088051,575.3689674,17.88684192,68.26842178,52.08157891,11.76052641,399.1486865,13.52923426,1605.761731,0.362926829,0.067889873,261.3382568,49.99626802,1.334695776,12.18286228,173.631131,48.02537788
20/02/20 20:30,7.157741944,119.2528736,949.9571601,697.6858093,12.76388884,66.36388906,50.9555556,11.19999997,399.6702796,13.78070325,1636.599655,0.427317073,0,254.1996877,49.9508773,1.140866769,14.88402939,155.6753847,54.10647927
20/02/20 20:40,7.619480384,119.2528736,1005.09916,851.9064483,10.18421048,64.68157919,48.17368457,10.79473681,400.8133689,13.96534662,1657.853068,0.544390244,0,250.3626099,49.97247836,0.997126871,16.04577637,129.4154907,53.08504396
20/02/20 20:50,7.503953195,119.2528736,1144.058102,813.320367,10.5375001,63.47000027,47.9975008,10.87499986,401.213649,14.529835,1722.124472,0.512195122,0.061995862,250.3626099,50.01675949,1.173161337,16.2449894,143.3055412,56.93201423
20/02/20 21:00,9.430183911,119.2528736,1651.697144,1555.677243,11.95749993,63.88250027,48.62500019,10.37749991,401.950351,15.10792574,1793.530243,0.649756098,1.225396952,250.3626099,50.0732748,0.984452631,17.43897438,138.3953472,55.36668472
20/02/20 21:10,10.62078269,119.2528736,2002.161133,1922.260452,11.30000014,67.14444478,49.12222269,10.2833333,402.3283013,15.15738497,1800.188618,1.141463415,3.508427703,250.3626099,50.00243335,1.024289425,15.67862129,117.8819273,77.33063285
20/02/20 21:20,9.719300242,119.2528736,1930.476986,1677.106102,9.723529479,71.30000036,48.71764755,10.37647073,402.6623176,15.1879163,1795.885385,0.822439024,2.02754971,250.3626099,49.95169943,1.09727506,15.98628044,139.2629772,55.62596512
20/02/20 21:30,9.745263815,119.2528736,1825.462054,1688.010802,9.530000114,73.56500092,48.60499916,10.12000008,401.6681519,15.12656312,1798.311584,0.793170732,1.685277878,253.3518229,49.97696476,1.0337771,14.90473366,132.0584509,60.13651476
20/02/20 21:40,9.798259664,119.2528736,1783.888019,1710.269059,9.450000048,76.03499947,48.85000114,10.19500003,400.9569336,15.14272481,1796.998209,1.065365854,1.005748371,262.4358215,50.00177517,1.002721913,14.95877838,116.3430831,60.73900251
20/02/20 21:50,8.788608146,119.2528736,1424.614059,1291.288826,9.350000143,77.425,48.76250057,10.33499994,403.0018982,14.88570419,1765.711824,0.711219512,0.249982792,262.4358215,50.01340485,0.997026594,15.20031548,148.9227995,49.78810415
20/02/20 22:00,7.065432692,119.2528736,955.9395386,666.854519,9.017499828,75.80500069,47.89500046,10.45250006,403.3245117,13.76962513,1631.872627,0.409756098,0.180931082,262.4358215,49.98169479,1.203159795,14.87332726,133.8161786,60.83642416
20/02/20 22:10,8.342142892,119.2528736,1374.381876,1114.488585,9.029999924,74.42749901,50.59000015,10.48000002,404.144931,14.91192649,1768.024115,0.793170732,0.103991578,262.4358215,49.96151943,1.097814453,15.68123055,109.2511543,54.30648212
20/02/20 22:20,7.545588875,119.2528736,1033.477429,827.2266842,10.26750002,72.87749977,48.44750042,10.51250005,400.9441177,14.41367657,1708.975485,0.48,0,262.1410229,49.8861599,1.047074206,16.21218872,135.202017,48.28141146
20/02/20 22:30,8.502281451,119.2528736,1449.723209,1177.903455,11.08249998,71.26499939,48.51500034,10.52499995,400.8795532,14.94436947,1771.589487,0.614634146,0.335883737,240.1240115,49.96666965,1.102012743,16.61028099,127.8295599,53.28475618
20/02/20 22:40,7.387510562,119.2528736,1181.549524,774.4285277,11.34250007,70.68000031,48.45000038,10.26749983,403.5485138,14.56157845,1727.545664,0.699512195,0.041498805,239.1705193,50.04337997,1.273778935,15.22020626,126.3660595,53.32963495
20/02/20 22:50,7.082807136,119.2528736,1036.724509,672.6575833,11.39249969,69.26999969,47.93999996,10.38499999,403.9409149,13.92479753,1651.91328,0.494634146,0.054997112,244.0377332,49.99250469,1.293153488,15.04343605,141.298382,46.86901846
20/02/20 23:00,7.391018951,119.2528736,949.2116882,775.6003296,11.43249974,67.08749962,46.77499943,10.51000018,402.5579514,13.81131439,1637.657404,0.395121951,0,254.7528687,49.94976997,1.021708672,15.08443451,134.4792067,43.95259762
20/02/20 23:10,8.332601833,119.2528736,1219.353027,1110.710326,11.5374999,65.63749924,46.83749943,10.0724999,403.8830994,14.70644706,1741.889339,0.652682927,0.024499745,254.2589662,49.9177351,0.976939121,15.05509758,120.6905037,37.39517827
20/02/20 23:20,8.366515517,119.2528736,1189.966544,1124.140145,11.83250012,65.24500046,47.43500004,10.0500001,404.7298492,14.58913524,1731.077614,0.564878049,0.026499749,252.1186683,49.91900482,0.943216187,15.62773609,111.3762801,45.49937501
20/02/20 23:30,8.565245652,119.2528736,1489.847092,1202.837278,11.74000001,64.90250053,47.70750084,9.979999828,404.6954147,15.01126765,1780.262581,0.582439024,0.337923212,251.4601746,49.97363987,1.11145556,16.09117699,110.2517164,55.76038632
20/02/20 23:40,10.02884307,119.2528736,1640.885059,1800.912829,9.74000001,66.62250099,48.31249981,10.07000003,403.6776794,15.11711231,1793.389338,1.003902439,0.883885023,251.4601746,50.03640995,0.89374628,16.48122215,148.177198,54.40213318
20/02/20 23:50,9.258580648,119.2528736,1642.337994,1483.603872,9.046153729,68.02307774,48.51538467,9.926923018,401.7475938,15.1580795,1801.295013,0.643902439,0.204611336,251.4601746,50.06063872,1.018904794,16.85258102,127.7897453,42.39907191
21/02/20 0:00,9.82081306,119.2528736,1835.444476,1719.741485,8.815000105,69.40249825,48.67000065,9.849999857,399.3528488,15.14859903,1797.353199,0.781463415,1.212845391,244.5441728,50.02670441,1.028447498,14.95247746,114.6723927,55.2176518
21/02/20 0:10,9.410377669,119.2528736,1690.615717,1547.358621,8.655000257,71.90750084,48.675,10.09999995,399.1102646,15.13233706,1793.426022,1.021463415,0.900085738,238.2893982,49.98789444,1.01223911,15.61343288,115.0459933,50.93739519
21/02/20 0:20,8.582415915,119.2528736,1596.902686,1209.636702,8.510000038,72.82999992,48.63500023,10.1,399.0729141,15.04683986,1783.836834,0.705365854,0.337471025,238.2893982,49.97494965,1.185311094,15.04870987,124.9289679,51.14941635
21/02/20 0:30,8.050284696,119.2528736,1417.126987,998.9127395,8.422499752,73.25499916,48.50250015,10.14249983,397.9019974,15.00739981,1781.637766,0.620487805,0.148983966,238.2893982,49.91967487,1.247458783,14.82347298,124.5608974,55.96748981
21/02/20 0:40,9.023219562,119.2528736,1548.043292,1384.752216,8.269999743,73.7625,48.64250011,10.00499997,398.1284622,15.08669481,1791.637751,0.948292683,0.227980144,238.2893982,49.97797489,1.017472829,14.28852272,121.9965219,45.89270639
21/02/20 0:50,7.674728179,119.2528736,1152.144907,870.3592118,8.787499905,73.09249878,48.31499996,10.04749975,398.0902664,14.41767485,1707.034784,0.51804878,0.200418586,251.757192,49.93622494,1.125490677,14.88157272,106.8533873,48.14219675
21/02/20 1:00,8.287847476,119.2528736,1113.899267,1092.9876,13.29090907,70.972727,50.89090867,10.30909079,400.1125128,14.28381361,1701.166045,0.459512195,0.031818034,243.5725161,49.98817236,0.905343075,15.44421196,139.3981726,47.10626715
21/02/20 1:10,7.868438244,119.2528736,1030.274723,935.0583735,12.87222226,68.9361106,50.08611128,10.27777788,403.5625559,14.12320833,1672.58632,0.620487805,0.115534244,240.3447907,50.01846102,0.955121596,13.88082218,105.2209041,43.6276137
21/02/20 1:20,7.669419336,119.2528736,942.8439575,868.5860583,11.83000002,66.65250168,48.29500008,10.08249998,403.7673492,13.87022088,1645.612616,0.427317073,0,234.9967041,50.07701015,0.922390027,12.49216652,106.2381579,35.8331327
21/02/20 1:30,8.055835032,119.2528736,1137.598074,1001.110673,11.76250005,64.71500015,47.73250065,10.0500001,405.5787659,14.46472201,1716.775669,0.471219512,0,234.9967041,50.03533497,0.999457601,11.07944202,138.8389765,58.38465509
21/02/20 1:40,8.656405878,119.2528736,1541.368799,1238.936728,11.99750009,64.27000008,48.35000019,9.830000114,401.2114838,15.09653869,1789.798187,0.842926829,0.196968411,234.9967041,50.06690998,1.119748129,15.42846203,109.3801215,64.73536072
21/02/20 1:50,8.657148576,119.2528736,1494.26633,1239.230836,12.1599999,65.17500076,48.69500103,9.802500105,401.2331146,15.05051096,1784.391495,0.64097561,0.202950982,234.9967041,50.04301987,1.085298116,15.13762188,125.7842283,58.71870942
21/02/20 2:00,9.239621162,119.2528736,1634.324744,1475.640888,10.05500007,66.00999947,48.2175005,9.647499943,400.6433731,15.11536002,1793.742531,0.690731707,0.149491306,234.9967041,49.97968941,1.018535319,17.37584305,137.1643562,54.21649785
21/02/20 2:10,10.34496224,119.2528736,1938.217438,1865.717259,9.18499999,68.39499893,48.64000053,9.667499924,400.5727005,15.19409993,1800.367716,1.100487805,2.36843018,234.9967041,49.96616955,1.015894358,15.46065331,108.7010674,53.70997066
21/02/20 2:20,9.672535872,119.2528736,1913.715961,1657.465066,8.934999752,71.90250053,48.94000053,9.79749999,400.9543152,15.14678112,1797.193989,0.837073171,0.995443126,234.9967041,49.96398468,1.095013067,15.80075932,98.83249412,47.12518702
21/02/20 2:30,9.245060015,119.2528736,1826.87912,1477.925206,8.912499666,74.66750031,49.1549984,9.852500105,400.8166,15.13541289,1794.502258,0.842926829,0.794883982,234.9967041,49.90013504,1.137057598,13.92820263,67.01996212,47.44840713
21/02/20 2:40,9.353910398,119.2528736,1545.005371,1523.642367,8.750000191,75.27499847,48.87500114,9.692499924,401.8144196,15.13488324,1793.300114,0.895609756,0.017999968,234.9967041,49.92011986,0.93722797,10.48660374,107.1721988,40.67677755
21/02/20 2:50,8.58445785,119.2528736,1559.998724,1210.445309,8.600000381,74.81999893,48.79250164,9.807499981,402.2071228,15.10723597,1791.434389,0.68195122,0.176967743,234.9967041,49.94699917,1.157224618,12.61066437,91.17102518,49.89442177
21/02/20 3:00,9.064595509,119.2528736,1486.23186,1402.130114,8.517500067,74.03249931,48.78250103,9.892500114,401.328035,15.04299907,1783.959709,0.620487805,0.258475544,234.9967041,49.91944466,0.966747659,11.86721992,66.75150366,48.96571283
21/02/20 3:10,10.05594428,119.2528736,1913.338763,1806.468577,8.494999981,74.95500031,49.04499931,9.752500153,401.094548,15.14226937,1795.884722,1.094634146,1.83213192,230.8343202,49.94756489,1.038655915,10.71509647,60.90945516,40.3281292
21/02/20 3:20,10.25218699,119.2528736,2042.749426,1846.698333,8.424999714,78.11749916,48.99250011,9.845000172,401.4233841,15.13783497,1794.96797,0.898536585,5.105025731,225.1186218,50.00195484,1.082662834,10.22918129,95.05371094,39.38527405
21/02/20 3:30,10.64125695,119.2528736,2030.633954,1926.457675,8.479999924,81.07999954,48.98250027,10.00249991,402.2057526,15.11415696,1794.455915,0.901463415,3.707508021,225.1186218,50.01178474,1.037819704,10.30934525,91.97458515,45.01084023
21/02/20 3:40,10.05561633,119.2528736,1958.88147,1806.401347,8.502777788,83.42777634,49.03611056,10.06388892,402.4767609,15.16592075,1799.817123,1.15902439,2.137163863,225.1186218,50.03194385,1.063421849,10.21726894,81.29697704,52.95142619
21/02/20 3:50,9.513343867,119.2528736,1940.798656,1590.604424,8.626470958,84.99117459,49.04411697,10.41764708,403.0316898,15.1723253,1801.503215,0.837073171,1.20817018,225.1186218,50.08188831,1.136345132,10.74806881,97.17149207,57.73363674
21/02/20 4:00,8.118594646,119.2528736,1115.983066,1025.96348,8.665000343,84.56000023,48.63749981,10.64000006,401.1888535,14.46179742,1715.863226,0.617560976,0,225.1186218,49.95522022,0.95945635,11.35437489,73.33749342,46.06071482
21/02/20 4:10,8.158838224,119.2528736,1111.540356,1041.899937,8.730000067,80.77249832,47.91250038,10.5724999,400.8777344,14.40647037,1710.25383,0.620487805,0,225.1186218,49.99294987,0.942683024,10.60578728,99.06954536,45.16200919
21/02/20 4:20,9.015144825,119.2528736,1552.475903,1381.360826,10.3375,78.59250107,47.99749985,10.78749995,400.965799,15.14294109,1796.100248,0.658536585,0.027999661,225.1186218,50.02587471,1.022470647,10.36791515,89.48686056,34.67458301
21/02/20 4:30,8.591919899,119.2528736,1438.532379,1213.40028,11.2125001,77.94499969,48.8550005,10.77000003,399.9422867,15.09939462,1790.754547,0.696585366,0,225.1186218,49.97081947,1.064786414,10.64848042,54.38708954,35.69451065
21/02/20 4:40,8.08813374,119.2528736,1262.522314,1013.900961,11.59999995,76.72000046,48.70000076,10.98000002,399.4905807,14.84521696,1760.129356,0.766829268,0,225.1186218,49.93339424,1.096850508,10.53796673,72.81278009,43.68772979
21/02/20 4:50,8.781795573,119.2528736,1405.462875,1288.591047,11.9400001,74.38000145,48.27000027,10.92249994,399.1345993,14.79190385,1755.923161,0.544390244,0.163481046,225.1186218,49.94581966,0.985483397,10.19698906,77.96712675,43.56207261
21/02/20 5:00,9.82641902,119.2528736,1885.585443,1722.095988,10.32999988,75.02500076,48.19749985,10.87749996,399.8527008,15.13525227,1796.432493,0.816585366,1.607125454,225.1186218,49.9731348,1.055715074,10.01354122,79.89255629,42.32190316
21/02/20 5:10,10.08681364,119.2528736,1926.682483,1812.796796,9.697499943,77.62500153,48.29749947,10.73000016,398.2215652,15.15046848,1797.724812,1.12097561,2.553050415,225.1186218,49.94566956,1.0419267,11.35294437,89.97853999,48.00348873
21/02/20 5:20,10.03450465,119.2528736,1961.91969,1802.073454,9.615000296,80.06999969,48.55750008,11.00000005,398.5002945,15.14771886,1797.456007,0.872195122,2.267432557,225.1186218,50.03247948,1.067855992,11.09823418,79.48875599,44.41918449
21/02/20 5:30,6.974216652,119.2528736,843.0086212,638.4510296,9.61750021,80.18749924,47.67000008,11.4625001,399.3893127,13.07641111,1551.985617,0.482926829,0.184390964,225.1186218,49.97201462,1.111444369,10.59458637,106.7267183,36.24667301
21/02/20 5:40,6.876002407,119.2528736,784.7451401,613.5046114,9.854999685,75.94249992,50.275,11.6499999,403.2250198,12.99014908,1541.884478,0.488780488,0,225.1186218,50.02301502,1.083662223,9.506928444,103.2514278,43.22111537
21/02/20 5:50,6.14294091,119.2528736,516.3066679,427.3069912,12.43947375,72.09999847,51.46842194,11.96578939,403.7989277,11.56623498,1373.290955,0.228292683,0,221.4228876,49.96530493,1.030452146,10.14916897,145.712915,30.74780103
21/02/20 6:00,6.019056347,119.2528736,593.6758864,395.8403121,15.30277777,68.13611094,52.12777774,12.36944448,399.9859772,12.02735345,1429.457175,0.254634146,0,216.3381042,50.00673294,1.265225937,8.659638405,160.7281703,40.14219604
21/02/20 6:10,4.837505758,119.2528736,332.0483902,186.9631391,16.53157907,64.62249947,52.41250019,12.77250004,398.2505413,10.19754571,1212.226753,0.225365854,0,216.3381042,50.01497891,1.501210146,8.660499573,131.8036306,38.28134055
21/02/20 6:20,5.523130178,119.2528736,421.2258621,302.3022132,17.10749998,61.14000015,52.67500019,12.04000001,397.4097488,10.8619637,1289.835686,0.178536585,0,216.3381042,50.03649483,1.231264794,6.773497105,145.7435886,43.14134779
21/02/20 6:30,5.61349939,119.2528736,500.7768892,319.1108866,17.82750025,58.33684239,53.45526284,11.74210513,399.0527161,11.47726061,1363.680894,0.225365854,0,216.3381042,50.04461975,1.370977728,7.846597195,124.1907764,42.56950912
21/02/20 6:40,7.318371076,119.2528736,995.8693989,751.3359393,18.36538476,56.55769143,54.64615396,11.55769231,401.5326162,13.91938689,1651.63044,0.500487805,0,216.3381042,50.0195066,1.107717651,7.757009029,51.29663145,32.49899952
21/02/20 6:50,7.863935781,119.2528736,1162.892929,933.5545507,15.27749996,56.60499954,52.63749981,10.93500004,399.9577042,14.53247689,1723.624838,0.550243902,0,216.3381042,49.93713455,1.079345214,9.703671455,98.41957235,47.21603994
21/02/20 7:00,7.435977268,119.2528736,1074.088928,790.6164076,14.00249982,56.47249947,50.95249996,11.28749995,400.1802658,14.36855623,1705.436663,0.444878049,0,216.3381042,50.00542431,1.133461491,10.75169754,122.3992279,43.84636555
21/02/20 7:10,9.006476188,119.2528736,1524.338959,1377.719999,12.77749987,57.3875,50.82999992,10.95750003,398.5516968,15.04560877,1785.026911,0.837073171,0.247857782,216.3381042,50.01875935,1.006145977,12.22654819,99.11784935,44.71748056
21/02/20 7:20,9.994743729,119.2528736,1931.800623,1792.792366,10.75500011,60.61250038,50.44000072,10.3974999,397.7929504,15.14888191,1798.331211,0.831219512,2.193935645,216.3381042,49.96830502,1.056732819,11.28764915,94.84020576,46.06773324
21/02/20 7:30,10.15400989,119.2528736,1929.633411,1826.572028,10.2875001,65.28499966,50.45750065,10.5875,397.4045166,15.1891855,1801.310143,0.88097561,2.792708384,216.3381042,49.93068485,1.034964859,11.23244476,97.08321171,53.49253669
21/02/20 7:40,10.06116035,119.2528736,1964.625763,1807.537872,10.14999995,69.45249977,50.10499859,10.68500009,397.2654388,15.18025473,1801.235939,1.129756098,2.18031836,216.3381042,49.94382954,1.06581037,11.43919563,105.3182581,53.55717778
21/02/20 7:50,10.91050611,119.2528736,2052.536621,1981.653752,10.09999995,73.47500038,50.25249939,10.72000008,398.9653671,15.17257941,1798.728052,0.889756098,4.957803829,216.3381042,49.95599518,1.035432174,12.81290817,97.72833495,60.90530028
21/02/20 8:00,10.33959789,119.2528736,2044.432239,1864.617568,10.06499996,77.09500084,50.38500061,11.06999993,400.056749,15.13456209,1796.147123,0.889756098,4.472036378,216.3381042,49.97571907,1.072251613,11.72248077,103.653376,56.69726095
21/02/20 8:10,9.839468431,119.2528736,1918.265411,1727.576741,10.17999983,80.47749939,50.38750076,11.43249993,398.9491959,15.14072111,1795.989859,1.167804878,2.338323269,216.3381042,49.95478973,1.072057136,12.59998417,103.9668282,47.90716147
21/02/20 8:20,9.228427863,119.2528736,1618.487341,1470.939703,10.07499995,81.54249916,49.34749985,11.60999999,399.5106995,15.02032721,1778.700743,0.67902439,0.802968805,216.3381042,49.93268433,1.011375252,13.27274227,81.8633709,40.69059799
21/02/20 8:30,9.253171825,119.2528736,1499.548282,1481.332167,9.987499952,80.36499939,48.57500019,11.9349999,399.0254807,14.77051324,1752.543188,0.617560976,0.707858793,216.3381042,49.96468983,0.931518899,13.70582581,90.32132189,52.83689094
21/02/20 8:40,10.34603901,119.2528736,2016.803766,1865.937997,10.05999994,81.33249969,49.05499916,11.81249995,397.5169678,15.1720448,1800.752913,1.12097561,3.312538992,216.3381042,49.94220409,1.056948746,12.64711475,138.2090963,49.91704416
21/02/20 8:50,11.157443,119.2528736,2018.191418,2006.29772,10.14999995,83.94249954,49.51249981,11.89749985,397.5057999,15.14335647,1794.400366,0.87804878,4.112754389,216.3381042,49.96917057,1.008571956,12.71141338,107.1219589,46.94696035
21/02/20 9:00,11.51887552,119.2528736,2032.235651,2020.755021,10.30789481,86.32249985,49.90499935,11.94736847,396.7909707,15.1378587,1798.015137,0.889756098,5.957727632,216.3381042,49.95563628,1.004204735,12.99359131,130.6599255,63.58115788
21/02/20 9:10,10.744073,119.2528736,2004.426294,1947.534966,10.38999972,88.83000031,50.3324995,12.23333332,396.7041718,15.12642829,1794.204712,1.194146341,4.652169999,216.3381042,49.95327473,1.019319863,12.25713348,79.10968285,47.54703541
21/02/20 9:20,10.95910268,119.2528736,2019.463409,1991.616049,10.47749996,90.83249969,50.33249969,12.47749991,396.9421341,15.16436161,1796.068748,0.886829268,5.544223966,220.5642992,49.9371994,1.016372854,12.14496136,117.6039114,50.58448129
21/02/20 9:30,11.60923581,119.2528736,2035.490698,2024.369432,10.72142846,92.6875,50.575,12.73500004,397.102555,15.15901418,1799.290306,0.898536585,6.415772821,224.0210571,50.01160921,1.004680925,11.60892391,91.45865822,64.75354733
21/02/20 9:40,11.16317892,119.2528736,1927.548364,2006.527157,10.86842115,94.08684098,50.47894729,13.10263172,397.1320528,15.14509705,1796.619006,1.147317073,4.857652415,224.0788207,49.98258952,0.963094949,12.82779217,109.026535,54.35947056
21/02/20 9:50,10.06995074,119.2528736,1958.636238,1809.339902,10.9888889,94.54999966,50.113888,13.43611092,397.3629846,15.18589023,1797.813822,0.819512195,3.603984746,220.7887609,49.98171679,1.061409325,13.13119411,110.8596723,57.14308347
21/02/20 10:00,9.981118977,119.2528736,1822.823486,1787.06997,11,94.93437576,49.85312462,13.5,397.4930439,15.16056301,1797.383459,0.816585366,1.628288848,218.5332336,49.97960019,0.998978559,13.14801502,87.62448585,53.36189979
21/02/20 10:10,8.93505365,119.2528736,1557.492846,1349.281245,11.01315794,94.5605276,49.43157899,13.73684216,397.7247347,14.92716857,1770.999575,0.945365854,1.140881404,218.5332336,49.95703125,1.047524688,12.54499435,79.49092095,34.44756935
21/02/20 10:20,7.721593756,119.2528736,1224.008127,886.0123146,11.00789477,91.51842057,48.11052664,13.79210517,397.6716855,14.54043505,1728.283816,0.594146341,0.293000719,218.5332336,49.97421004,1.180347849,13.50030422,109.2336457,49.54070382
21/02/20 10:30,7.546015859,119.2528736,1037.596304,827.3692968,10.84500003,88.03749886,47.36499996,13.87249994,398.1037979,14.10700554,1684.215614,0.608780488,0.045498366,218.5332336,49.99257011,1.051118159,12.72505569,112.5165881,35.1452961
21/02/20 10:40,9.038570809,119.2528736,1549.076221,1391.19974,10.76250005,84.53499908,47.15749969,13.60999994,398.4570801,14.99056884,1762.441303,0.63804878,0.447392711,218.5332336,49.9979496,1.014220918,11.81567001,113.9189881,37.3503849
21/02/20 10:50,9.037327147,119.2528736,1587.533337,1390.677402,10.70749984,83.38750114,47.55,13.71500001,398.194928,14.98274696,1775.992218,0.702439024,1.055142571,218.5332336,49.9392498,1.039725001,11.81746387,89.21957998,34.94430709
21/02/20 11:00,9.1220649,119.2528736,1412.040277,1426.267258,10.7775001,83.25249977,47.6300005,13.53250003,398.5066986,14.88663617,1765.030014,0.845853659,0.521747318,216.9274213,49.96980515,0.905486285,11.29231453,93.74056482,39.2543129
21/02/20 11:10,8.94449594,119.2528736,1607.919092,1353.020392,11.85750003,81.59249992,48.07250061,14.3000001,397.8502853,14.90713455,1768.355095,0.68195122,1.295032597,210.8502808,49.94393959,1.078728189,13.08695602,101.1655112,58.70279455
21/02/20 11:20,10.14630649,119.2528736,1833.820518,1824.992831,13.37999992,82.67749939,49.62499981,14.15749984,396.8927536,15.17427497,1799.900631,0.813658537,2.76277059,210.8502808,49.97210484,0.984500882,13.28278923,100.6666484,62.50425282
21/02/20 11:30,10.39003229,119.2528736,1943.510114,1874.95662,11.99000006,84.32750015,49.62749939,14.23499999,396.7410538,15.13728055,1796.904591,1.126829268,2.903762355,210.8502808,49.94489422,1.013222216,12.616889,117.0289324,58.65743675
21/02/20 11:40,12.03112426,119.2528736,2057.475531,2040.311243,11.74000001,86.83999977,49.86749992,13.92250009,396.9511322,15.17015357,1798.510677,0.892682927,7.015806593,218.538888,49.94539452,1.010449613,12.8792963,117.9283379,52.85881035
21/02/20 11:50,12.06953001,119.2528736,2037.285028,2040.6953,12.02000022,89.4200016,50.39750061,14.60250006,396.9926865,15.14863671,1798.144409,0.895609756,7.78278399,221.8259277,49.93407936,1.000334961,12.92732525,119.2381727,52.65504375
21/02/20 12:00,12.00992579,119.2528736,2023.56145,2040.099258,12.15000005,91.63999863,50.48250027,14.74499989,396.8972519,15.18064289,1802.182623,0.895609756,7.034319427,223.0268149,49.91936417,0.993903083,13.55777836,117.7709991,66.29788284
21/02/20 12:10,12.72864733,119.2528736,2060.455292,2047.286473,12.40749974,93.56999969,50.65499992,15.02250013,396.8641327,15.20102522,1800.567135,1.179512195,7.41231458,233.8991394,49.98457451,1.007844033,14.45128345,134.1960395,59.71354551
21/02/20 12:20,13.49798875,119.2528736,2039.903583,2050,12.58750024,95.38499947,50.72750034,15.11999989,396.6782578,15.1599479,1797.193256,0.898536585,10.20864982,233.8991394,49.96269455,0.995228111,14.63810539,118.5031263,66.54678078
21/02/20 12:30,14.91742611,119.2528736,2061.732068,2050,12.88999991,96.93000107,50.83999958,15.37749991,396.9011032,15.20372786,1796.467701,1.2,13.16631916,233.8991394,49.94606915,1.00607902,14.72750759,105.0320016,58.24322391
21/02/20 12:40,14.08387685,119.2528736,2060.175769,2050,13.09500036,98.51000023,50.98500004,15.56499991,397.860231,15.19226597,1802.345953,0.898536585,11.17653388,232.2111594,50.00478439,1.004985875,14.04050827,120.3952936,66.5351037
21/02/20 12:50,15.28526039,119.2528736,2048.378241,2050,13.2724999,99.84999886,51.01249962,15.925,398.749263,15.111333,1792.570015,0.901463415,13.60411776,237.1918335,50.00512981,0.999849363,14.67838573,101.0507469,82.55188332
21/02/20 13:00,14.43060594,119.2528736,2037.881494,2050,13.3150001,100.9374996,51.05999908,15.98249984,399.0498764,15.12735097,1795.350489,1.2,11.80398741,234.1197594,49.99811001,0.994641999,15.12449551,121.5620968,67.96512237
21/02/20 13:10,14.061936,119.2528736,2046.930243,2050,13.39000001,101.8699997,51.12749977,16.05500016,399.1495651,15.11009239,1789.089798,0.901463415,12.27751298,229.5088806,50.01632957,0.99849073,14.92516136,140.0893925,57.02881889
21/02/20 13:20,13.81488757,119.2528736,2041.645062,2050,13.55500021,102.8424984,51.17500038,16.30750008,399.7008667,15.19053206,1807.235275,0.898536585,11.28404837,229.5088806,50.02117443,0.995912868,15.71111774,95.7228857,61.88801231
21/02/20 13:30,12.72849874,119.2528736,2053.921143,2047.284987,13.65750036,103.4325001,51.23000126,16.27250004,399.6083664,15.14220522,1793.013737,1.202926829,10.8198416,229.5088806,49.94998417,1.004648989,14.47219753,116.8957808,59.9152626
21/02/20 13:40,13.79257555,119.2528736,2061.028333,2050,13.85249991,104.0699997,51.29500141,16.60499992,400.2585693,15.19349407,1795.69039,0.898536585,12.59866905,229.5088806,50.00307446,1.005379611,15.02521038,126.9305126,69.91460457
21/02/20 13:50,14.27302876,119.2528736,2049.962292,2050,13.9974998,104.5050003,51.36000175,16.66749988,401.0390686,15.14560698,1798.054682,0.901463415,12.31834439,229.5088806,50.06175556,1.000295245,15.20880127,134.0158203,63.17993937
21/02/20 14:00,15.56791158,119.2528736,2061.911853,2050,14.21749992,105.2174988,51.46500072,16.86500006,400.9162338,15.18659185,1798.208364,1.197073171,14.28963908,229.5088806,50.05568562,1.00682332,15.16840172,90.85819106,84.75365887
21/02/20 14:10,14.56200976,119.2528736,2054.842004,2050,14.26000004,105.5824997,51.51249981,17.02250004,400.8232025,15.12791906,1790.709761,0.901463415,12.76191042,229.5088806,50.05738525,1.002981231,14.86805344,136.8090519,69.13532362
21/02/20 14:20,14.68795633,119.2528736,2049.844922,2050,14.35499992,105.9025005,51.6,17.05499983,400.979274,15.18381371,1796.639975,0.901463415,13.59944718,229.5088806,50.02514954,1.000448639,14.95944977,109.700845,67.65301456
21/02/20 14:30,13.88544383,119.2528736,2063.584998,2050,14.36749983,106.2024994,51.6,17.23499966,401.7749207,15.25111525,1806.249018,1.2,12.22152803,229.5088806,49.99312439,1.006578429,14.22905445,103.7017347,73.27714891
21/02/20 14:40,14.61257401,119.2528736,2054.078491,2050,14.49249992,106.5799999,51.66000023,17.25250006,402.6445175,15.12724645,1795.271078,0.904390244,12.93825914,229.5088806,50.03304996,1.002570944,14.48874187,130.1933108,60.72814174
21/02/20 14:50,14.66957946,119.2528736,2056.132043,2050,14.6625,106.8250011,51.74750004,17.42250004,402.6381012,15.14356953,1792.793684,0.898536585,12.15960153,229.5088806,49.9169096,1.003530817,15.5488987,94.78423939,66.43964705
21/02/20 15:00,12.70633521,119.2528736,2040.979742,2047.063352,14.57500014,106.925,51.71250038,17.45999985,402.3743729,15.16489233,1801.192514,1.197073171,8.698705492,229.5088806,49.91144447,0.998474093,13.29459858,120.5132055,55.61906633
21/02/20 15:10,12.35552254,119.2528736,2051.673334,2043.555225,14.62000022,107.0275009,51.725,17.53499966,402.2735214,15.1230914,1794.831013,0.901463415,9.04709018,229.5088806,49.96008968,1.005910975,13.39395714,124.0120173,61.4615057
21/02/20 15:20,12.45947251,119.2528736,2037.12713,2044.594725,14.66749997,107.3699997,51.72750034,17.77749977,402.6269699,15.18930003,1803.804005,0.898536585,8.365131813,229.5088806,50.00623016,0.998242913,13.4591341,81.2189785,64.95156088
21/02/20 15:30,11.94445596,119.2528736,2044.035815,2037.778238,14.66499991,107.2850006,51.71000023,17.77249956,403.1750168,15.1303938,1793.640678,1.2,7.244357327,229.5088806,50.12475452,1.004702825,14.1806345,99.33076725,60.20308986
21/02/20 15:40,11.4771821,119.2528736,2038.236322,2019.087284,14.6974998,107.3275009,51.70000038,17.79999971,403.0692184,15.14631262,1794.881573,0.892682927,6.610419738,229.5088806,50.06117954,1.008144265,13.34504509,97.1230113,50.77356884
21/02/20 15:50,11.73690877,119.2528736,2033.699133,2029.476351,14.78999972,107.4374996,51.68750019,17.77249994,403.1888306,15.1003954,1789.006943,0.898536585,7.427282219,229.5088806,50.05738506,1.002202588,12.43123531,94.74056702,45.12100134
21/02/20 16:00,11.96606269,119.2528736,2040.929565,2038.642508,14.81499963,107.4524998,51.74000015,18.05,403.5219925,15.14676288,1794.208271,1.202926829,8.578278526,229.5088806,50.09585991,1.002907176,13.72298145,100.4104786,56.72897663
21/02/20 16:10,11.86653056,119.2528736,2056.839545,2034.661222,14.82249961,107.6700001,51.73750019,17.91750011,403.4346832,15.23829822,1807.015045,0.895609756,8.422108996,229.5088806,50.01528015,1.011974563,13.78418064,134.9493025,48.05465651
21/02/20 16:20,12.47909317,119.2528736,2032.186005,2044.790932,14.84999967,107.5974995,51.73500023,18.125,403.3436966,15.07017991,1786.015663,0.898536585,8.623586342,229.5088806,49.97525425,0.995720734,13.79669285,102.9936041,50.06942072
21/02/20 16:30,13.9433773,119.2528736,2052.402698,2050,14.96499987,107.7550003,51.76499977,18.0125001,402.9641998,15.17996876,1800.190166,1.202926829,11.09741923,229.5088806,49.97190475,1.001093923,14.73699284,105.4639816,62.68621159
21/02/20 16:40,12.14548793,119.2528736,2032.956995,2041.454879,15.05750022,107.9375004,51.77499962,18.00750027,402.0812851,15.11201106,1792.325529,0.901463415,8.865200732,229.5088806,49.92866001,0.997817591,13.63687134,128.3215759,68.43454189
21/02/20 16:50,13.58053608,119.2528736,2066.963904,2050,15.03000011,108.0224995,51.78749943,17.91000032,401.5768341,15.22697644,1798.679752,0.901463415,11.70731498,229.5088806,49.95496445,1.00838557,14.8182478,99.94790463,71.44762678
21/02/20 17:00,14.357618,119.2528736,2059.169501,2050,15.2275003,108.1674999,51.82749939,18.10499983,400.8206039,15.21149272,1801.155682,1.197073171,11.94138215,229.5088806,50.07399025,1.004919049,15.87830925,122.7318505,63.67888823
21/02/20 17:10,13.4129169,119.2528736,2052.520032,2050,15.23000031,108.5325012,51.85249977,18.30749989,399.97155,15.14080502,1797.985909,0.904390244,11.18416802,229.5088806,50.03589001,1.001498149,15.23053932,109.484561,64.66042175
21/02/20 17:20,13.80417733,119.2528736,2032.50882,2050,15.29500027,108.8249996,51.87000027,18.02249975,398.1550125,15.08943567,1789.037607,0.895609756,12.12056465,229.5088806,49.92019501,0.991461706,14.04740047,144.0039337,70.03487043
21/02/20 17:30,13.36558247,119.2528736,2047.560315,2050,15.19500036,108.9550007,51.87750034,18.23750019,397.7657455,15.10242565,1787.496471,1.2,10.90908581,229.5088806,49.98733997,0.999141816,14.93446827,118.1065377,74.68437662
21/02/20 17:40,15.42273445,119.2528736,2061.221991,2050,15.32999997,109.2899998,51.9425005,18.22250004,396.5625656,15.20384444,1798.748211,0.901463415,13.66557532,229.5088806,50.05093021,1.006287436,15.4913311,133.7273219,75.33494377
21/02/20 17:50,14.92967715,119.2528736,2058.915509,2050,15.30000014,109.5899998,51.96000061,18.06750031,396.130571,15.2197495,1804.719103,0.901463415,13.2552795,236.8389808,50.06570511,1.004695473,15.80962753,157.445645,87.77881222
21/02/20 18:00,14.98612585,119.2528736,2035.481122,2050,15.46499991,109.8,52.08499947,18.26500015,400.8037186,15.09292343,1787.504242,1.197073171,12.69805198,239.3869629,50.0356699,0.993218536,15.42058945,136.6977406,72.95179405
21/02/20 18:10,14.60344124,119.2528736,2057.806873,2050,15.42999973,109.7899998,52.03499947,18.20249996,402.102002,15.16234656,1797.328028,0.901463415,12.1697861,231.9201306,50.07083511,1.004397527,15.13545704,177.2355633,82.1578207
21/02/20 18:20,13.87337804,119.2528736,2032.769165,2050,15.41499977,109.7325012,52.00749969,18.23500013,402.2761247,15.13354066,1793.902943,0.898536585,10.95224989,227.3137512,50.0722319,0.991553224,15.52395058,156.0190791,63.21090066
21/02/20 18:30,13.69599077,119.2528736,2034.798557,2050,15.31666682,109.672223,51.95555623,18.13055568,402.2550209,15.11019687,1793.524081,1.194146341,10.32645131,227.3137512,50.00691063,0.992634172,15.05705357,146.4892747,85.14043567
21/02/20 18:40,13.93134871,119.2528736,2054.702783,2050,15.4000001,109.5375,52.02999954,18.20999956,402.8327698,15.17609435,1800.027672,0.901463415,11.7942126,228.351907,50.00961437,1.002222062,15.71215916,131.8502499,77.40463543
21/02/20 18:50,16.6866178,119.2528736,2042.939941,2050,15.4375001,109.5625015,52.00499992,18.19749985,402.1882492,15.14366591,1796.345919,0.895609756,13.98751848,236.8183735,50.05841541,0.998216517,15.98970985,134.9251389,94.40836582
21/02/20 19:00,16.56148796,119.2528736,2035.132202,2050,15.60500026,109.6350006,52.09749908,18.16500025,398.6702332,15.13384326,1791.787107,1.2,15.05960827,224.0905299,49.97817478,0.994401518,17.60067558,133.9567113,82.82985973
21/02/20 19:10,17.74137616,119.2528736,2048.446014,2050,15.71499987,109.8925003,52.2100008,18.11000004,399.0219284,15.19804417,1797.868298,0.898536585,17.46686644,226.765573,49.97519455,1.000906881,17.5094471,154.4839527,85.0935792
21/02/20 19:20,17.39876823,119.2528736,2054.768378,2050,15.7875001,109.9650009,52.32250156,18.10999985,399.7257141,15.16562144,1797.363235,0.901463415,17.33277141,227.3137512,49.97474499,1.0039961,18.31673241,124.0898478,78.57685709
21/02/20 19:30,17.04847531,119.2528736,2052.143378,2050,15.74999995,110.1250004,52.43750095,18.30749998,400.6004181,15.12993644,1795.014765,1.197073171,16.69903825,227.3137512,50.00866947,1.002713478,18.36599159,143.7211308,79.85609837
21/02/20 19:40,17.92885752,119.2528736,2064.254584,2050,15.74750004,110.1874989,52.48750019,18.08499994,401.5573837,15.21943156,1806.055069,0.901463415,17.5833898,227.3137512,50.07794533,1.008631227,17.10456848,143.3615096,90.29334183
21/02/20 19:50,17.1886591,119.2528736,2053.127258,2050,15.70999994,110.0799995,52.49500008,18.11500006,403.3453995,15.19405152,1799.336689,0.898536585,16.43081322,227.3137512,50.08512516,1.00319422,16.29822922,162.494964,85.56558609
21/02/20 20:00,18.02864952,119.2528736,2051.282813,2050,15.76500006,110.0399998,52.51249981,18.30749989,402.5159683,15.16169603,1798.819525,1.2,17.77100921,227.3137512,49.96156464,1.002292991,17.2067852,129.3720114,76.44100933
21/02/20 20:10,16.82500129,119.2528736,2052.792712,2050,15.76000004,110.0149998,52.5524992,18.09499989,402.0997009,15.1654036,1797.995853,0.901463415,15.75252384,227.3137512,49.98440456,1.003030755,17.05764771,168.2644026,90.90062714
21/02/20 20:20,14.49833258,119.2528736,2063.928467,2050,15.62105269,110.1157909,52.52368385,18.47368441,401.411862,15.19601461,1797.641764,0.898536585,13.09031761,227.3137512,49.946273,1.007460148,17.93120575,155.2205009,91.41546269
21/02/20 20:30,16.53760624,119.2528736,2021.905564,2050,15.66666667,110.1714292,52.52142824,18.52142852,401.9366237,15.07210634,1792.998308,1.2,15.94789572,227.3137512,49.93425733,0.987938749,17.22083282,129.8550143,104.3321652
21/02/20 20:40,17.70465946,119.2528736,2053.777087,2050,15.81000004,110.2974995,52.58499908,18.4374999,403.0422516,15.1294468,1795.359873,0.901463415,17.05102775,227.3137512,50.03363514,1.003511738,17.60854721,146.2284176,100.8433573
21/02/20 20:50,18.743083,119.2528736,2060.512946,2050,15.97249994,110.1749985,52.62499866,18.35999985,403.2788345,15.19871597,1805.820757,0.898536585,18.98065174,227.3137512,49.99044514,1.006802997,17.75629997,153.5067974,107.6774889
21/02/20 21:00,18.26779051,119.2528736,2051.754999,2050,15.82000008,110.1450005,52.67499866,18.50999975,402.3117844,15.14580131,1794.347076,1.2,18.36891327,227.3137512,49.96826515,1.00252371,19.33779716,175.0002467,93.80279064
21/02/20 21:10,17.0411057,119.2528736,2061.698431,2050,15.78500009,110.1325005,52.71999836,18.63750038,403.2546844,15.18937746,1799.302551,0.898536585,16.16707628,227.3137512,49.98057442,1.007382246,19.06764221,135.9378246,105.0073868
21/02/20 21:20,16.14008212,119.2528736,2045.433167,2050,15.79750004,110.0725006,52.68749847,18.66249981,403.8727661,15.10393395,1792.521143,0.901463415,15.78828584,227.3137512,49.8958395,0.999434751,18.62213135,156.2055822,83.69221954
21/02/20 21:30,17.61010208,119.2528736,2056.470337,2050,15.78499999,110.1525002,52.6549984,18.53750038,403.7713959,15.17361161,1799.025564,1.2,17.20991533,227.3137512,49.99670944,1.004827707,16.2830658,159.9516113,86.25976696
21/02/20 21:40,15.31820884,119.2528736,2043.26593,2050,15.85000005,110.135001,52.7599987,18.49500017,402.0606201,15.11973341,1795.083086,0.898536585,14.16532311,227.3137512,50.03070469,0.997394056,17.89927673,130.957939,93.89316473
21/02/20 21:50,17.93579984,119.2528736,2076.423468,2050,15.78000007,110.2224998,52.68499851,18.5499999,403.0748169,15.3102567,1812.263477,0.898536585,17.07793657,227.3137512,50.05903969,1.014577159,16.7480526,141.2022806,99.27496948
21/02/20 22:00,16.0491631,119.2528736,2054.215607,2050,15.71000004,110.1125,52.65999851,18.71750011,402.3733978,15.16338395,1795.823359,1.2,15.20461091,227.3137512,50.04859524,1.003726006,18.11076355,111.481953,84.80201912
21/02/20 22:10,15.97740035,119.2528736,2033.47666,2050,15.83000011,110.2575008,52.65999832,18.51999998,403.0358826,15.06630416,1786.436852,0.898536585,15.53377522,227.3137512,50.03144436,0.99355836,16.50338554,152.271452,90.72812643
21/02/20 22:20,15.66727681,119.2528736,2046.322516,2050,15.74249997,110.1525009,52.60499859,18.57749968,403.6792953,15.13762794,1796.720541,0.898536585,14.5669268,227.3137512,50.0472599,0.999362394,17.07770538,130.6272835,95.37201915
21/02/20 22:30,17.32379432,119.2528736,2057.479272,2050,15.75250001,110.1500008,52.67499847,18.50749998,404.1960999,15.16452295,1801.047255,1.202926829,16.71856601,227.3137512,49.99795437,1.005320691,16.32948494,134.0956988,115.4976759
21/02/20 22:40,15.64440789,119.2528736,2058.068805,2050,15.75500002,110.2,52.63499851,18.51500006,402.0020706,15.18504502,1797.885807,0.901463415,14.06683126,227.3137512,50.00515976,1.005063906,17.56940651,118.7766964,68.26238022
21/02/20 22:50,17.5886814,119.2528736,2051.00106,2050,15.75,110.2968745,52.62499809,18.52499998,400.595438,15.18434962,1801.583719,0.901463415,16.90520916,227.3137512,49.95473719,1.002155322,16.33442879,152.1983438,87.22523248
21/02/20 23:00,15.2940571,119.2528736,2036.21304,2050,15.7249999,110.3833338,52.67222044,18.5361113,400.6813711,15.11654402,1793.898843,1.197073171,13.2564873,227.3137512,49.95883348,0.993921984,16.81475639,131.6247479,70.24943993
21/02/20 23:10,14.73665564,119.2528736,2038.989997,2050,15.70789463,110.5421062,52.60263021,18.45526314,402.3279499,15.14272876,1794.543349,0.901463415,13.69126432,227.3137512,49.99968398,0.995114826,14.93553257,130.665242,81.71141123
21/02/20 23:20,13.74980755,119.2528736,2047.170349,2050,15.56750011,110.4874992,52.57499905,18.41249981,403.4386642,15.20898847,1803.255409,0.898536585,11.359714,227.3137512,49.95570946,0.998641703,15.58836842,124.8666859,83.85725288
21/02/20 23:30,14.46925292,119.2528736,2053.414264,2050,15.56000018,110.4075001,52.53999939,18.49250031,403.8308609,15.11804241,1791.542101,1.197073171,12.34449128,227.3137512,49.91272488,1.00228292,15.16787434,128.4907617,72.04854174
21/02/20 23:40,14.21591187,119.2528736,2043.329944,2050,15.58499999,110.4075001,52.54749928,18.48750038,404.9703995,15.13658667,1798.522757,0.901463415,12.01822979,227.3137512,49.96131001,0.996971134,15.03319073,128.7179655,71.11750278
21/02/20 23:50,14.82134652,119.2528736,2063.133667,2050,15.44499993,110.3475006,52.50999985,18.52000017,403.4435364,15.20686233,1803.069586,0.898536585,12.93224675,227.3137512,50.04855938,1.006834721,14.5616827,149.0323462,79.42442656
22/02/20 0:00,13.53379588,119.2528736,2034.751312,2050,15.40749979,110.4900009,52.48500023,18.46000004,399.7173325,15.12481995,1793.789835,1.197073171,11.26342541,227.3137512,49.96128483,0.992694383,15.27716732,107.2408803,66.37133265
22/02/20 0:10,15.06548052,119.2528736,2045.280017,2050,15.57750015,110.514999,52.49750004,18.51750021,399.4960663,15.12382279,1790.76967,0.901463415,12.64215925,227.3137512,49.93263531,0.998069387,15.10319042,97.9189949,67.79582119
22/02/20 0:20,13.12961578,119.2528736,2051.410352,2050,15.40249972,110.6824993,52.41500111,18.5375001,400.021051,15.13064021,1794.687412,0.898536585,9.334205447,227.3137512,49.95813923,1.00133873,14.44549465,119.4498553,67.36322322
22/02/20 0:30,14.69187303,119.2528736,2065.567114,2050,15.42999983,110.7624996,52.43750095,18.58499975,398.7913116,15.23211636,1801.346764,1.197073171,13.44702037,227.3137512,49.94215927,1.008119093,14.46220016,118.3064604,82.16632643
22/02/20 0:40,15.46494551,119.2528736,2079.870593,2050,15.4349998,110.8674984,52.4675005,18.53500032,401.0943314,15.32822268,1812.821159,0.898536585,13.68649752,227.3137512,49.92881966,1.015443988,16.22849655,123.5756021,92.58383827
22/02/20 0:50,15.75450182,119.2528736,2024.505811,2050,15.48499994,110.9574997,52.4800005,18.22999992,402.9519333,15.1272596,1790.152416,0.895609756,14.44256693,227.3137512,49.96445408,0.988839193,16.76618195,147.4239927,83.07861795
22/02/20 1:00,15.6093617,119.2528736,2049.492767,2050,15.5775002,110.7399986,52.50999985,18.29500036,401.924321,15.12196814,1792.526733,1.202926829,14.37748099,227.3137512,49.96040478,1.000822331,17.00080109,129.9151642,74.66186728
22/02/20 1:10,15.09250746,119.2528736,2052.56167,2050,15.41499987,110.6350006,52.50249996,18.45250025,402.3662552,15.15347444,1796.539387,0.898536585,12.86768389,227.3137512,50.0202343,1.001655763,15.11738396,118.1148745,69.42747331
22/02/20 1:20,14.767905,119.2528736,2050.256818,2050,15.28500013,110.7725002,52.45750065,18.40249996,403.1619339,15.14253782,1792.911427,0.898536585,12.29554474,227.3137512,50.08325958,1.000590324,15.34784317,103.2026194,66.04996691
22/02/20 1:30,13.36721582,119.2528736,2035.551025,2050,15.27250013,110.6274994,52.45750065,18.44499979,403.5282196,15.11201061,1790.524549,1.197073171,10.90780437,227.3137512,49.96415977,0.993279494,17.04623604,139.0444571,72.24981098
22/02/20 1:40,14.20867262,119.2528736,2034.635492,2050,15.39749994,110.627499,52.43000107,18.3,404.1394836,15.12906602,1791.536842,0.898536585,13.09119424,227.3137512,50.04358501,0.992717901,16.06196213,132.2669882,78.02750063
22/02/20 1:50,15.38677845,119.2528736,2057.609406,2050,15.33500004,110.4550011,52.45250072,18.27249966,405.2930481,15.18137732,1800.746944,0.898536585,13.80662848,227.3137512,50.10763474,1.004479693,17.05120087,122.0434191,80.5547142
22/02/20 2:00,14.42175145,119.2528736,2046.083514,2050,15.36999993,110.3975002,52.47000046,18.29999971,405.3943314,15.15895191,1795.823393,1.2,13.071968,227.3137512,49.9260849,0.998631574,16.74270058,112.6321435,78.27841997
22/02/20 2:10,14.99247437,119.2528736,2066.213739,2050,15.37750001,110.3574989,52.44000072,18.26500044,403.1797882,15.25183408,1804.465496,0.898536585,12.82835272,227.3137512,50.04660454,1.008209853,16.3030529,101.9513325,63.53181734
22/02/20 2:20,14.95410533,119.2528736,2052.197296,2050,15.36750002,110.4400009,52.40750141,18.36499996,400.9402512,15.16100965,1797.525867,0.898536585,13.30404207,227.3137512,50.0431654,1.001399021,15.6924448,113.6652353,90.08552942
22/02/20 2:30,14.58536134,119.2528736,2045.003143,2050,15.38249974,110.5800007,52.42250118,18.35249977,400.4717697,15.15549405,1797.436924,1.2,12.18843161,227.3137512,49.96572971,0.998161528,16.55324745,121.3201872,68.39611816
22/02/20 2:40,16.66657038,119.2528736,2044.906543,2050,15.49500008,110.7049988,52.4675005,18.29250002,400.2873672,15.13720639,1792.805094,0.901463415,15.23813631,227.3137512,50.02365952,0.999177433,15.77881527,126.3197453,69.25266886
22/02/20 2:50,15.6278686,119.2528736,2051.852106,2050,15.41999974,110.7625004,52.46250057,18.3375001,400.6035339,15.16025394,1793.728106,0.898536585,13.49738761,227.3137512,49.9353447,1.002002712,15.80681324,105.6810789,64.91757078
22/02/20 3:00,15.36155238,119.2528736,2058.632239,2050,15.34000001,111.05,52.43750095,18.33000011,399.7824493,15.15135182,1792.880796,1.2,13.681872,223.5271819,49.90731926,1.004948079,15.53158379,137.4553281,86.20879717
22/02/20 3:10,14.4326292,119.2528736,2054.584448,2050,15.34666665,111.0366659,52.43000107,18.00666682,400.0635986,15.18934321,1798.208847,0.898536585,12.86884021,219.6307983,50.01063258,1.002797447,16.40264511,114.4629088,75.41870448
22/02/20 3:20,13.42372007,119.2528736,2048.577808,2050,15.25500016,111.2600006,52.42500114,18.38000002,400.4924133,15.14475395,1795.325655,0.898536585,10.08897868,219.6307983,50.06143456,0.999560054,15.08687592,123.7323017,83.07813931
22/02/20 3:30,14.26688457,119.2528736,2054.658502,2050,15.22500033,111.1824989,52.39250126,18.53249998,401.1584152,15.20042543,1801.453829,1.2,11.7220118,219.6307983,50.04706001,1.0025773,15.47710514,113.3379713,67.09501452
22/02/20 3:40,14.42312522,119.2528736,2053.876318,2050,15.32749996,111.2025005,52.42250118,18.47999983,401.2485016,15.17906575,1800.975735,0.898536585,11.58390701,219.6307983,50.02378426,1.00243713,14.47107506,99.46374855,87.14342861
22/02/20 3:50,13.15378423,119.2528736,2044.155304,2050,15.33500004,111.1950005,52.39750156,18.37999983,400.9060989,15.15104198,1796.156885,0.898536585,10.1011679,219.6307983,50.03493462,0.997764893,14.84736824,116.3056697,54.32379785
22/02/20 4:00,12.03151398,119.2528736,2016.287811,2040.31514,15.18000031,111.2100002,52.31500149,18.22999964,399.8565781,15.11245134,1791.830309,1.194146341,6.841530876,219.6307983,49.98395519,0.990219858,14.65128803,94.01972122,52.21946964
22/02/20 4:10,12.24578094,119.2528736,2023.344867,2042.457809,15.21500034,111.3925011,52.32500191,18.34249983,399.9520676,15.11852109,1793.669867,0.892682927,8.263421873,221.1076981,49.98339958,0.992584765,13.88350391,98.45644855,69.84819603
22/02/20 4:20,15.44758935,119.2528736,2053.639423,2050,15.33249993,111.2550007,52.26000118,18.4,400.0463364,15.19795574,1800.744398,0.898536585,12.55697982,230.6064453,49.97074013,1.002616045,14.1666832,131.2020403,68.84886942
22/02/20 4:30,15.86569138,119.2528736,2050.329926,2050,15.56749988,111.525,52.30250149,18.49750042,400.5485809,15.233474,1802.311729,1.194146341,13.76240992,230.6064453,49.96141491,1.00162231,17.17251205,145.9485898,89.93203182
22/02/20 4:40,15.98291345,119.2528736,2046.809113,2050,15.67999992,111.4399998,52.38500156,18.56249981,400.7703339,15.19856836,1804.255657,0.895609756,13.95689055,230.6064453,49.91422939,1.000081012,17.49222946,126.092852,83.50658321
22/02/20 4:50,14.45533099,119.2528736,2046.2505,2050,15.72249994,111.5099998,52.41000137,18.73749981,400.7952332,15.09107548,1789.216118,0.901463415,12.71037236,217.0179484,49.93452969,0.9987648,17.39958763,142.6192444,83.65598812
22/02/20 5:00,16.42746677,119.2528736,2042.071899,2050,15.8224999,111.4775005,52.46250057,18.75749998,400.5863861,15.19367418,1797.485172,1.197073171,15.13643942,227.1228368,49.94397469,0.997792376,16.20361519,133.7605813,85.20405178
22/02/20 5:10,17.02723966,119.2528736,2046.24837,2050,16.05250015,111.6599998,52.50999985,18.80749989,400.6211884,15.10109465,1789.807451,0.901463415,15.15625306,231.70401,49.9345396,0.999833074,16.60691261,121.3460671,76.37698832
22/02/20 5:20,15.77798343,119.2528736,2053.841656,2050,16.04250011,111.6199993,52.53999939,18.87500048,400.2410889,15.19211157,1800.646488,0.898536585,14.92055883,231.70401,49.94600449,1.003203742,16.93568993,138.8124826,88.15659409
22/02/20 5:30,16.43730502,119.2528736,2051.024585,2050,16.10250025,111.797501,52.57749882,19.01999989,400.018335,15.13118443,1794.30788,1.2,15.74044165,231.70401,49.94028435,1.002166816,17.91319656,141.7727974,90.33847218
22/02/20 5:40,15.16740708,119.2528736,2032.902582,2050,16.13500051,111.9449997,52.68499794,19.10999966,399.6562469,15.09140557,1788.974985,0.898536585,14.0930795,231.70401,49.93170452,0.992152735,17.84970665,133.2246653,68.06484365
22/02/20 5:50,15.70640635,119.2528736,2066.146021,2050,16.11500044,112.0399986,52.74749851,19.24499989,399.0610443,15.28067914,1813.16098,0.898536585,13.97342058,231.70401,49.9551096,1.009103762,16.31669807,103.1016058,82.72480383
22/02/20 6:00,15.77312012,119.2528736,2050.918384,2050,16.20500059,112.1299995,52.78749905,19.07000008,399.405751,15.15347975,1795.881151,1.2,14.05426708,231.70401,49.93377972,1.001768438,15.62016773,142.286455,66.20775928
22/02/20 6:10,16.67724366,119.2528736,2051.79231,2050,16.41499996,112.0875015,52.83249989,19.12250023,402.5714188,15.18418613,1799.024752,0.898536585,15.53572589,231.70401,49.88349457,1.00254194,16.23224449,124.9472957,70.39337111
22/02/20 6:20,15.63258348,119.2528736,2066.541333,2050,16.42999992,112.0549999,52.83749962,19.25749979,403.0903336,15.23402394,1802.472937,0.898536585,14.42954573,231.70401,49.94998989,1.009183308,15.23766613,117.3459751,73.44479418
22/02/20 6:30,16.29686089,119.2528736,2049.57334,2050,16.50750008,111.9849998,52.83749981,19.18999987,402.8450806,15.15593103,1797.130686,1.2,15.20483178,231.70401,49.93660946,1.001457713,17.0574398,157.4612774,79.31754684
22/02/20 6:40,17.00776768,119.2528736,2034.771664,2050,16.63157945,112.0263158,52.89210611,19.62631577,402.4602276,15.15532056,1797.025175,0.895609756,16.21683542,231.70401,49.93227848,0.994225353,17.89065933,124.9597106,86.10588234
22/02/20 6:50,15.22860785,119.2528736,2027.372491,2050,16.53000011,111.9849987,52.89000034,19.44250002,402.4496475,15.11562154,1791.093842,0.898536585,13.84476375,231.70401,49.93571529,0.989527679,17.31669617,167.2716705,72.65164852
22/02/20 7:00,14.87729363,119.2528736,2009.248901,2050,16.54000015,112.0149998,52.87000027,19.43000011,403.2966827,15.11329861,1794.300711,1.197073171,13.77668681,231.70401,50.03734436,0.980497598,16.7226696,154.6268719,70.35862398
22/02/20 7:10,15.17615008,119.2528736,2055.728735,2050,16.57500038,111.9200012,52.92500057,19.47750006,402.3029678,15.1673972,1795.948214,0.898536585,13.65711507,231.70401,49.98063011,1.003303682,16.80290604,134.2772642,90.00374508
22/02/20 7:20,14.46214342,119.2528736,2042.141229,2050,16.65000048,111.8425007,52.94250069,19.56499977,402.5200516,15.09794359,1789.218378,0.904390244,11.82497168,231.70401,50.03603497,0.996769559,16.65008545,150.4847044,74.87969551
22/02/20 7:30,11.30833762,119.2528736,1969.787158,2012.333505,16.53250017,111.9325008,52.82749958,19.44500027,402.4755692,15.10870041,1791.86586,1.16195122,6.044262615,233.510825,49.96827488,0.979592704,15.78818417,136.9545838,61.19439244
22/02/20 7:40,11.31951222,119.2528736,2004.203796,2012.780489,16.47249994,111.4700008,52.62749825,19.56500006,401.496138,15.12897429,1793.806555,0.883902439,5.161518667,238.610423,49.99807472,0.996349389,16.3785553,124.179635,55.45456381
22/02/20 7:50,12.55922723,119.2528736,2047.321295,2045.592272,16.35749989,111.4699986,52.66499825,19.5624999,400.7122375,15.21241821,1798.936993,0.898536585,9.029491935,236.0942688,49.91318989,1.002611168,16.10851097,110.2125076,69.84839125
22/02/20 8:00,12.83437929,119.2528736,2036.360394,2048.343793,16.38999968,111.3974998,52.7599987,19.58249998,402.8235641,15.12198897,1790.896282,1.197073171,9.432400553,236.0942688,49.91921005,0.995320181,16.47680283,146.4816689,79.59779634
22/02/20 8:10,13.52421751,119.2528736,2054.685693,2050,16.39499998,111.6075001,52.72249832,19.47500029,402.3575378,15.17996326,1796.377167,0.895609756,9.635190736,241.9997372,49.89977474,1.002424738,16.50636673,136.4990826,81.47873793
22/02/20 8:20,13.70715089,119.2528736,2037.951422,2050,16.44749994,111.5225006,52.68999825,19.51000042,402.1140854,15.16498151,1793.787289,0.898536585,12.28341085,243.7772217,50.01203022,0.994166495,17.24950409,122.2233599,87.07185812
22/02/20 8:30,12.98677745,119.2528736,2043.055725,2049.867774,16.60500031,111.6025005,52.76499901,19.59000015,401.7816696,15.16052569,1797.697746,1.197073171,9.635768209,243.7772217,50.05649471,0.997527165,17.70557785,168.4542473,81.96876202
22/02/20 8:40,15.62955804,119.2528736,2049.619244,2050,17.16000013,111.8300011,52.74249859,19.68750019,401.0630005,15.09079286,1787.695061,0.892682927,13.61366944,244.4347165,50.04528503,1.000914892,18.99784088,211.1313099,112.6685461
22/02/20 8:50,13.80345311,119.2528736,2061.315906,2050,17.46999989,111.8975002,52.79749908,19.95250025,399.9964188,15.19556075,1800.09613,0.892682927,11.3953797,250.3626099,49.94305496,1.005514235,20.71947289,170.9402613,87.51834936
22/02/20 9:00,14.28971648,119.2528736,2031.468457,2050,17.68249998,112.1300014,52.91250038,19.80499983,399.2389145,15.15720503,1799.118891,1.194146341,11.89616861,250.3626099,49.97982521,0.99129654,20.99903297,195.7517738,89.78847051
22/02/20 9:10,14.1963841,119.2528736,2039.702985,2050,17.71749973,112.2375,52.88500023,20.05999985,399.0195633,15.17664756,1796.316719,0.886829268,11.30033231,259.0847879,49.96685467,0.995171524,19.15268898,144.5744532,99.22933245
22/02/20 9:20,14.66464176,119.2528736,2013.175714,2050,17.74999971,112.4650002,52.91250095,20.03749981,399.2081772,15.09811744,1789.347084,0.883902439,12.06605796,257.168618,50.03167992,0.982568836,20.23629951,157.8111622,106.6406073
22/02/20 9:30,14.78934464,119.2528736,2027.99516,2050,17.77249956,112.3900002,52.94250031,20.04500046,398.8955109,15.11486945,1792.194128,1.188292683,11.90731328,260.2406921,49.97469978,0.989710189,20.27322769,178.9152077,99.99809017
22/02/20 9:40,12.50645423,119.2528736,2028.06983,2045.064542,17.94249973,112.7449997,52.93500099,20.34749975,398.8885666,15.20245461,1803.429354,0.892682927,8.527650532,260.2406921,50.0267498,0.993551581,20.77006721,146.8480841,110.399884
22/02/20 9:50,13.37144804,119.2528736,2033.451062,2050,18.14000063,112.7850002,52.95500069,20.39999981,399.6115311,15.23836935,1806.723816,0.883902439,9.872807599,261.3284401,49.99803028,0.992249128,19.67292404,148.3257566,95.56764717
22/02/20 10:00,13.89717526,119.2528736,2026.215833,2050,18.33250008,112.9299988,53.03749981,20.21000013,398.8936127,15.15169743,1795.648602,1.191219512,11.02692112,266.0480772,49.91048431,0.988344449,20.07854843,121.9069036,84.93727379
22/02/20 10:10,12.34637113,119.2528736,2048.364929,2043.463711,18.19500027,113.2275005,53.11999931,19.74750032,399.5186493,15.11815913,1789.820389,0.901463415,8.221563767,284.7949943,49.92951946,1.0043364,17.60273743,95.71410141,69.62481003
22/02/20 10:20,11.00526772,119.2528736,1982.583423,2000.210709,17.84499998,113.2075008,53.05250034,19.38500013,399.3128189,15.13678725,1793.438066,0.869268293,5.337576013,282.1919861,49.93062897,0.995686893,13.20207024,93.10793381,55.07846441
22/02/20 10:30,13.20908189,119.2528736,2052.658795,2050,17.55250015,112.7675007,52.92500038,19.10250015,399.3342331,15.16774602,1797.467646,1.188292683,9.912183107,282.1919861,49.91549454,1.001840867,11.76240826,111.1244633,79.37870612
22/02/20 10:40,13.39901352,119.2528736,2063.257935,2050,17.44499989,112.9099998,53.00749969,19.00750008,400.3891678,15.19810376,1801.305685,0.901463415,10.27118093,282.1919861,49.94368954,1.006756407,14.37880993,113.9198012,64.73667974
22/02/20 10:50,10.38665376,119.2528736,1898.713013,1874.26402,17.04500008,112.8574997,52.7875,19.07000017,400.5016022,15.1540136,1796.840727,0.869268293,2.827460351,281.1534869,49.91639423,0.990264741,12.72723389,116.24937,51.76352172
22/02/20 11:00,9.804236889,119.2528736,1760.992566,1712.779493,16.70999994,111.5075005,52.43999977,19.33500013,400.7024338,15.14271846,1794.733601,1.033170732,1.86737277,271.2163391,49.89967976,0.989022999,12.74406719,75.1519186,54.63174973
22/02/20 11:10,10.93807154,119.2528736,1937.253369,1987.304665,16.69500065,109.6750008,52.25500126,19.0000001,401.0796692,15.21267942,1804.733683,0.854634146,3.09513468,271.2163391,49.8826355,0.975982185,12.39564323,105.1280465,58.45077915
22/02/20 11:20,8.856101346,119.2528736,1507.890097,1318.016133,16.69750042,108.3575016,51.87250042,19.00250015,400.9327667,14.93175937,1770.241253,0.722926829,0.75054643,271.2163391,49.9574398,1.035938231,13.85732841,107.1507003,48.06857662
22/02/20 11:30,7.674988127,119.2528736,927.4653931,870.4460343,16.58000011,104.0475006,51.40499973,19.37250023,400.7113708,13.40554284,1590.79208,0.6,0.209934416,270.9423066,49.97558537,0.905943678,13.86587048,110.1134573,46.46058755
22/02/20 11:40,9.108959818,119.2528736,1265.794443,1420.763124,16.67249985,99.00500069,53.57500019,19.46750002,400.8632034,14.48526107,1718.236725,0.544390244,1.110797097,252.666505,49.95093937,0.814333259,12.27058697,143.6553421,46.04895577
22/02/20 11:50,13.47266936,119.2528736,2052.687054,2050,16.4875001,98.14500046,52.51999969,18.88500004,401.8056366,15.20350979,1803.814333,0.886829268,10.40525374,266.8309141,49.97104454,1.001499056,15.83603477,146.8174047,92.86955872
22/02/20 12:00,13.38616819,119.2528736,2068.473212,2050,16.43249989,99.92749825,52.57749882,18.54499979,401.6108353,15.26398301,1807.076517,1.194146341,10.05818642,267.923645,49.90357475,1.009318636,17.16411591,93.26732836,53.89459629
22/02/20 12:10,10.59687412,119.2528736,1894.508261,1917.359194,16.41999989,101.1575008,52.34500122,18.65249987,402.3471024,15.12273118,1789.425865,0.848780488,3.894033937,267.923645,49.90413914,0.970346415,15.47773743,141.4074803,73.80674748
22/02/20 12:20,12.50045853,119.2528736,1961.481595,2045.004585,16.52750015,101.3774994,52.07750072,18.82999983,402.8528519,15.14220411,1795.355827,0.828292683,7.860027206,266.9368932,49.91910877,0.960970475,17.48423195,136.9583996,77.98107605
22/02/20 12:30,11.24947603,119.2528736,1937.72287,2009.979041,16.66000061,102.189999,52.08749943,18.76750021,403.0741653,15.18128318,1800.848797,1.147317073,5.774980003,272.3139038,49.94730492,0.965479348,17.26029587,120.8963215,73.36738558
22/02/20 12:40,11.96463327,119.2528736,1986.322412,2038.585331,16.77999954,103.3075012,52.16500034,19.17000008,402.2537857,15.16455942,1797.63386,0.87804878,5.788738187,271.3663167,49.96664944,0.976090676,16.87281227,135.0672704,76.2533247
22/02/20 12:50,11.20973356,119.2528736,1864.38118,2008.389342,16.78749981,104.1999996,52.17000065,19.10750017,401.7461685,14.96670145,1773.790163,0.886829268,5.942862975,260.2406921,49.94338913,0.930130758,16.73455238,121.5607506,70.95847254
22/02/20 13:00,10.37507079,119.2528736,1717.95506,1871.889511,16.64500036,103.2950001,51.39750023,19.60750008,400.6177582,14.90442945,1768.835312,0.962926829,2.311914979,258.1114219,49.89088955,0.897224596,15.80796242,157.5240345,74.78277893
22/02/20 13:10,11.008182,119.2528736,1932.130896,2000.32728,16.49500017,103.1449989,51.71250019,19.6550005,401.3380371,15.15951911,1796.017136,0.854634146,5.275659486,245.9723511,49.98960457,0.970256704,18.90128136,129.1972105,80.23682699
22/02/20 13:20,12.9028563,119.2528736,1965.23241,2049.028563,16.70500002,104.0499996,51.86999989,19.52750015,401.586084,15.09989516,1790.306437,0.88097561,9.205872829,250.6326735,49.90149975,0.960093862,18.19992447,158.4909733,104.0284922
22/02/20 13:30,14.41146798,119.2528736,2034.4013,2050,16.7824996,105.0100002,51.99249992,19.55249996,402.1159073,15.15374279,1790.720736,1.191219512,11.72229255,258.0455627,49.98115444,0.99291409,20.61450195,184.0067158,102.8192502
22/02/20 13:40,12.86799588,119.2528736,1883.862646,2048.679959,16.90249958,105.7075001,52.0824995,19.39250011,402.283168,15.09944366,1790.965118,0.857560976,7.958413604,258.0455627,49.97329922,0.920566331,20.4121933,124.2877747,101.2311031
22/02/20 13:50,12.53320279,119.2528736,2039.603241,2045.332028,16.84249935,105.8524998,52.06249962,19.52249994,403.115799,15.22356105,1802.806629,0.866341463,7.630545463,258.0455627,50.03510475,0.999014072,19.25111008,146.7168964,75.75190687
22/02/20 14:00,11.39084797,119.2528736,1963.410876,2015.633919,16.91499958,106.2650009,52.04749985,19.58500004,402.2293503,15.19918495,1799.977856,1.132682927,5.697771057,258.0455627,49.92486553,0.973830759,18.39997101,118.8647262,76.2976272
22/02/20 14:10,12.51211581,119.2528736,1979.571606,2045.121158,17,106.5974995,52.23750076,19.45749998,402.1575851,15.08931354,1788.122429,0.895609756,8.060694824,258.0455627,49.88697948,0.969753726,16.88467979,123.0879944,69.66089367
22/02/20 14:20,13.22367191,119.2528736,2048.153668,2050,17.02000008,107.2049995,52.19250069,19.55500002,402.4333542,15.20336428,1800.18251,0.872195122,10.06540639,258.0455627,49.96107502,0.999622404,16.07820129,149.4696312,96.39265103
22/02/20 14:30,12.16237962,119.2528736,2019.182214,2041.623796,17.04750023,107.8224995,52.35500145,19.71250038,402.4478897,15.20915267,1804.929148,1.182439024,8.263407761,258.0455627,49.98017502,0.990970046,18.69100952,137.6000962,92.78412418
22/02/20 14:40,12.34956398,119.2528736,2024.172369,2043.49564,17.1050005,108.2250008,52.35000172,19.44000006,402.4243866,15.15998818,1794.971855,0.87804878,6.977015614,258.0455627,49.99430981,0.992458139,19.3416729,158.9265935,94.02960065
22/02/20 14:50,10.82807014,119.2528736,1908.251022,1964.754379,16.91249962,108.1025005,52.25250053,19.37999983,402.5349991,15.1699246,1797.235594,0.834146341,3.446193124,258.0455627,50.00369987,0.966476283,20.04584312,114.8910063,73.16715422
22/02/20 15:00,11.70616918,119.2528736,2006.352917,2028.246767,16.81749945,107.8599991,52.15250015,19.45000019,402.300737,15.25261836,1805.177982,1.153170732,6.137623643,258.0455627,49.9915247,0.989104611,17.64332962,114.6918985,60.36506605
22/02/20 15:10,11.25270584,119.2528736,1875.03158,2010.108233,16.72000027,107.7500011,52.11749973,19.51750021,402.6300323,15.11505291,1791.951553,0.837073171,5.594757011,258.0455627,50.05330524,0.934145651,19.04190063,154.6780054,76.17316437
22/02/20 15:20,13.18029156,119.2528736,2001.13869,2050,16.73500023,107.7475006,52.16499996,19.30249987,402.6285355,15.16626298,1793.909014,0.883902439,9.582378094,258.0455627,50.06758518,0.976733338,20.06053352,151.9997083,81.88181086
22/02/20 15:30,10.03706625,119.2528736,1692.290485,1802.59858,16.56750011,107.5575001,51.9425005,19.52750015,401.8335796,15.06467691,1785.93009,1.027317073,3.154293009,258.0455627,50.02866283,0.920807013,18.92397499,133.7779509,70.60238628
22/02/20 15:40,11.01261837,119.2528736,1852.746942,2000.504735,16.52000008,106.239999,51.77499981,19.49999962,401.2660174,15.17583704,1798.76742,0.796097561,4.154303488,258.0455627,49.9929092,0.930258147,17.34413719,125.6235149,57.70211802
22/02/20 15:50,9.675153208,119.2528736,1738.708459,1658.564347,16.32999992,104.5875004,51.42750092,19.41749992,400.802153,15.11902021,1791.900101,0.749268293,2.144701142,258.0455627,49.98611526,0.994503414,17.37543869,147.4092274,67.39244089
22/02/20 16:00,11.24606516,119.2528736,1914.894031,2009.842607,16.34210516,104.026317,51.51500053,19.10263172,400.7508802,15.17468373,1798.388597,1.112195122,5.357450443,258.0455627,50.02049496,0.954209922,16.96781921,141.4428978,66.02276812
22/02/20 16:10,10.88228401,119.2528736,1905.942938,1975.868221,16.29000015,104.5595253,51.79750004,19.05476161,400.6148697,15.0963812,1787.512413,0.848780488,5.037863434,258.0455627,50.05798016,0.962787418,17.90115547,136.0557337,59.41314244
22/02/20 16:20,8.126685921,119.2528736,1246.065448,1029.167625,16.15750046,102.9174988,50.73249969,19.08000002,399.613446,14.28849667,1694.055531,0.547317073,0.648502485,258.0455627,49.94524479,1.068341883,15.38354969,133.6053113,48.29311295
22/02/20 16:30,11.2366677,119.2528736,1736.758347,2009.466708,15.93499999,99.99210438,50.53999977,18.89473664,399.2226517,15.02919964,1779.901133,1.009756098,5.525917873,258.0455627,50.05317974,0.865706075,14.1934557,125.6320758,69.89599543
22/02/20 16:40,11.81225357,119.2528736,2028.642297,2032.490143,15.79500008,100.8500004,51.26052716,18.40500011,398.6693466,15.12545836,1794.356821,0.889756098,6.164758378,258.0455627,50.05614967,0.998774583,18.08712959,112.8667259,73.88802776
22/02/20 16:50,10.53589621,119.2528736,1937.331769,1904.858722,15.58000011,102.1199993,51.36000137,18.21750002,397.8398972,15.1783374,1800.81863,0.84,3.863364844,258.0455627,50.00681458,0.99524304,13.84646511,116.3577917,60.35470796
22/02/20 17:00,7.984128046,119.2528736,1160.778057,973.6987674,15.34249997,101.1374996,50.56249981,17.92750006,396.7474014,14.3322971,1702.811897,0.775609756,0.517266615,258.0455627,50.05224991,1.044303431,13.82501507,123.4905025,50.55618801
22/02/20 17:10,7.602724218,119.2528736,1031.164344,846.3098889,15.02250009,96.41750107,48.75750046,18.24499989,396.9435318,13.85077715,1642.528976,0.406829268,0.302041727,258.0455627,49.98600998,1.027836708,14.54774189,161.8812202,47.84957018
22/02/20 17:20,11.68261328,119.2528736,1997.905106,2027.304531,14.91499968,94.66000061,49.6949995,17.74249983,399.8246017,15.1757188,1797.68922,0.875121951,7.242747177,258.0455627,49.95987988,0.985228731,15.68448544,127.8343004,109.9964764
22/02/20 17:30,10.4714844,119.2528736,1853.942615,1891.654302,14.88749976,96.40750008,50.45750046,17.68999987,398.8089142,15.04124455,1784.470001,1.115121951,3.244797989,258.0455627,50.04766026,0.957277982,17.58844376,124.9092359,55.65350375
22/02/20 17:40,9.117609978,119.2528736,1687.272601,1424.396191,14.57000003,96.36500053,50.33999996,17.45250044,397.55177,15.15420064,1794.750549,0.722926829,0.655396223,258.0455627,49.9861145,1.083170634,15.67509842,109.1622115,57.37707601
22/02/20 17:50,10.35957103,119.2528736,1965.22439,1868.712061,14.44250016,96.52499962,50.625,16.93499985,398.7655609,15.1249925,1792.871767,0.866341463,2.571997817,272.1493466,50.00768948,1.028258227,13.57120895,90.322052,46.67931314
22/02/20 18:00,10.57595415,119.2528736,1869.678134,1913.070601,14.28750014,97.74500084,50.78999977,16.62999992,399.1966309,15.03580539,1779.951502,1.074146341,3.064129267,272.0540867,50.0556797,0.958607771,10.49970722,73.60696578,44.56255174
22/02/20 18:10,7.92238903,119.2528736,1169.13313,953.0779362,13.99999981,96.18249931,49.44499989,16.88749976,398.6081329,14.36098319,1701.902252,0.529756098,0.046499661,258.0455627,50.06877079,1.068674381,12.13237953,127.8433952,55.36065192
22/02/20 18:20,7.14985497,119.2528736,777.6262314,695.05156,13.64500017,91.99250069,47.72500038,16.83000011,398.5110931,13.16914621,1561.321032,0.371707317,0,258.0455627,50.06735039,0.937572229,14.79941368,154.0379095,44.16742187
22/02/20 18:30,7.698859429,119.2528736,874.2656677,878.4190494,13.42000008,87.00749931,46.5324995,16.7750001,398.7286591,13.62388185,1615.207912,0.468292683,0,258.0455627,49.97503948,0.848361668,14.64787006,145.1647606,45.61599128
22/02/20 18:40,8.111856532,119.2528736,1116.090295,1023.295187,14.77249994,83.12499886,46.93749943,16.69000015,399.7344177,14.29602528,1695.27103,0.465365854,0.002,244.7920142,50.01791019,0.961761322,14.4550066,100.0869233,57.03322477
22/02/20 18:50,8.72946806,119.2528736,1355.663364,1267.869352,15.47500005,80.97749939,47.77000008,16.4599999,399.8544006,14.73307206,1748.866974,0.55902439,0.268830761,244.446539,50.01826,0.964574208,14.63101673,133.7544317,58.59175978
22/02/20 19:00,8.564057541,119.2528736,1554.562,1202.366786,15.5150001,81.23749886,48.93749981,16.14249988,399.6765152,15.08658886,1787.357758,0.910243902,0.926728339,248.1674805,49.89403515,1.160141209,15.96444988,134.0915743,58.55316696
22/02/20 19:10,7.667303205,119.2528736,1089.542191,867.8792703,13.7000001,80.14750023,47.55750008,16.13999972,400.2931015,14.44604726,1712.870722,0.494634146,0,250.6353362,49.93144951,1.066532737,15.50080872,129.3625536,63.71304455
22/02/20 19:20,7.486838531,119.2528736,1024.634637,807.6040695,13.29250002,77.94500046,46.85499954,15.73750014,400.8580017,13.94229725,1653.030642,0.44195122,0.133492732,255.8504333,49.95548515,1.05781599,16.89735413,159.2206051,48.05692821
22/02/20 19:30,7.273648262,119.2528736,1025.056131,736.3985195,14.55499983,76.21749916,47.07249985,16.00750008,402.2351196,13.91144165,1650.055138,0.6,0.101996118,255.8504333,49.97001953,1.164108262,15.06683064,149.9992558,56.78098531
22/02/20 19:40,7.209459066,119.2528736,984.970163,714.9593282,15.03500009,73.80249939,46.74999886,15.81999993,402.297052,13.83544368,1641.412966,0.409756098,0.012499966,255.8504333,50.00376968,1.153320186,15.76144695,132.1035831,54.46651974
22/02/20 19:50,7.943420506,119.2528736,1189.666718,960.1024488,15.38999982,72.61500092,47.27500019,15.575,402.0517334,14.48347034,1717.054327,0.55902439,0.178968661,255.8504333,50.08474541,1.081539957,15.67790222,123.0501317,52.1613152
22/02/20 20:00,7.508872235,119.2528736,1070.179201,814.9633264,16.09750018,72.38249969,47.96750011,15.58250012,401.3967026,13.84534161,1642.515615,0.629268293,0.291820317,255.8504333,49.88880539,1.09583356,16.86039352,111.3660375,47.93015022
22/02/20 20:10,8.469741488,119.2528736,1279.922424,1165.017629,18.57250004,71.04750137,50.75499973,15.17999997,402.8335373,14.45700306,1713.933638,0.56195122,0.103498917,248.6023229,50.01351986,0.982588622,15.57231903,102.4150558,48.61088762
22/02/20 20:20,9.602796698,119.2528736,1446.545474,1628.174613,14.63249993,71.38249969,49.67999954,15.025,402.4585678,14.95280255,1773.906561,0.635121951,0.645947795,245.9723511,49.98419418,0.836028747,15.1067791,129.477517,63.02217393
22/02/20 20:30,9.022012997,119.2528736,1523.422339,1384.245459,13.4400001,72.4900013,48.97999973,14.83250003,401.1130157,14.99296461,1776.794569,0.88097561,0.217986788,242.3103496,50.02279015,1.001595472,16.03110695,113.8306899,51.45318456
22/02/20 20:40,8.952366519,119.2528736,1443.555011,1356.137142,13.06750021,73.06499977,48.37000027,14.70499997,399.5815979,15.0327989,1782.903706,0.63804878,0.233993529,242.6792539,49.98004932,0.966438868,14.52475357,109.0195183,49.92799101
22/02/20 20:50,9.18857429,119.2528736,1587.219073,1454.201202,12.7025002,73.64249916,48.33750019,14.625,399.8201324,15.11557491,1792.318096,0.684878049,0.316472202,240.4845276,49.9622551,1.001415743,13.98417377,126.3418058,53.71622963
22/02/20 21:00,10.1862159,119.2528736,1816.273016,1833.17426,12.57500029,75.62250061,48.92499981,14.5499999,399.7418152,15.12722486,1793.828161,1.056585366,1.619297254,241.7275961,49.91417999,0.970349721,15.73092461,106.5616572,53.30546894
22/02/20 21:10,9.924373341,119.2528736,1748.861047,1763.236803,12.51500006,77.67750092,49.09499931,14.6849999,399.9739182,15.14492078,1796.250063,0.772682927,1.519950665,240.6960876,49.96548958,0.965942151,16.1153717,103.5463279,55.65297031
22/02/20 21:20,10.12772551,119.2528736,1907.71051,1821.183729,12.51750007,80.31999969,49.64749966,14.65249991,400.1442383,15.17930451,1798.532753,0.828292683,2.02999521,236.0942688,49.95359497,1.02649924,15.56544018,129.5835554,49.80247555
22/02/20 21:30,10.49377789,119.2528736,1997.16864,1896.224468,12.5775003,82.80750046,50.0375,14.64250011,400.5511398,15.15581489,1796.438936,1.156097561,3.31554419,236.0942688,50.01742496,1.028538327,14.65161991,130.5364307,56.02025614
22/02/20 21:40,11.3713387,119.2528736,2048.130707,2014.853548,12.68500037,85.83750153,50.49750061,14.8999999,401.4028534,15.26402798,1809.752523,0.895609756,5.564873757,236.0942688,49.99753437,1.01648865,12.74013519,114.2559037,45.89744816
22/02/20 21:50,11.0103724,119.2528736,2024.269983,2000.414896,12.72500033,88.56999969,50.68500042,15.0250001,403.1476532,15.16439854,1796.182142,0.889756098,3.793984476,236.0942688,50.05900497,1.016453625,12.73143196,123.0362651,50.53721616
22/02/20 22:00,11.21810541,119.2528736,2046.208893,2008.724216,12.78000021,90.8125,50.74500008,15.15749998,402.7669724,15.19789848,1800.694267,1.185365854,5.722353382,236.0942688,49.93720989,1.020567339,13.44678593,102.8017947,53.11006746
22/02/20 22:10,10.9044733,119.2528736,2043.558807,1980.417027,12.92499971,93.00249939,50.88250008,15.14250007,403.8508347,15.1553383,1798.202116,0.889756098,5.218655994,236.0942688,49.93392429,1.031202327,13.8630724,109.5916367,67.2683567
22/02/20 22:20,10.03383629,119.2528736,1894.830505,1801.93644,13.0250001,94.47250061,50.83499966,15.60249987,404.5599792,15.1503485,1797.015478,0.857560976,3.768333208,236.8615768,49.9672945,1.031425302,12.84246349,127.2143278,55.2956748
22/02/20 22:30,10.18140819,119.2528736,1931.594672,1832.188679,12.88749971,94.93999977,50.74000034,15.5900002,402.5828995,15.1661202,1797.477528,1.106341463,2.180810799,242.679657,50.02417984,1.032564164,15.15093803,97.7885088,49.14469748
22/02/20 22:40,8.958566308,119.2528736,1687.086371,1358.592258,12.88999972,95.11250076,50.56250019,15.76749992,401.2276352,15.14950499,1796.319523,0.722926829,0.483951981,242.679657,50.06288471,1.127626843,14.54540062,112.0197739,43.98681421
22/02/20 22:50,8.132887816,119.2528736,1472.0564,1031.623575,12.79500022,93.65500069,49.83250008,15.75749979,401.1490509,14.96732891,1771.917646,0.646829268,0.053499741,242.679657,50.11413479,1.259440517,14.48749161,113.9334981,56.47620492
22/02/20 23:00,9.783186913,119.2528736,1628.859747,1703.938503,12.67000041,91.69500084,49.49499969,15.80499988,401.1585831,15.1181269,1793.456566,0.954146341,0.688752483,242.679657,49.97130451,0.917520942,15.98851585,134.9667633,56.78092947
22/02/20 23:10,10.19427199,119.2528736,1853.630499,1834.825759,12.59250031,91.65000076,49.93499985,15.54750004,401.8118027,15.17211203,1796.517769,0.810731707,1.748021689,242.679657,49.99864464,0.989339186,15.26474571,136.6675989,51.27164717
22/02/20 23:20,10.88399882,119.2528736,1914.618182,1976.219759,12.52000008,92.13750114,50.13499908,15.575,402.3894531,15.16728258,1797.370611,0.822439024,2.409844643,242.679657,49.99503021,0.967089867,13.95253563,128.4762533,58.00602846
22/02/20 23:30,10.13956833,119.2528736,1725.259113,1823.611507,12.49499998,93.07750015,50.35499992,15.45750003,402.6542831,15.13989705,1794.901955,1.053658537,1.775087645,242.679657,50.03638954,0.926981852,15.00252533,131.7832556,49.24963961
22/02/20 23:40,9.88555913,119.2528736,1873.760168,1746.934834,12.38499975,92.76249924,50.14499912,15.31750002,403.8986496,15.15093246,1798.017334,0.837073171,0.690966801,233.0675349,50.01613979,1.040494874,15.36994743,108.463256,54.65487652
22/02/20 23:50,9.136153889,119.2528736,1705.528003,1432.184633,12.17999988,92.77749977,50.31749992,15.28000002,404.5345169,15.11507727,1792.032068,0.743414634,0.174998232,230.6064453,50.00709953,1.089906075,13.20367146,70.96714749,37.72269418
23/02/20 0:00,8.78348484,119.2528736,1556.882364,1289.259997,12.11250005,91.61499977,49.80749989,15.17500005,403.998349,15.08358595,1787.965525,0.930731707,0.10499726,230.6064453,49.98380947,1.091144216,10.16261292,65.86960573,43.06966615
23/02/20 0:10,8.428959751,119.2528736,1210.750879,1148.868061,11.93000007,89.03750038,48.62750034,15.11499991,404.3919632,14.85397607,1759.592543,0.529756098,0.026999821,230.6064453,50.04799938,0.941189021,9.428199768,63.82699661,40.42720757
23/02/20 0:20,7.892596316,119.2528736,1095.787216,943.1271697,11.7849999,85.27000122,47.46250038,14.94250002,404.444429,14.67960204,1740.28537,0.482926829,0,230.6064453,49.94381428,1.009436209,9.822558403,57.49838238,33.80579367
23/02/20 0:30,7.959142876,119.2528736,1081.858252,965.3537205,13.20750012,81.96999893,48.14750023,14.82000017,403.5107132,14.5824438,1730.534872,0.632195122,0,230.6064453,49.90611954,0.979554529,9.10717392,61.52406731,33.17044258
23/02/20 0:40,6.936720288,119.2528736,677.8933365,628.9269531,14.72250009,78.19000015,47.96250019,14.93749995,402.9455658,12.65142573,1500.902372,0.295609756,0,223.9368266,49.95062485,0.909463061,8.272626877,83.2746376,33.26005783
23/02/20 0:50,7.164018178,119.2528736,857.4828644,699.7820714,18.11250019,74.51500092,50.99500046,15.43499994,402.5367371,13.53942794,1607.444195,0.374634146,0,216.3381042,49.87760448,1.026611147,7.663928509,87.90879135,30.32342968
23/02/20 1:00,8.052902055,119.2528736,1125.148636,999.9492137,18.3750001,71.83499985,51.90250015,15.08999996,403.4426483,14.25476329,1691.682518,0.614634146,0.004499999,216.3381042,49.96613922,0.989532617,9.630760193,77.15469942,40.48993559
23/02/20 1:10,7.201198769,119.2528736,969.4347412,712.2003887,16.11000009,70.46000099,50.10499992,14.66999998,403.8247955,14.06995685,1668.344301,0.447804878,0,216.3381042,49.94142456,1.139683804,11.24359703,108.5553991,43.29178638
23/02/20 1:20,6.498032689,119.2528736,739.689859,517.500303,18.07250018,68.175,50.74250031,15.74249992,404.4358627,12.95758975,1537.186357,0.310243902,0,216.3381042,50.03258991,1.248917819,12.86019516,122.7870285,40.98610597
23/02/20 1:30,6.864567852,119.2528736,767.4928146,610.6002344,20.64749975,66.15500031,53.41999931,15.99000015,404.2166473,13.0225887,1544.212595,0.459512195,0,216.3381042,49.92789955,1.065718622,10.51584435,110.9510096,47.15937271
23/02/20 1:40,8.206525207,119.2528736,1071.993231,1060.783982,18.91500015,64.59000072,52.71499996,15.26500006,404.9858643,14.37105359,1704.592827,0.459512195,0,216.3381042,49.89144497,0.894771592,10.77090836,90.70297837,43.09686184
23/02/20 1:50,7.610836077,119.2528736,1090.177646,849.0192496,14.97750006,63.93000011,51.07250004,14.44500012,405.5939514,14.40092267,1705.182135,0.509268293,0,216.3381042,49.89372406,1.084170479,10.34472275,90.92914381,43.34253149
23/02/20 2:00,7.58035655,119.2528736,956.4335999,838.8390878,12.88250003,63.18750038,49.42749977,13.8025001,402.7279861,13.91352202,1650.497881,0.564878049,0,216.3381042,49.89847469,0.959420815,10.65539551,70.84699454,37.38574834
23/02/20 2:10,6.68345356,119.2528736,724.4948029,564.5972042,12.91749983,61.79249935,47.68000031,13.64499998,400.468367,12.8583042,1525.936586,0.336585366,0,216.3381042,49.91798954,1.102939961,9.475448608,97.75280819,36.68109763
23/02/20 2:20,6.031074429,119.2528736,581.6380371,398.8929049,17.07250009,59.88999996,49.86500015,14.48750005,401.9074188,12.02815497,1427.353895,0.242926829,0,216.3381042,49.96406517,1.231468914,8.302258492,126.7721313,40.41833792
23/02/20 2:30,6.765444183,119.2528736,705.7310059,585.4228226,19.34500008,58.47750053,52.12750034,15.0375001,402.0129517,12.69495235,1506.848305,0.40097561,0,216.3381042,49.8880249,1.029472502,9.37848568,128.2941505,36.72010789
23/02/20 2:40,7.145863998,119.2528736,768.8613068,693.7185753,20.48499994,57.125,53.39999943,14.66999998,402.2475204,12.99449086,1541.401182,0.316097561,0,208.4331636,49.88704529,0.928851109,10.31938744,111.1907852,42.16767364
23/02/20 2:50,8.108162642,119.2528736,1022.068869,1021.832406,18.71750011,56.40999966,52.75249977,14.28500013,402.6146042,14.12926877,1675.896532,0.430243902,0.024499745,207.5575867,49.89424953,0.881855689,11.26055717,126.7466765,43.93331728
23/02/20 3:00,7.961240387,119.2528736,978.7128693,966.0542892,16.64250002,56.4074995,50.92250099,13.79250002,402.6641541,13.98841667,1659.642517,0.582439024,0,207.5575867,49.8583353,0.885685275,13.10943604,107.4512714,43.21064696
23/02/20 3:10,6.687500167,119.2528736,623.5118767,565.6250424,19.75500002,55.96749992,53.00999966,13.69749999,403.8972946,12.13278499,1438.231607,0.289756098,0,204.4294498,49.95947952,0.94716891,12.10316658,107.2981937,41.60815554
23/02/20 3:20,5.641707563,119.2528736,454.9440559,324.3576068,21.24249992,54.4675005,53.68249912,14.19000015,403.8632294,11.12146792,1320.586481,0.172682927,0,204.2648926,49.92383957,1.221327477,8.33630085,103.7077402,34.01739058
23/02/20 3:30,7.958490271,119.2528736,1086.846079,965.1357506,21.5947369,53.56315793,54.80789506,13.69473668,404.2851739,14.36463814,1703.017189,0.582439024,0,189.7420947,49.88883129,0.984235825,7.607999325,95.89242574,40.83941244
23/02/20 3:40,7.958140349,119.2528736,1169.789909,965.0188767,16.52000017,54.23499947,52.77749996,12.92749982,404.7653275,14.4822886,1717.125469,0.515121951,0.037499084,186.7675118,49.94880962,1.059444169,9.420078278,87.68181219,31.0692301
23/02/20 3:50,7.55624373,119.2528736,1043.694609,830.7854057,13.30250001,54.62249985,50.70000038,12.67000012,404.0232147,14.12575798,1675.025288,0.436097561,0.001,204.8187692,49.91242466,1.054194551,9.967140198,113.8326816,48.94280882
23/02/20 4:00,9.998252034,119.2528736,1843.626208,1794.265854,12.5375,57.23250008,51.07750072,12.79249988,403.397728,15.14719221,1796.035709,1.047804878,1.80250811,189.6121215,49.90426502,1.008016835,12.41452789,110.1540716,54.62689524
23/02/20 4:10,9.012787557,119.2528736,1477.753464,1380.370774,12.35499964,60.71249943,50.74499969,12.50750008,403.4328003,15.05997348,1785.995996,0.646829268,0.175992609,199.8746338,49.86627502,0.973838715,12.95755196,92.93801565,56.00501432
23/02/20 4:20,7.511341119,119.2528736,1212.539832,815.7879337,12.29999967,62.08250027,49.6074995,12.76749988,403.579744,14.44411585,1713.523905,0.535609756,0.436940458,211.4316253,49.9331295,1.240716253,15.87546539,124.8379198,52.44078016
23/02/20 4:30,10.07250206,119.2528736,1737.482397,1809.862923,12.37249961,63.84250031,49.78499947,13.34250002,403.2040482,15.14554645,1795.350489,0.983414634,1.760935895,213.0454102,49.88231487,0.941267191,14.70596123,81.24940394,53.48313437
23/02/20 4:40,10.25599241,119.2528736,1987.921936,1847.478445,12.58250017,67.70750008,50.375,13.58750014,404.4176468,15.1596276,1796.576551,0.869268293,3.258727187,219.0243639,49.99532986,1.053120812,13.64832497,113.8284173,46.69416075
23/02/20 4:50,12.39821625,119.2528736,2052.68866,2043.982162,13.0624999,72.34250031,50.71500015,14.05000014,403.9936661,15.19456445,1802.575018,0.898536585,8.036917729,226.2161865,49.9460247,1.006186787,14.37366295,140.6051813,75.72917347
23/02/20 5:00,13.07660141,119.2528736,2052.896198,2050,13.54500017,76.67249985,50.99499969,14.53499999,403.5300766,15.18724787,1802.671103,1.2,9.331787605,237.196848,49.90744476,1.002135578,15.29513359,126.4271576,56.21001787
23/02/20 5:10,14.76231088,119.2528736,2053.157239,2050,14.01578933,80.62631467,51.17894745,15.01315784,403.5636115,15.20125988,1805.283472,0.898536585,13.08145554,238.2893982,49.90449464,1.00200998,16.00164795,123.2916397,72.5717388
23/02/20 5:20,14.39508477,119.2528736,2045.955602,2050,14.45000015,84.37058707,51.4441185,15.41764719,403.6053539,15.16815631,1801.802768,0.898536585,12.94342567,238.2893982,49.85680524,0.998528076,17.58055115,143.0661292,59.9559867
23/02/20 5:30,15.76595516,119.2528736,2062.075104,2050,14.80499973,87.48000031,51.60500011,16.00000005,403.9599472,15.26191378,1806.797001,1.2,13.94430085,238.2893982,49.96082993,1.007206925,16.32369232,191.0816936,88.20486946
23/02/20 5:40,16.26357846,119.2528736,2057.349603,2050,15.09500031,90.27750053,51.77749958,16.19250026,403.6631653,15.19843648,1801.853291,0.898536585,14.58697548,238.2893982,49.92568893,1.005257332,17.19703865,138.7630556,65.74125576
23/02/20 5:50,14.80168877,119.2528736,2049.404205,2050,15.34000006,92.74499931,51.93750038,16.71999998,403.3655334,15.12352096,1791.653463,0.898536585,13.34172963,238.2893982,49.93653412,1.000149157,18.17847061,125.5997704,68.5884079
23/02/20 6:00,14.57322173,119.2528736,2056.173706,2050,15.52749996,94.95999985,52.05499954,17.07749977,402.5425201,15.18353502,1798.405512,1.197073171,12.67331532,238.2893982,49.90883484,1.003622894,17.82128525,141.9620564,86.21140523
23/02/20 6:10,14.59378872,119.2528736,2028.694086,2050,15.70499988,96.83999863,52.16250038,17.27000027,402.3700729,15.11487146,1792.874571,0.895609756,12.93301838,238.2893982,49.9632143,0.990194922,17.2777977,122.4775906,71.99425993
23/02/20 6:20,14.58763835,119.2528736,2054.082218,2050,15.79666684,98.53000031,52.25333481,17.57333323,402.1639587,15.14407498,1793.662315,0.901463415,12.43721217,238.2893982,49.91105347,1.002591311,17.1150856,186.2477186,92.69229787
23/02/20 6:30,15.46589217,119.2528736,2052.572345,2050,15.97500005,100.1675003,52.36250172,17.87249994,402.2111679,15.13167527,1790.543118,1.2,13.58065655,238.2893982,49.96556015,1.002117469,17.55335617,118.7460736,110.2179518
23/02/20 6:40,14.60999379,119.2528736,2039.592004,2050,16.16000071,101.5875004,52.46250057,17.86000023,401.598317,15.08446419,1790.137808,0.898536585,12.59622778,238.2893982,49.916045,0.99550217,17.30199623,144.4023741,75.03827448
23/02/20 6:50,14.52263846,119.2528736,2041.729858,2050,16.21500044,102.6175007,52.49750004,18.0750001,401.2135681,15.13262799,1791.584576,0.898536585,12.75640874,238.2893982,49.97000923,0.996610222,17.45369339,126.7531315,85.63126202
23/02/20 7:00,15.68762121,119.2528736,2064.103607,2050,16.35999975,103.8549999,52.56749897,18.29000025,401.2515961,15.20278475,1800.907339,1.2,14.00986513,238.2893982,49.9539896,1.008077394,17.05722618,136.0192462,72.86481657
23/02/20 7:10,14.22608433,119.2528736,2013.010315,2050,16.33999987,104.6674995,52.56999893,18.39750004,401.2881531,15.09665483,1788.542896,0.892682927,11.00159128,238.2893982,50.07242527,0.98219314,17.01683426,158.979089,81.07830544
23/02/20 7:20,15.27926478,119.2528736,2068.717603,2050,16.46000013,105.5124992,52.64499836,18.67999992,401.2597839,15.2286939,1803.798706,0.898536585,13.02188182,238.2893982,50.10195541,1.009769974,18.54542351,150.090979,83.17455139
23/02/20 7:30,14.01983624,119.2528736,2052.65611,2050,16.73500013,106.3074997,52.75499878,18.87000017,400.8413681,15.19798368,1802.051165,1.2,11.38934318,238.2893982,50.10720482,1.001218829,17.92061806,119.7655546,81.51676931
23/02/20 7:40,15.06683559,119.2528736,2049.299121,2050,16.87249947,106.9849991,52.79999886,19.01500034,400.2560974,15.17911953,1797.430143,0.898536585,12.47243366,238.2893982,50.01084423,1.00003231,16.57997894,140.8891352,82.4042222
23/02/20 7:50,14.77510734,119.2528736,2046.206226,2050,16.94499979,107.575,52.88250084,19.18750029,399.8359665,15.13722727,1796.162762,0.898536585,12.33550145,238.2893982,50.06332531,0.998608171,18.62298393,173.2005314,77.30774908
23/02/20 8:00,14.02425418,119.2528736,2062.806079,2050,17.27750034,108.2724998,52.91250114,19.28000021,398.2724121,15.23953405,1806.127356,1.2,12.74604618,239.2759119,50.03248482,1.006176506,16.77022934,149.1603317,89.33437233
23/02/20 8:10,12.46764007,119.2528736,2058.087512,2044.676401,17.15750074,108.9175007,52.88000088,19.56499968,400.6412552,15.20691356,1801.468489,0.892682927,8.971114878,244.8747864,50.06070976,1.008471479,18.36919785,137.6290913,77.86325006
23/02/20 8:20,11.83538265,119.2528736,2030.661206,2033.415306,17.12000046,109.0575001,52.89750099,20.00250015,401.1213516,15.16266225,1799.028305,0.895609756,7.598404679,244.8747864,50.07319565,0.999481299,18.3883667,123.5917409,65.25387111
23/02/20 8:30,11.61228013,119.2528736,2014.281207,2024.491205,17.07000027,109.3450001,52.86250019,20.04749985,400.5872162,15.11080509,1790.132051,1.188292683,6.779815291,244.8747864,50.03754978,0.994174603,17.69288254,160.1316349,59.64390974
23/02/20 8:40,10.97398977,119.2528736,2045.547852,1994.667903,17.13500061,109.6850002,52.79749908,20.28249998,401.0413513,15.1787775,1797.053221,0.889756098,5.127694463,244.8747864,49.94077969,1.028766126,17.70331383,164.399122,80.48112211
23/02/20 8:50,10.84256735,119.2528736,1948.899817,1967.726306,17.21250067,109.6650013,52.75249863,20.24499998,404.2782959,15.14439458,1794.602165,0.869268293,4.828678741,244.8747864,49.93424435,0.986373427,19.42553139,141.6600521,67.30526562
23/02/20 9:00,12.16263947,119.2528736,2021.753864,2041.626395,17.41999979,109.4350006,52.79499893,20.33999996,404.2230133,15.2111945,1798.876986,1.185365854,7.75545522,244.8747864,49.92802467,0.992230821,17.66732979,158.1413128,78.35077696
23/02/20 9:10,11.05599885,119.2528736,1880.736658,2002.239954,17.50250006,109.3825001,52.67749882,20.15250015,403.6716019,15.14713217,1797.070318,0.848780488,4.026945888,253.655304,49.95427456,0.942979928,18.88665199,133.9575533,75.9115799
23/02/20 9:20,10.44273102,119.2528736,1940.123779,1885.75986,17.47249994,108.6424999,52.5524992,20.01250038,402.5318665,15.18973625,1800.615034,0.842926829,3.870192719,253.655304,49.95206909,1.005173079,18.11252975,134.2449607,67.81821914
23/02/20 9:30,12.11924057,119.2528736,1981.451825,2041.192406,17.50249996,108.2099998,52.54749928,19.87999973,401.8817703,15.15169626,1798.472918,1.150243902,7.481820441,267.605231,49.89622993,0.972669855,17.99522972,145.2816044,81.99665976
23/02/20 9:40,12.11807089,119.2528736,2029.738708,2041.180709,17.60250015,108.8000004,52.7899992,19.86999979,401.8561035,15.11814889,1790.866442,0.901463415,7.570367521,269.0212097,49.91650429,0.996379311,17.04882431,124.5504267,64.05636206
23/02/20 9:50,11.78236814,119.2528736,2015.037207,2031.294725,17.53250008,108.8625004,52.65999851,19.62000008,402.1375656,15.17483148,1794.86039,0.866341463,5.925410688,281.8870524,50.00926971,0.992444869,14.06890297,120.9163573,89.22637138
23/02/20 10:00,14.73077993,119.2528736,2027.375128,2050,17.82249937,109.2950016,52.78749886,19.63500023,402.4330887,15.11524433,1788.814573,1.194146341,12.45712249,284.3871155,50.12406483,0.989450583,14.99986935,141.3675957,90.63182926
23/02/20 10:10,14.0268157,119.2528736,2049.983649,2050,18.03500013,109.7975006,52.86000023,19.68999996,401.7547012,15.15955603,1798.614853,0.898536585,12.03941631,284.3871155,50.06146984,0.999926047,15.58964252,111.6205194,81.13452377
23/02/20 10:20,14.28748908,119.2528736,2043.156592,2050,18.17000046,110.3749992,52.9275013,19.80249968,400.66875,15.13060449,1793.228823,0.901463415,11.59445982,284.3871155,50.12230015,0.99699658,15.40811253,121.6601101,88.67979259
23/02/20 10:30,15.5489778,119.2528736,2055.785315,2050,18.41499977,110.8274998,53.05249939,19.90749969,399.9645004,15.14295396,1798.757996,1.202926829,13.90144449,284.3871155,50.0666048,1.003802801,14.97951031,132.0353235,86.54358082
23/02/20 10:40,15.23185625,119.2528736,2047.103094,2050,18.54499998,111.4724991,53.12999954,19.88000021,399.4776337,15.12624536,1790.623592,0.901463415,13.40726591,284.3871155,50.06108532,0.999161827,14.83316326,131.0324325,80.781777
23/02/20 10:50,11.60671115,119.2528736,1985.921759,2024.268446,18.54750004,111.8124996,53.05750027,20.33250008,399.2731293,15.16522305,1796.046387,0.857560976,5.197804939,284.3871155,50.0613903,0.980245435,14.07172775,106.2819981,46.0175766
23/02/20 11:00,16.62389512,119.2528736,2055.621484,2050,18.9250001,111.8025005,53.08499928,20.11499977,398.238385,15.17264087,1795.870262,1.202926829,15.60147009,284.3871155,50.02173004,1.004412943,12.80397224,114.9750666,76.50424137
23/02/20 11:10,14.54632435,119.2528736,2056.359918,2050,18.87499962,112.1875015,53.17000027,20.10249996,398.4207123,15.19431572,1798.605497,0.898536585,12.09407204,284.3871155,50.06231976,1.003733815,16.07431793,91.34083138,89.08833799
23/02/20 11:20,15.33266902,119.2528736,2041.323322,2050,18.94749985,112.6174988,53.18250065,20.13500004,399.5118683,15.16020432,1796.544462,0.901463415,12.78071425,284.3871155,50.07552547,0.996463381,14.20070934,118.0122895,69.32300653
23/02/20 11:30,14.56338334,119.2528736,2066.818781,2050,19.07250004,113.0249992,53.20000076,20.35500021,398.9913467,15.2104522,1798.216101,1.2,12.01161078,284.3871155,50.03448505,1.008826142,14.37622166,93.57715778,78.74172316
23/02/20 11:40,13.87577257,119.2528736,2055.297626,2050,19.19750013,113.4025002,53.21250057,20.47749996,399.0015945,15.20242555,1800.433342,0.898536585,10.75055082,286.9787132,50.06738491,1.002541016,14.59436131,119.8843064,60.7688096
23/02/20 11:50,15.64659801,119.2528736,2064.982361,2050,19.1675005,113.7200005,53.24000015,20.06500006,398.869397,15.20573039,1799.043943,0.904390244,13.48539939,296.4603271,50.06436005,1.008443526,14.64169025,138.643351,90.76843281
23/02/20 12:00,15.5254034,119.2528736,2046.251038,2050,18.91999989,114.0149998,53.25750008,19.72250004,398.1934982,15.14893033,1795.647778,1.197073171,13.69094208,296.4603271,50.0698595,0.999111503,15.24937916,107.2160135,102.2800545
23/02/20 12:10,14.6741642,119.2528736,2037.918323,2050,18.56250029,114.2449993,53.25,19.30499992,397.6620331,15.11300048,1789.854137,0.901463415,12.75833882,305.6521363,50.03106956,0.994637912,15.38575172,140.2926823,112.8081228
23/02/20 12:20,13.70057969,119.2528736,2036.521014,2050,17.82250004,114.2674999,53.18750038,18.52249956,397.5122849,15.16597322,1797.561899,0.898536585,10.42210839,312.9237976,50.00290909,0.99347208,15.87191677,150.0425909,85.00828447
23/02/20 12:30,15.46529827,119.2528736,2032.878546,2050,17.24750042,114.1049999,53.1024992,17.81250029,398.0721451,15.08932167,1790.905483,1.2,13.42602681,312.9237976,49.98499508,0.992501742,16.44818878,113.5482784,106.1517368
23/02/20 12:40,15.84779696,119.2528736,2058.573016,2050,16.89749966,114.0800003,52.97250023,17.29499989,398.2365479,15.16086128,1796.015087,0.898536585,13.46583188,312.9237976,49.97441998,1.005621777,16.7529068,104.0518147,91.41004448
23/02/20 12:50,13.56704125,119.2528736,2048.686133,2050,16.7449996,113.9600006,52.88250046,17.01000004,399.9500641,15.16795041,1800.290743,0.895609756,10.38654539,312.9237976,50.09233494,0.999475582,16.26953888,141.6776245,108.7631243
23/02/20 13:00,14.93901405,119.2528736,2051.62265,2050,16.76749973,113.6199993,52.79999924,16.97999983,399.8656509,15.15598659,1793.243214,1.2,13.1956233,312.9237976,50.08006077,1.00112982,16.37350845,108.6463358,95.46949673
23/02/20 13:10,14.37312362,119.2528736,2052.074469,2050,16.69736872,113.5894727,52.71052471,17.15263136,399.8762785,15.12221768,1792.190419,0.901463415,12.04421735,312.9237976,50.01246302,1.001480468,15.8367157,112.9058841,100.5358129
23/02/20 13:20,12.72572888,119.2528736,2033.592801,2047.257289,16.63333374,113.5333328,52.62777668,17.31111103,400.3771125,15.12092963,1795.373007,0.892682927,9.283424728,307.8079851,49.978533,0.994724969,16.4747982,144.6102547,67.90224923
23/02/20 13:30,12.69421387,119.2528736,2042.761725,2046.942139,16.62000046,113.4150002,52.61499844,17.40250015,400.9775024,15.12845336,1793.231157,1.2,9.532747282,299.7530212,49.99307442,0.999430849,15.90311718,84.71941872,73.60393438
23/02/20 13:40,11.69922669,119.2528736,2035.538257,2027.969068,16.51500006,113.0999996,52.51749973,17.49749975,401.5989349,15.1479975,1795.151413,0.898536585,6.934711469,299.7530212,50.01890907,1.003579279,13.14439774,127.017241,60.15602236
23/02/20 13:50,12.92899227,119.2528736,2047.489911,2049.289923,16.69500017,112.7999996,52.51999969,17.30500002,401.7575165,15.16223198,1798.001753,0.892682927,9.341493358,299.7530212,50.04171047,1.000096792,14.66603184,75.48681383,64.4947979
23/02/20 14:00,11.88711643,119.2528736,2053.92283,2035.484657,16.49705887,112.5058832,52.46176529,17.61176457,402.1031602,15.25733965,1808.542112,1.182439024,6.545488413,299.7530212,49.94956477,1.010281258,13.12936592,114.2679338,60.6879103
23/02/20 14:10,11.72104384,119.2528736,1987.070435,2028.841754,16.56000023,112.1300003,52.42000122,17.44999975,402.0113342,15.17244518,1800.329643,0.883902439,6.577412202,299.7530212,49.88441315,0.979417334,12.3678236,75.31268527,66.89589666
23/02/20 14:20,11.27394261,119.2528736,1268.261248,2010.957705,16.60250025,111.6825001,51.26750107,17.57000008,403.5788467,9.77016896,1156.637638,0.740487805,33.66034161,299.7530212,49.90753517,NaN,13.41034603,73.50547516,55.95328588
23/02/20 14:30,12.19773147,119.2528736,426.2768452,2041.977315,16.87999954,105.1499989,48.53000031,17.65250015,405.3527359,4.726867863,557.8973969,0.181463415,61.3161769,306.0097597,49.98813934,NaN,10.29741383,41.26974897,64.11384227
23/02/20 14:40,12.02173154,119.2528736,2032.394135,2040.217315,16.84499989,101.7924999,54.56749992,17.57750034,402.4979675,15.15834023,1796.457602,0.892682927,7.320209921,306.3384094,49.9368145,0.998180385,5.638842106,94.45063553,75.21821051
23/02/20 14:50,11.24045451,119.2528736,1902.516571,2009.61818,16.40999985,102.6650002,53.18999977,17.25500011,402.5953049,15.16365896,1797.596506,0.866341463,4.251448343,306.3384094,49.93146439,0.948214011,13.59919834,103.4670649,55.8158453
23/02/20 15:00,10.34000623,119.2528736,1865.183636,1864.701278,16.17750053,102.2699993,52.46250019,17.44999962,403.3133652,15.13943669,1793.50581,1.08,3.100078506,306.3384094,50.10723495,0.978192708,12.88136959,69.60216436,42.96011763
23/02/20 15:10,10.53628607,119.2528736,1939.860736,1904.938644,16.08250027,102.4300007,52.37250137,17.24999971,402.2259705,15.13427053,1795.411749,0.857560976,3.127992097,295.9086774,50.02043972,0.996523193,11.69252968,70.16004982,53.36104255
23/02/20 15:20,10.33117049,119.2528736,1891.319849,1862.88995,15.85750003,102.7500008,52.17500076,16.97749977,401.9841019,15.15521447,1796.78714,0.883902439,3.602441105,295.3627625,49.92269459,0.992946764,10.58858967,72.88926458,34.09665194
23/02/20 15:30,9.764030385,119.2528736,1699.385956,1695.892762,15.57250009,101.4250008,51.49500065,17.20499992,401.5334686,14.95908715,1774.079395,0.951219512,1.787536906,301.5097239,50.02799969,0.959832845,10.62933922,84.6733304,50.17012682
23/02/20 15:40,8.037290978,119.2528736,1143.150586,993.7672275,15.19500022,98.9424984,50.79499969,16.88000011,402.0956711,14.57148398,1728.190464,0.526829268,0.012999961,301.9481506,49.94429016,1.010876859,11.58906555,72.83394318,37.72129016
23/02/20 15:50,9.362876248,119.2528736,1529.541409,1527.408024,14.95249991,95.12250023,50.29249992,16.71999989,400.2970001,14.91648093,1767.632269,0.652682927,0.341451028,301.9481506,49.95389977,0.925912865,9.03764534,57.26663086,36.57242203
23/02/20 16:00,10.51863334,119.2528736,1903.754364,1901.319835,14.6500001,94.40500031,50.54750042,16.23250017,400.8227036,15.12803552,1793.285563,1.047804878,2.292191488,301.9481506,50.03729992,0.978821127,9.054597855,84.31407323,46.42407084
23/02/20 16:10,9.345724463,119.2528736,1570.284192,1520.204275,14.43750005,94.36499901,50.57499981,16.07499995,400.0546005,15.14486638,1795.073908,0.696585366,0.439900419,301.9481506,50.04242954,0.954382983,10.89155865,82.37716694,35.24852567
23/02/20 16:20,9.227221489,119.2528736,1537.851202,1470.433025,14.1724999,92.49499893,50.24999886,15.91000004,399.9357391,15.11721969,1792.321781,0.711219512,0.306961313,301.9481506,50.05882511,0.961264953,10.10761833,76.67943897,37.82182634
23/02/20 16:30,7.429591799,119.2528736,927.7193588,788.4836608,13.77999997,89.95999985,49.10750008,15.54750009,398.889209,13.75844903,1630.958467,0.591219512,0,301.9481506,50.09377022,0.981734231,10.59254646,83.07185402,36.58465624
23/02/20 16:40,6.383836317,119.2528736,589.6698181,488.4944245,14.46250014,84.81999969,48.70999947,15.69749994,400.144516,11.96513535,1421.452074,0.269268293,0.048997958,301.9481506,50.02126522,1.047501379,9.19187355,82.89938087,25.33257332
23/02/20 16:50,6.489568281,119.2528736,537.8482727,515.3503434,17.56749992,79.69500008,50.63749962,15.95999985,401.1561874,11.69083545,1388.574646,0.210731707,0,301.9481506,49.95958939,0.911467741,7.273752689,67.54049406,29.19359365
23/02/20 17:00,5.660381341,119.2528736,425.3067993,327.8309294,19.12000008,75.28500023,51.72750015,15.44249988,400.036467,10.94796333,1299.179873,0.272195122,0,301.9481506,49.89280434,1.127280352,6.388187885,66.8970861,25.47330132
23/02/20 17:10,6.456230068,119.2528736,662.6833878,506.8824373,20.06500006,71.04749985,52.30499973,15.24249988,399.594281,11.81267913,1403.228565,0.242926829,0.075492836,303.3171129,49.95271969,1.139558601,5.906368256,62.11336331,31.97913437
23/02/20 17:20,7.853522086,119.2528736,1184.537338,930.0763768,19.39249992,69.60499992,53.43999996,14.50999994,397.9342682,14.31935965,1697.547352,0.564878049,0.062998916,310.7286682,49.91025486,1.102460211,6.138903618,54.59046283,27.54467816
23/02/20 17:30,6.297297859,119.2528736,565.4655228,466.5136562,18.58250008,67.63750038,51.68500004,14.30999994,398.1439621,11.98821826,1422.582739,0.362926829,0,310.7286682,49.88605003,1.045802949,7.804469585,48.45494833,20.41348581
23/02/20 17:40,6.373070073,119.2528736,513.2427139,485.7597986,20.58499994,64.6175005,53.31000004,14.19749999,401.252771,11.49718501,1366.73457,0.213658537,0,310.7286682,49.86719456,0.916236127,5.376469135,68.28241959,23.68434021
23/02/20 17:50,6.478570411,119.2528736,573.9945068,512.5568844,21.36842095,62.00526308,54.24736866,13.62894726,401.3806297,11.99082712,1424.745303,0.254634146,0,310.7286682,49.91634188,0.977402609,6.24405098,84.77831068,30.19053565
23/02/20 18:00,6.470012138,119.2528736,550.8453449,510.383083,18.52631569,59.70526324,55.07368449,13.16315791,401.2254028,11.85121936,1407.973854,0.324878049,0,310.7286682,49.98391041,0.941508597,6.871534348,60.83441689,23.78335842
23/02/20 18:10,5.770791173,119.2528736,355.0660973,348.3671582,15.00250001,57.48250027,55.77500153,12.97250009,401.6556503,10.42474826,1237.5109,0.15804878,0,310.7286682,49.99944,0.875444524,6.189700127,67.80988326,24.47055299
23/02/20 18:20,5.948916864,119.2528736,423.7857483,381.4985368,16.88250003,55.23000011,55.47500019,12.70999999,402.0734497,10.96916239,1301.906067,0.178536585,0,310.7286682,49.88062992,0.939163632,5.035994053,48.84050488,17.29722707
23/02/20 18:30,6.739122534,119.2528736,648.7613373,578.7371236,19.19000015,53.66000023,55.97750015,12.39250007,402.7111816,12.49881649,1483.286053,0.362926829,0,302.4154296,49.90185471,0.959239302,5.164511204,45.77897985,21.42013829
23/02/20 18:40,6.017208362,119.2528736,476.0757278,395.3709239,20.27999992,52.29249992,56.64999981,12.30499988,403.8668472,11.36167377,1349.165485,0.207804878,0,297.5578918,49.97657928,1.015627171,5.820431232,53.99252329,24.02004578
23/02/20 18:50,6.839341474,119.2528736,623.34646,604.1927343,20.9625001,50.99749928,57.20749931,12.00000014,404.271962,12.32432257,1464.269583,0.260487805,0,297.5578918,49.95680962,0.876287217,5.348582268,49.94519639,21.50259802
23/02/20 19:00,5.797465396,119.2528736,401.7060013,353.3285636,21.41749983,49.84000015,57.61250019,11.7374999,404.4668976,10.75167292,1275.143806,0.266341463,0,297.5578918,49.96739464,0.974020732,5.268267155,61.94535341,23.50243254
23/02/20 19:10,4.534101677,119.2528736,170.9276554,153.2852861,21.20000076,48.48749981,56.72749996,11.59499998,404.3639816,9.225356922,1096.311419,0.073170732,0.245499073,297.5578918,49.91131001,0.982984321,4.962449551,76.68558455,23.44256406
23/02/20 19:20,5.366277075,119.2528736,292.1870041,273.1275359,19.41000023,47.14249954,56.59500027,11.50000005,404.5826035,9.856442705,1171.634331,0.12,0,297.5578918,50.01116943,0.935894461,3.796169281,47.46791439,17.07521729
23/02/20 19:30,6.256571698,119.2528736,447.7664536,456.1692113,14.67999997,46.24250011,57.775,11.05250015,405.5181992,11.10889086,1318.81497,0.248780488,0,297.5578918,49.95925465,0.844462934,3.840095758,21.63188204,10.23458103
23/02/20 19:40,7.409562898,119.2528736,763.8855988,781.7940078,15.34749999,45.61500015,58.25000038,10.9625,405.0655823,13.13241801,1558.441412,0.336585366,0,290.3589341,49.96765003,0.815502846,3.633201361,28.28306694,16.83524449
23/02/20 19:50,5.881537778,119.2528736,458.7148939,368.9660267,16.72857148,45.40357154,55.33571461,10.77500003,405.6342403,11.20586795,1329.517847,0.222439024,0,279.9968567,49.97134209,1.057024375,4.470049858,43.38130249,16.81607277
23/02/20 20:00,4.911328975,119.2528736,239.6495658,195.1575162,19.04705867,44.50882272,56.21470463,10.88823526,405.9694519,9.55433402,1134.516294,0.15804878,0.115293551,279.9968567,49.91640024,1.02988179,4.578745365,56.85130736,26.71570338
23/02/20 20:10,3.471008641,119.2528736,79.52159767,54.8546394,19.8625001,43.67499981,55.8400013,10.98999991,402.341687,9.180345029,1091.148222,0.035121951,1.065000014,279.9968567,49.98596973,1.211046529,3.984608173,64.13930054,20.32630742
23/02/20 20:20,4.047560012,119.2528736,131.9647251,99.27916137,20.25999956,42.76499958,55.51000004,10.97000003,402.073996,9.143155485,1086.258059,0.055609756,0.565499708,279.9968567,49.97978477,1.112324221,3.927232981,60.93696117,24.77210321
23/02/20 20:30,3.891059506,119.2528736,108.5996971,85.93840344,20.48999996,41.8850008,55.2375,10.62750001,402.7131516,9.04177849,1074.6301,0.064390244,0.689998563,279.9968567,49.98638954,1.050307746,3.499136686,77.06738195,25.61355298
23/02/20 20:40,3.170370448,119.2528736,28.80427131,32.60741313,20.84999981,41.20750046,54.92500095,10.75999994,402.899852,8.856286034,1049.38769,0.017560976,2.980456348,279.9968567,50.00236435,NaN,3.727866888,72.08707676,26.76907272
23/02/20 20:50,2.316300023,119.2528736,-2.172945571,0,20.49249983,40.50500011,53.55999985,10.63750014,404.2778793,0.048500011,4.103499899,0.002926829,89.73379097,279.668207,50.00265999,NaN,3.968374014,9.19103322,4.096144655
23/02/20 21:00,3.427780092,119.2528736,10.57692238,51.65572679,20.1999999,39.9375,51.47000027,10.44749985,404.4034836,1.632225406,203.0722409,0.002926829,70.57810274,245.2990741,49.93661461,0.168206763,3.497868061,14.4267817,10.65627447
23/02/20 21:10,3.458646023,119.2528736,104.4754663,53.93980572,20.77749987,39.42249985,53.42999878,10.4125,404.4114807,9.442592829,1122.116924,0.046829268,0.915500148,245.9723511,49.91733971,1.610594757,3.511728048,124.4206155,43.31430681
23/02/20 21:20,4.125802931,119.2528736,75.65349388,107.9641253,21.14210581,38.97105207,53.62105078,10.51315784,405.5439823,9.434225293,1121.570916,0.032195122,1.196316383,245.9723511,49.97133677,0.59441618,4.669487,84.03854198,27.17761974
23/02/20 21:30,3.927831876,119.2528736,83.69221039,88.65955884,19.91750021,38.44499969,53.63999844,10.39249992,404.4040527,9.410943881,1118.560873,0.049756098,1.114999415,245.9723511,49.94042454,0.783849682,4.670686722,118.9244971,29.37641866
23/02/20 21:40,6.093852949,119.2528736,339.5674179,414.8386491,14.72249999,38.13000031,54.225,10.09500008,402.1684357,10.37463064,1233.136608,0.134634146,0.122499442,244.1651065,49.95119972,0.695209547,4.689087868,57.70021673,24.76817732
23/02/20 21:50,6.889998579,119.2528736,676.8651688,617.0596391,15.56749997,38.43000011,55.91749935,10.03250008,402.4875183,12.61731514,1496.254303,0.31902439,0,233.8485406,49.97154064,0.928419374,4.074222565,68.20071881,27.0042196
23/02/20 22:00,5.532263005,119.2528736,312.6058884,304.0009189,19.09750013,38.56249962,55.99250011,9.857500076,403.0111649,10.1015131,1199.189953,0.19902439,0,239.3869629,49.88376942,0.907553458,5.552241802,117.8554202,36.32023706
23/02/20 22:10,4.357349527,119.2528736,119.7430334,133.6657975,19.94999981,38.2375,55.51500034,9.742500019,404.4687454,9.517267406,1131.809275,0.055609756,0.91750564,239.3869629,49.91018963,0.783519666,5.72227335,77.33014972,16.25249023
23/02/20 22:20,3.287024742,119.2528736,20.27531439,41.23983094,20.2,37.87999954,54.52749977,9.829999876,403.0819504,5.905057546,703.9774171,0.002926829,16.08940599,232.2527924,50.00804482,0.376733963,4.210622311,28.36763405,19.01922802
23/02/20 22:30,4.362472796,119.2528736,147.4953541,134.2344804,20.6050004,37.45999985,54.79500141,9.837499952,402.0548218,8.992524639,1068.927017,0.08195122,0.245000005,225.1186218,49.96560497,0.961555201,3.380894899,39.68778086,13.65075763
23/02/20 22:40,2.384553742,119.2528736,13.06037861,0,20.65750008,37.12749958,54.37750034,9.710000134,403.5173676,5.298996664,629.5408277,0.008780488,20.94695617,225.1186218,49.9923151,1,3.098619461,68.43047584,26.58074315
23/02/20 22:50,2.207437551,119.2528736,-1.416442531,0,20.03499994,36.79499989,52.92499962,9.682499933,404.4677505,0.54388363,69.84635246,0.01902439,44.99000168,225.1186218,49.95541477,1,3.820131302,3.140119858,3.397578493
23/02/20 23:00,3.898975015,119.2528736,81.09900278,86.52415109,20.59999981,36.48250046,52.47749996,9.664999819,405.0259018,7.271522205,865.2297764,0.01902439,10.21902983,225.1186218,50.01327457,0.778869539,3.431178808,57.74068261,18.86665246
23/02/20 23:10,3.340161562,119.2528736,56.33373475,45.17195559,21.09500036,36.22499962,53.23500023,9.724999905,405.5531174,9.407320797,1118.74542,0.026341463,1.415000576,237.2131937,49.91793003,0.984174128,3.50442481,81.47789712,27.23100078
23/02/20 23:20,2.864720333,119.2528736,15.53454963,0,21.20000076,35.8875,53.17750053,9.787499905,406.4069519,9.201066032,1094.311037,0.008780488,1.49000001,238.2893982,50.01807957,1,4.419778824,49.06958947,13.37141116
23/02/20 23:30,2.093589056,119.2528736,-5.132424986,0,20.83000011,35.68499966,52.46499996,9.769999933,407.6459351,1.737914833,206.6266652,0.002926829,39.16999948,238.2893982,50.03345909,1,3.724735022,18.24087093,5.602780946
23/02/20 23:40,2.408831263,119.2528736,-1.14542453,0,19.56999979,35.45500011,50.19500008,9.659999895,404.0884964,0.336790063,40.55356362,0.000487805,44.99000168,238.2893982,50.01096973,1,3.539543629,3.436925909,3.309198785
23/02/20 23:50,2.565712476,119.2528736,-1.708267033,0,19.21250057,35.22500019,50.12749977,9.614999962,402.7738525,0.731442648,88.54923999,0.000487805,44.99000168,238.2893982,50.05977497,1,3.509907961,3.109637575,3.234377183
24/02/20 0:00,2.722835541,119.2528736,-2.46533158,0,19.07105285,35.0000004,48.81578907,9.573684291,404.0506849,0.838439618,101.4341185,0.000487805,44.99000168,212.9845505,50.04041049,1,3.449563742,3.827062964,6.570947195
24/02/20 0:10,2.49435401,119.2528736,-1.708978362,0,19.14166652,34.75000085,48.20555602,9.502777788,403.8918847,0.801886814,96.18619124,0.000487805,44.99000168,200.9721985,50.04893854,1,3.380699396,3.752323425,3.190245706
24/02/20 0:20,2.582849967,119.2528736,-2.604013556,0,18.57250023,34.63749943,47.5,9.437500095,403.422348,0.69539862,84.21721959,0.000487805,44.99000168,199.2538181,50.08408489,1,3.402129412,3.658374408,3.785692866
24/02/20 0:30,3.082275975,119.2528736,10.68618768,26.08842213,18.66500006,34.43750038,47.05250072,9.362500048,401.6754517,3.207788629,384.1636208,0.000487805,31.71737174,167.6638409,50.02524986,0.262967414,3.382333994,7.653560883,6.839670564
24/02/20 0:40,4.039299655,119.2528736,115.6461632,98.3622617,19.16000032,34.25750008,48.50500031,9.467499828,400.4606354,9.205309421,1093.326605,0.04097561,0.896004075,166.9507392,50.01358986,0.98232398,3.149274111,44.20261726,13.36257237
24/02/20 0:50,6.055948186,119.2528736,350.3058441,405.2108392,19.58000031,34.25749989,49.80999928,9.317500114,400.1736969,10.36084217,1230.458462,0.149268293,0,187.8014221,49.95912952,0.73178275,2.984785557,20.15417371,13.04759778
24/02/20 1:00,6.399540091,119.2528736,381.4434418,492.483183,19.93249998,34.30500011,50.71500015,9.087499809,399.8729675,10.60794166,1261.669796,0.222439024,0,187.8014221,49.89686489,0.672782641,3.135931969,29.33535783,11.77399766
24/02/20 1:10,5.785418344,119.2528736,329.4121498,351.0878119,19.74000044,34.52999992,51.1925005,8.860000181,400.3833038,10.15334125,1205.53874,0.140487805,0,187.8014221,49.98394527,0.804754012,3.224370718,30.46040046,12.80426113
24/02/20 1:20,5.534119225,119.2528736,314.5490028,304.3461758,20.05749979,34.50999928,51.70000038,8.960000038,400.874913,10.09485054,1199.599434,0.143414634,0.024499745,187.8014221,50.04694519,0.911935129,3.347840786,48.95381138,17.85205555
24/02/20 1:30,4.611730087,119.2528736,167.6052927,161.9020396,20.39999962,34.64500027,51.82499943,9.020000029,401.0871307,9.208189487,1095.637819,0.114146341,0.321493992,187.8014221,50.06601486,0.901158373,3.891140461,43.73243995,15.15436954
24/02/20 1:40,4.271906328,119.2528736,120.8795504,124.1816024,20.38999958,34.43500023,51.65750027,9.055000114,401.5646515,9.005872205,1069.451122,0.052682927,0.590496716,187.8014221,50.01378441,0.842967841,3.120283604,32.66638367,14.03729494
24/02/20 1:50,4.538723791,119.2528736,138.7709885,153.7983408,20.1750001,34.20499992,51.47250061,8.807500076,401.9141815,8.992263079,1067.84602,0.055609756,0.343999385,187.8014221,49.99626465,0.794761708,2.832704782,37.93996,12.58143266
24/02/20 2:00,5.746399951,119.2528736,308.894603,343.8303909,20.12000027,34.15750065,51.69500027,8.927500057,401.7453339,9.955564186,1184.513449,0.163902439,0,187.8014221,49.96789474,0.773527704,2.709653854,32.52722788,15.72319939
24/02/20 2:10,4.460872638,119.2528736,199.7411112,145.1568628,20.27999954,34.24500027,51.87250004,8.912499952,402.3891357,9.450385451,1122.732016,0.090731707,0.289495098,187.8014221,50.10480003,1.216065725,3.201145887,94.4929316,34.36483541
24/02/20 2:20,4.576591229,119.2528736,218.1139124,158.0016265,17.41749978,34.21999989,52.21750069,8.79000001,402.6660522,9.921022207,1179.495975,0.096585366,0.544994464,183.9606347,50.08555565,1.20831655,4.302471161,92.12451782,21.11920419
24/02/20 2:30,5.071968687,119.2528736,265.0797531,218.3861757,13.08499994,34.15499916,52.76499977,8.679999948,402.9882828,9.669322148,1148.041969,0.149268293,0.025499747,140.6061401,50.0760004,1.021795582,5.085699081,60.98706241,18.30770054
24/02/20 2:40,5.477856247,119.2528736,365.0914242,293.881262,15.0473684,34.26578943,53.3105268,8.668421143,403.2999171,10.44664673,1242.460857,0.163902439,0,140.6061401,50.06873663,1.098980533,3.760030508,79.49656406,21.61158624
24/02/20 2:50,4.219597197,119.2528736,154.3982952,118.3752888,17.74500017,34.33500004,53.20999985,9.037500095,403.3679443,9.396067366,1117.141417,0.076097561,0.468999879,160.4377029,50.04065475,1.12187887,4.910247326,91.95827932,33.38321593
24/02/20 3:00,6.305576801,119.2528736,556.152219,468.6165075,18.81000004,34.41499977,53.60499954,8.97750001,402.7546036,11.83800682,1406.439634,0.27804878,0.098996454,162.2237583,49.99140549,1.024548633,4.978540897,99.18150616,36.6313906
24/02/20 3:10,6.105510092,119.2528736,584.1114944,417.7995633,19.7125001,35.03000031,54.80249996,8.882499933,402.3626007,11.80396691,1400.467209,0.248780488,0,164.7525635,50.02226486,1.188587214,8.120503426,101.7180654,29.49101458
24/02/20 3:20,7.786437345,119.2528736,965.7656311,907.6700731,18.89750004,36.22249985,54.90999947,8.982499981,402.6755722,13.99976854,1661.281042,0.430243902,0,156.022015,50.04085484,0.91506983,8.533508301,80.65665565,39.23963327
24/02/20 3:30,7.705708921,119.2528736,1091.57977,880.7067796,18.0125,37.76749954,54.04500008,8.954999924,402.8455536,14.25560001,1693.247154,0.602926829,0.065995011,158.1671753,50.05778522,1.057241629,10.8270731,97.65249615,36.74904552
24/02/20 3:40,8.926378989,119.2528736,1379.743881,1345.84608,14.86750007,40.27500057,53.10249958,8.950000143,403.041037,14.8894731,1765.855848,0.582439024,0.381572059,158.1671753,50.08639927,0.930123953,12.06800652,100.0568604,49.09192982
24/02/20 3:50,9.164851427,119.2528736,1588.336841,1444.237599,11.76249995,44.05749989,52.11750031,8.855000067,403.0453186,15.12738615,1796.784519,0.725853659,0.36845128,158.1671753,50.07591553,1.007915734,12.64870834,87.0661046,42.47601733
24/02/20 4:00,8.187405849,119.2528736,1220.48468,1053.212716,10.69250002,47.32249985,50.49249992,8.929999924,402.7058212,14.71192168,1746.17391,0.775609756,0,158.1671753,50.08677959,1.02521237,11.88406277,117.5684632,51.63455272
24/02/20 4:10,9.213800788,119.2528736,1556.547296,1464.796331,10.20249991,49.88999958,49.98499966,8.707499933,402.416655,15.14500974,1797.393494,0.690731707,0.068999545,158.1671753,50.11047993,0.976096636,13.79555321,77.37036715,49.21946726
24/02/20 4:20,9.428847313,119.2528736,1722.34176,1555.115871,9.84499979,53.4074995,49.97249947,8.785000038,402.734169,15.12510815,1794.079834,0.75804878,0.406898414,155.0936331,50.14488964,1.026872812,12.23331738,80.42740269,52.85642533
24/02/20 4:30,9.746210313,119.2528736,1799.634772,1688.408331,9.580000019,56.91249943,50.01999969,8.852500105,401.8577835,15.14550523,1795.407743,1.012682927,0.995740977,153.7769165,50.09589005,1.019014524,11.16350269,99.59005089,38.62098112
24/02/20 4:40,9.525632119,119.2528736,1793.833136,1595.76549,9.367500067,60.50249958,49.98749962,8.96750021,401.4523026,15.1112325,1792.599998,0.787317073,0.999423069,153.7769165,50.13664532,1.048413481,11.52506924,105.2166837,42.25187516
24/02/20 4:50,10.01076326,119.2528736,1809.481158,1797.206469,9.212500048,63.01750031,49.68250027,9.014999962,401.0554321,15.12762724,1792.944935,0.755121951,1.615130635,153.7769165,50.10893517,0.987789434,12.28308678,74.26645708,46.50445633
24/02/20 5:00,10.09921358,119.2528736,1832.059753,1815.338783,9.27750001,66.73750038,49.54750004,9.232500029,399.8439499,15.08682758,1789.698532,1.068292683,1.684938498,153.7769165,50.0002552,0.989246451,10.93002319,77.55271702,50.68964853
24/02/20 5:10,7.538813663,119.2528736,890.3570526,824.9637633,9.009999895,67.52000008,49.04249973,9.427499914,402.8793854,13.5535651,1607.757099,0.409756098,0,162.5097614,50.08880482,0.903832516,11.70707989,109.6896194,34.13041821
24/02/20 5:20,6.181653523,119.2528736,506.8595612,437.139995,11.83000007,64.32499981,48.61499977,9.61500001,403.4257141,11.50219367,1366.984875,0.219512195,0,165.8501282,50.09244423,0.991910663,10.22395992,117.6098649,27.15280743
24/02/20 5:30,7.016706145,119.2528736,790.2981827,650.5798524,14.91500006,61.37499962,50.86000023,10.23250008,401.9777847,12.96012001,1537.877884,0.415609756,0.050997696,165.8501282,50.04436455,1.020539811,7.643009186,100.9227587,26.25853405
24/02/20 5:40,6.664898822,119.2528736,898.0506226,559.8843008,16.70000016,59.41250019,53.06749973,9.974999952,402.6414024,13.70531268,1624.247343,0.383414634,0,165.8501282,50.06043605,1.380783105,8.405205727,85.73197104,38.94822505
24/02/20 5:50,7.132109284,119.2528736,948.5521973,689.124501,14.99499989,58.40263146,51.5473685,9.952631499,399.0268005,13.73244373,1630.440842,0.447804878,0,166.2675758,50.00391464,1.153854995,10.87483311,68.43150969,30.536936
24/02/20 6:00,8.26405046,119.2528736,1101.85029,1083.563982,13.54250016,57.55750027,50.03249912,9.782500029,400.6397842,14.60782769,1733.004719,0.646829268,0,178.5398465,49.99090481,0.902482604,9.225645065,84.54189272,35.46531625
24/02/20 6:10,7.921052599,119.2528736,1008.323996,952.6315681,13.19749985,56.79250011,49.27249985,9.882499933,401.9311005,14.12479609,1676.170429,0.421463415,0,179.0209045,50.09918499,0.922002714,9.189937592,69.07797871,39.75519638
24/02/20 6:20,8.885653019,119.2528736,1353.800968,1329.718596,13.24749994,56.49999962,49.32249947,10.01000009,400.9548813,14.99266957,1776.967724,0.579512195,0,174.0875926,50.09764023,0.92266223,7.870419025,57.96440568,44.66954532
24/02/20 6:30,8.657130051,119.2528736,1231.61792,1239.2235,13.45500002,57.19499969,49.41249943,9.932499981,399.7129501,14.89539456,1766.538815,0.731707317,0,175.7282104,49.99204502,0.894539146,8.346520424,44.08530142,45.82155628
24/02/20 6:40,7.644545555,119.2528736,929.5541626,860.2782154,13.49000001,56.69249973,48.59500046,10.11499982,402.3729858,13.955347,1656.138216,0.406829268,0,175.7282104,50.08671513,0.915715625,7.78455019,52.92819316,27.30495901
24/02/20 6:50,8.177215099,119.2528736,1253.78833,1049.177179,13.66500025,55.94249992,48.56500053,10.32999997,402.1127869,15.05151585,1785.132929,0.52097561,0,175.7282104,50.07578583,1.056780419,6.995650291,37.47850866,47.77188025
24/02/20 7:00,8.816136265,119.2528736,1360.44649,1302.189961,11.87750001,56.64999981,47.94500046,10.32000008,400.2138641,15.1302335,1793.785206,0.787317073,0,175.7282104,50.08721466,0.9449124,6.797422886,44.61722732,58.59322128
24/02/20 7:10,7.894434023,119.2528736,1042.440793,943.7409636,10.79500003,56.80249958,46.99749966,10.55499997,401.6778519,14.45682438,1714.852278,0.450731707,0,175.7282104,50.03493004,0.959832257,7.665696621,57.99216347,37.13648667
24/02/20 7:20,8.394192171,119.2528736,1251.418414,1135.1001,10.58500032,56.52499981,46.96750069,10.3750001,399.8820297,15.04728614,1784.429461,0.544390244,0,175.7282104,50.04004517,0.983357699,7.690187454,51.31559896,40.36809711
24/02/20 7:30,8.790928507,119.2528736,1382.070636,1292.207689,10.63750033,57.36249981,47.01249981,10.775,398.5427444,15.05720799,1784.647945,0.784390244,0,189.9839295,49.99431973,0.966630904,8.555681229,66.51958351,67.09456367
24/02/20 7:40,6.807451081,119.2528736,780.1866394,596.0925746,12.70999999,57.31500015,47.07249985,11.49749994,398.8167694,13.01575787,1542.682119,0.333658537,0.0015,195.6021384,49.96237507,1.11422491,9.989030838,117.8523365,41.18967662
24/02/20 7:50,6.84844169,119.2528736,1046.584911,606.5041893,16.8125,56.45312524,50.12187481,13.42812496,400.7966671,14.06585326,1668.745158,0.462439024,0,211.9478455,49.92083788,1.464719041,10.56039143,111.5675151,47.02653432
24/02/20 8:00,10.04823269,119.2528736,1866.366753,1804.887701,15.875,59.77777735,51.07222303,12.75,401.8510946,15.17805104,1799.300315,1.094634146,1.843046557,211.9478455,49.94801606,1.014123149,13.09787273,90.54881705,49.91092046
24/02/20 8:10,9.653175235,119.2528736,1738.826892,1649.333599,13.12000008,63.65000019,50.54249973,12.54750004,401.7308685,15.14791685,1795.529989,0.766829268,1.262001629,211.9478455,49.95592442,0.997701646,12.53251934,110.1894104,48.04371023
24/02/20 8:20,9.754934859,119.2528736,1821.228497,1692.072641,12.52000008,66.49249992,50.1549984,12.88999996,401.3788681,15.17443268,1798.141439,0.781463415,1.554568013,211.9478455,50.00147972,1.029971612,13.14168167,104.2719169,50.12011185
24/02/20 8:30,11.09043245,119.2528736,1990.073676,2003.617298,12.53500013,69.93749962,50.33250008,13.40499992,401.6613678,15.20670095,1801.396551,1.144390244,3.785236707,211.9478455,49.99372978,0.996684537,12.59212303,124.457582,82.14614601
24/02/20 8:40,10.4974719,119.2528736,1945.956873,1896.98174,12.69000025,74.01000023,50.4350008,13.76250005,401.746817,15.13313095,1795.051403,0.863414634,2.988175622,219.086612,49.92508965,1.001730734,13.31711102,126.8594198,54.71047878
24/02/20 8:50,11.50019951,119.2528736,2031.058649,2020.00798,12.87749987,77.50500145,50.51500034,14.18500013,401.8647507,15.17000355,1797.75963,0.87804878,4.858960742,222.9234924,49.94102955,1.00385696,13.44126034,112.9130081,56.95929732
24/02/20 9:00,11.37698183,119.2528736,1990.009149,2015.079273,13.04500008,80.62749977,50.55749969,14.31749997,401.4548813,15.10814027,1791.085424,1.16195122,4.290204128,222.9234924,49.96616955,0.987463561,13.08554554,146.4352688,53.85771761
24/02/20 9:10,11.51475267,119.2528736,2036.616492,2020.590107,13.18999987,83.70499954,50.74250011,14.7875,400.8227524,15.15190203,1797.299046,0.895609756,5.668534748,222.9234924,49.92973976,1.006421225,13.31245327,107.8026978,68.306248
24/02/20 9:20,11.77668796,119.2528736,2034.447174,2031.067518,13.4125,86.5224987,50.85249958,15.10750008,401.7414169,15.18611048,1803.124895,0.895609756,6.496528281,222.9234924,49.92309456,1.002075411,13.6188612,107.2916262,64.29964566
24/02/20 9:30,12.86604681,119.2528736,2053.145874,2048.660468,13.5650002,89.23999977,51.00249996,15.3874999,401.5051514,15.16601291,1796.730755,1.197073171,8.374584875,222.9234924,49.9269146,1.003301798,12.63963509,116.1289038,71.73758788
24/02/20 9:40,11.05521936,119.2528736,2043.596167,2002.208775,13.80000019,91.56499939,51.06499901,15.8,401.8108704,15.14662501,1796.546448,0.895609756,6.392472563,222.9234924,49.9564003,1.024661796,13.69833088,120.8121196,56.22298527
24/02/20 9:50,11.11484206,119.2528736,1993.781757,2004.593682,13.85499992,93.2174984,51.06249905,16.18999982,401.6337509,15.11821282,1792.480516,0.87804878,5.640740287,222.9234924,49.93496456,0.99775076,13.22766209,128.3598559,59.92775259
24/02/20 10:00,12.00521102,119.2528736,2024.318549,2040.05211,13.96749983,95.13750038,51.12999973,16.28249998,401.8258881,15.16634117,1795.834219,1.194146341,8.054374651,222.9234924,49.89528522,0.994299212,13.62859058,135.4990768,79.33699703
24/02/20 10:10,13.57038245,119.2528736,2052.059094,2050,14.2400001,96.60500031,51.27000179,16.41749997,401.6874008,15.2135375,1804.69812,0.901463415,10.06226652,222.9234924,49.92218513,1.001119391,14.42785072,117.9755774,73.13698311
24/02/20 10:20,13.47948194,119.2528736,2051.486591,2050,14.45749989,98.21250038,51.33750153,16.5749999,401.2316132,15.15008649,1796.264534,0.898536585,10.64293727,230.6064453,49.8934494,1.000904172,14.64857578,118.2380321,71.61622524
24/02/20 10:30,14.20497861,119.2528736,2056.514661,2050,14.6625,99.46999893,51.45500069,16.95749998,401.4474365,15.16278666,1796.222546,1.2,10.55138888,225.6674042,49.95673523,1.00338724,14.1446104,106.8360664,66.37374687
24/02/20 10:40,13.89760203,119.2528736,2062.839703,2050,14.82499971,100.7374992,51.54250011,17.21499996,401.3023834,15.17394184,1798.02697,0.898536585,10.71477276,230.5267068,49.96306458,1.006208563,14.59107399,86.77069931,71.6044075
24/02/20 10:50,14.33809037,119.2528736,2025.752649,2050,15.04250016,101.7699989,51.64500027,17.5124999,401.2663971,15.11708052,1794.21928,0.901463415,11.18059765,234.2645467,49.95960541,0.988581135,14.25122929,128.5470089,65.61776137
24/02/20 11:00,13.30584841,119.2528736,2054.845184,2050,15.22000031,102.6624989,51.72500038,17.61749973,401.314299,15.13986307,1799.17907,1.2,10.43805175,221.8259277,49.93112431,1.002777264,14.15588474,125.3588155,69.47922688
24/02/20 11:10,14.79545169,119.2528736,2051.605054,2050,15.3849999,103.6250004,51.82499943,17.90750008,401.7597366,15.14124289,1794.799667,0.898536585,13.10356506,221.8259277,50.01180897,1.001227847,14.25760078,144.675548,77.55302677
24/02/20 11:20,13.23312054,119.2528736,2061.246552,2050,15.57000017,104.3699993,51.89500122,17.89750023,402.1363708,15.20719685,1802.72648,0.901463415,10.49325735,223.3612899,50.0377449,1.005999716,15.94691563,108.1813195,50.66458435
24/02/20 11:30,13.83333874,119.2528736,2053.81709,2050,15.62000027,104.8424995,51.87250042,18.09500036,402.6078568,15.23583591,1804.993841,1.197073171,9.175494359,228.4113159,50.07252045,1.001840815,14.44892693,110.960636,61.33590641
24/02/20 11:40,13.29055276,119.2528736,2039.132587,2050,15.74749994,105.4075008,51.93000069,18.34750004,402.1050537,15.1505658,1795.76112,0.898536585,11.04898003,228.4113159,49.97378902,0.99512992,14.67876625,144.0492348,90.58386173
24/02/20 11:50,12.59085798,119.2528736,2055.058594,2045.90858,15.90500002,105.8949997,52.02499962,18.28750029,402.0048538,15.19083332,1800.523767,0.898536585,8.381434673,228.4113159,49.97809486,1.006176765,15.42222977,135.3405296,65.83401966
24/02/20 12:00,12.8869669,119.2528736,2034.935315,2048.869669,15.925,106.2174995,52.04999924,18.63999968,402.6261673,15.12836328,1794.514017,1.194146341,8.263791191,238.5990749,49.97288971,0.994257169,14.52046585,94.33555956,66.71271334
24/02/20 12:10,12.88412673,119.2528736,2048.592206,2048.841267,16.12000065,106.6725006,52.06750011,18.83249998,402.198436,15.17142767,1798.676949,0.898536585,9.420056632,226.2161865,49.97153969,1.000949762,14.68357563,115.8746194,62.45836301
24/02/20 12:20,13.18289027,119.2528736,2021.909644,2050,16.18250074,106.9924992,52.19250088,19.23999977,403.002417,15.08989504,1786.027691,0.898536585,9.615978629,226.2161865,50.04350929,0.986867952,15.25107765,99.76075263,67.42432518
24/02/20 12:30,13.25285225,119.2528736,2060.14588,2050,16.40749979,107.4324978,52.30000153,19.17750034,402.9386169,15.18877217,1800.790895,1.2,10.9485562,226.2161865,49.95902443,1.005435805,14.69797421,89.82583116,78.88272155
24/02/20 12:40,12.93832932,119.2528736,2044.375684,2049.383293,16.49250002,107.6650002,52.34750156,19.38250008,403.0809814,15.20047572,1800.239296,0.895609756,10.03928036,226.2161865,49.9741396,0.998510345,15.34187508,119.769706,81.30550823
24/02/20 12:50,12.85936437,119.2528736,2041.651434,2048.593644,16.61500015,108.0549988,52.3825016,19.44250021,403.5082474,15.11402576,1790.449282,0.898536585,9.522701091,226.2161865,50.04027939,0.997731581,15.80651569,104.9122395,57.30401611
24/02/20 13:00,14.48798242,119.2528736,2056.443634,2050,16.82249937,108.1299995,52.45250072,19.60749998,403.0643951,15.16467069,1798.81584,1.197073171,11.20280218,226.2161865,49.95261497,1.003790571,15.17997837,105.972669,73.80632687
24/02/20 13:10,13.96056722,119.2528736,2059.317068,2050,16.91052597,108.5421046,52.50789462,19.86842115,402.2415675,15.22391542,1802.250637,0.898536585,11.00514154,226.2161865,49.94935789,1.004457596,15.78636265,121.5316454,64.58390913
24/02/20 13:20,14.42795134,119.2528736,2042.169519,2050,17.09000034,108.7874992,52.60749855,19.84249992,402.6361191,15.1051801,1791.271111,0.898536585,11.87672221,226.2161865,49.97889462,0.996730802,15.10975456,116.3741554,71.26667738
24/02/20 13:30,12.79478531,119.2528736,2050.812213,2047.947853,17.13750057,109.1500011,52.63249836,20.10250006,401.6605988,15.10964741,1792.075064,1.2,9.10531128,226.2161865,49.89597931,1.00266211,14.52677155,124.6842228,78.83412008
24/02/20 13:40,12.73159871,119.2528736,2037.355933,2047.315987,17.28500013,109.4299999,52.69999809,20.02249975,403.3068649,15.13495798,1793.023682,0.898536585,9.081330971,233.4644201,50.06137524,0.996524662,14.4664135,125.2253838,85.25260773
24/02/20 13:50,13.05848432,119.2528736,2051.324951,2050,17.37999964,109.4625,52.7099987,20.35249996,403.9599945,15.23431456,1806.126652,0.895609756,8.934764768,238.2893982,50.02174969,1.001393007,14.215909,100.0042939,65.48230829
24/02/20 14:00,13.32056823,119.2528736,2059.602704,2050,17.47750015,109.65,52.69999847,20.2875,398.9072632,15.22580744,1807.76552,1.191219512,9.423360499,239.8347982,49.96833477,1.005079037,15.0171032,118.4298417,65.73592544
24/02/20 14:10,12.96259041,119.2528736,2036.898181,2049.625904,17.56500015,110.035001,52.75999889,20.50750027,398.4751358,15.14165832,1796.307392,0.898536585,8.524067325,236.8631838,49.95079956,0.994689176,14.92878914,117.867436,65.72674537
24/02/20 14:20,12.30230389,119.2528736,2033.01673,2043.023039,17.62500029,110.3299992,52.8324995,20.625,398.298349,15.12346691,1792.108154,0.898536585,8.250448609,237.1918335,50.03794498,0.997038064,15.48499203,93.95572824,58.10395565
24/02/20 14:30,12.27226958,119.2528736,2024.852594,2042.722696,17.64000006,110.5949986,52.85250015,20.60499992,398.4512299,15.12544084,1792.331766,1.191219512,7.079923831,237.1918335,49.99282455,0.993188376,13.63176918,117.868446,55.90276656
24/02/20 14:40,12.60884492,119.2528736,2027.186835,2046.088449,17.62000017,110.7375,52.81749935,20.52999992,399.4059799,15.19443704,1801.324453,0.889756098,7.494881138,237.1918335,50.03885441,0.992405152,13.29403496,128.8398348,52.57595181
24/02/20 14:50,11.51209807,119.2528736,2008.290131,2020.483923,17.62500038,110.8674995,52.83999939,20.69750004,400.1079468,15.14427508,1795.4051,0.892682927,5.560631241,237.1918335,50.03302517,0.992456236,14.00014973,120.6833769,59.67559767
24/02/20 15:00,12.62326818,119.2528736,2039.314569,2046.232682,17.70999985,110.8725002,52.80499916,20.58249989,400.4608185,15.16392741,1799.521923,1.194146341,9.093347378,237.1918335,49.91562004,0.998241185,13.29060173,127.2593475,74.29892988
24/02/20 15:10,10.88238397,119.2528736,1995.011554,1975.888713,17.88999958,111.0149998,52.88499985,20.93999996,399.9208328,15.18900512,1800.296162,0.883902439,5.0548646,237.1918335,49.97938957,1.007775595,14.11435413,116.6205832,58.49843812
24/02/20 15:20,10.90490026,119.2528736,1993.422644,1980.504554,17.68499994,110.8275009,52.76499882,20.98000011,401.4155991,15.15118682,1795.65933,0.857560976,6.34088446,238.6871231,49.93050938,1.005882408,14.7433033,116.7474722,61.65065002
24/02/20 15:30,9.030254602,119.2528736,1617.167389,1387.706933,17.51500006,109.7199997,52.35500031,20.88499985,400.2748672,14.93264468,1769.031853,0.977560976,0.718326005,247.0780666,49.98888988,1.061021091,15.4748373,139.0471789,56.11276455
24/02/20 15:40,11.01848426,119.2528736,1923.163263,2000.73937,17.73999958,107.4450008,51.91250019,21.01499977,399.79272,15.1626315,1793.374798,0.831219512,4.679906142,265.4999461,50.02715988,0.965429583,16.45508003,121.7115838,80.59659214
24/02/20 15:50,12.57637901,119.2528736,1969.471844,2045.76379,17.92249966,107.3800007,52.26500072,20.74249992,398.9206284,15.14333998,1791.651386,0.863414634,7.335510968,260.3678926,50.0229847,0.964370692,19.37416649,143.0420191,88.69253597
24/02/20 16:00,12.8002243,119.2528736,2015.707306,2048.002243,18.08500042,107.8600002,52.49500008,20.72249966,399.4104309,15.15520696,1794.06843,1.188292683,9.341834957,256.947998,50.09159489,0.9854614,18.85117531,177.3086239,89.61866531
24/02/20 16:10,11.82999959,119.2528736,2022.57442,2033.199984,17.92749977,108.4375008,52.57749882,20.7125,398.5956955,15.13357061,1792.570879,0.898536585,8.01340551,247.5566573,49.96046467,0.995567601,19.40160751,143.4202507,78.29570761
24/02/20 16:20,11.2803638,119.2528736,1949.10152,2011.214552,17.68249979,109.0424999,52.58249874,20.93999996,398.9338776,15.10586402,1789.977345,0.869268293,5.22419973,247.2892451,50.02326469,0.970180684,18.70303726,167.6784164,59.49274187
24/02/20 16:30,10.29682977,119.2528736,1973.095599,1855.850103,17.63500004,109.0075001,52.50999985,20.99249964,399.1438309,15.20337859,1798.451683,1.132682927,3.894354025,247.0699158,50.04974003,1.040146197,17.28727531,136.8091951,65.85239944
24/02/20 16:40,11.65991135,119.2528736,2002.903577,2026.396454,17.51000004,108.7850006,52.50249996,20.7750001,398.249678,15.12733586,1794.846926,0.883902439,5.600560231,247.0699158,49.96116962,0.987972795,18.18423462,136.2555162,68.85689678
24/02/20 16:50,10.69093022,119.2528736,1907.433606,1936.640696,17.525,109.2175003,52.54999924,20.75249987,398.4842621,15.15068623,1794.065203,0.875121951,3.949101389,247.0699158,49.96116486,0.972500916,17.83922768,160.7320709,65.4187933
24/02/20 17:00,9.71483984,119.2528736,1795.505206,1675.232733,17.5,108.3049995,52.21500092,20.86499977,398.517099,15.17841616,1798.903942,1.044878049,2.585496554,247.0699158,50.08892994,1.021203886,16.37098312,107.770702,66.98642149
24/02/20 17:10,9.625108624,119.2528736,1782.679095,1637.545622,17.43499985,106.9350002,51.96500053,20.68000002,397.5181183,15.19501036,1800.467474,0.766829268,1.300059336,247.0699158,50.01448994,1.026991158,17.41048622,132.8558929,68.51725616
24/02/20 17:20,8.671571565,119.2528736,1526.995398,1244.94234,17.23750048,105.7450001,51.82249966,20.57750006,399.7016495,14.91029008,1767.162014,0.75804878,0.77308303,253.3255511,49.95506916,1.104489594,16.19889832,96.93518677,41.98807173
24/02/20 17:30,9.660117531,119.2528736,1730.407727,1652.249363,17.22500048,103.2600002,51.29250069,19.90500002,400.9225159,15.06471781,1785.873865,0.945365854,2.059825524,264.6309509,49.93386002,0.991884736,14.21692371,104.5277195,42.70538206
24/02/20 17:40,12.76627355,119.2528736,2027.456793,2047.662735,17.35500002,103.1800007,51.81999989,19.51000013,403.4778625,15.1694515,1799.049568,0.892682927,8.433763613,274.7360884,49.90102959,0.991441601,12.51471806,93.47960005,77.65336704
24/02/20 17:50,12.29847989,119.2528736,2053.063226,2042.984799,17.27500029,104.3900002,52.12249928,19.22749987,401.0592316,15.17166236,1795.73061,0.901463415,7.803787448,276.7041626,50.00355968,1.006889229,13.54327297,109.742216,55.98233757
24/02/20 18:00,13.0053957,119.2528736,2060.199731,2050,17.27000036,105.4099991,52.27000122,19.12750006,399.4822678,15.16415101,1799.275818,1.202926829,10.0420962,276.7041626,49.98186493,1.005797342,12.77877998,115.5551567,64.56460028
24/02/20 18:10,12.05265675,119.2528736,2047.561389,2040.526567,17.18000059,106.5675011,52.34000149,19.02000017,399.9748199,15.1431765,1795.682562,0.898536585,7.079522874,276.7041626,50.0104002,1.005468597,12.58174133,81.9585453,52.07978115
24/02/20 18:20,13.41159887,119.2528736,2051.17077,2050,17.11750059,107.4925003,52.38000145,18.85999994,400.4151672,15.13238776,1791.729624,0.901463415,10.76886002,276.7041626,49.97282963,1.000841572,12.30227757,103.020995,78.03569613
24/02/20 18:30,14.56470127,119.2528736,2061.119568,2050,16.97999992,108.2650005,52.44000092,18.59749975,401.0630356,15.17922288,1800.441925,1.202926829,12.48028752,276.7041626,49.96601429,1.00604334,14.12415409,105.8799086,81.58921213
24/02/20 18:40,15.04678788,119.2528736,2048.052771,2050,16.93249969,108.8024994,52.50999985,18.14000006,401.3653641,15.1234758,1790.689161,0.901463415,13.25746029,276.7041626,49.97882977,0.999399664,13.56342983,104.7006419,70.78035927
24/02/20 18:50,13.95249152,119.2528736,2062.408594,2050,16.82749949,109.4449993,52.51499996,17.99749985,401.2943848,15.18075348,1798.439312,0.901463415,12.19452082,276.7041626,50.03347492,1.005969727,13.65864754,102.5966761,72.56012039
24/02/20 19:00,13.16739049,119.2528736,2058.304651,2050,16.55000019,109.8499992,52.47250042,17.90999994,401.1733521,15.16621497,1800.915058,1.205853659,10.68619338,276.7041626,49.97614021,1.004652862,13.54197598,94.569276,63.73810768
24/02/20 19:10,13.38978772,119.2528736,2053.918481,2050,16.41499977,110.2075005,52.43000107,17.67249985,401.9014175,15.18036899,1799.974966,0.901463415,10.88945415,276.7041626,49.95630398,1.00221172,12.80666447,94.1783005,80.36674967
24/02/20 19:20,14.31536975,119.2528736,2064.343164,2050,16.24500017,110.560001,52.47750034,17.32750006,401.9892822,15.20852374,1799.005388,0.901463415,12.33622056,279.2165077,50.04272537,1.007378274,12.79127502,99.2664072,81.38566818
24/02/20 19:30,12.49739571,119.2528736,2041.492981,2044.973957,15.93500009,110.775,52.33750172,17.11749973,400.3912704,15.1180678,1795.164322,1.202926829,8.343027255,283.3367619,50.02419949,1.000186384,12.56664371,83.89562283,64.85220313
24/02/20 19:40,14.87404547,119.2528736,2058.647699,2050,15.86500006,110.9549988,52.2700016,16.83749981,400.6127991,15.17685682,1795.938337,0.904390244,13.38989823,276.7041626,49.97145481,1.004606242,13.06086922,121.5713053,92.25410538
24/02/20 19:50,12.87441859,119.2528736,2048.355853,2048.744186,15.60749984,111.0399994,52.20000095,16.84250011,401.1064346,15.084622,1791.959455,0.901463415,9.112562627,276.7041626,50.01753445,1.000902361,13.90440083,104.4640924,64.0550436
24/02/20 20:00,11.59316053,119.2528736,2060.774884,2023.726421,15.30250006,111.1750011,52.14499989,16.87000017,400.9598495,15.14069688,1795.072472,1.202926829,6.532909567,276.7041626,49.98477001,1.017364479,12.12524319,98.33157921,48.43123045
24/02/20 20:10,11.67206979,119.2528736,2052.388806,2026.882792,15.01500006,111.1600002,52.10249939,16.8099997,401.5832336,15.16015506,1794.766691,0.898536585,5.31657778,276.0505769,49.92809467,1.012229162,12.46027756,92.55262728,42.12557538
24/02/20 20:20,10.21691823,119.2528736,1922.826031,1839.468237,14.72749982,110.6275002,51.84250011,16.60249996,402.7151855,15.1890551,1798.85737,0.860487805,2.679558426,260.2406921,50.05340443,1.02345617,12.44747448,112.5104994,51.90629959
24/02/20 20:30,8.571074247,119.2528736,1427.560223,1205.145402,14.39250002,108.2549992,51.06500015,16.75500021,401.3831665,14.74816351,1747.503714,0.842926829,0.228959459,260.2406921,50.06408005,1.063158398,14.29109001,114.8514308,51.84524637
24/02/20 20:40,9.656906152,119.2528736,1723.367758,1650.900584,14.17499986,104.2624996,50.45499935,16.42999992,402.3143219,15.05785203,1787.105038,0.755121951,1.902195647,260.2406921,50.0223299,0.988303452,14.11585903,133.0427911,62.14859635
24/02/20 20:50,11.02193675,119.2528736,1992.147559,2000.87747,14.00999999,103.7450001,50.98249989,15.85999999,403.385849,15.16066195,1798.187262,0.857560976,2.783438134,260.2406921,50.01587505,0.999947386,15.60214901,93.56562309,54.59167242
24/02/20 21:00,10.34505525,119.2528736,1956.249823,1865.736326,13.86249995,103.5725006,50.99749985,16.06749988,404.2756165,15.16727252,1792.541119,1.135609756,2.25067421,260.2406921,50.00757504,1.025334452,13.63722229,110.0370035,57.96527448
24/02/20 21:10,11.02782116,119.2528736,2046.664008,2001.112846,13.67000036,103.8724991,51.12499943,15.72250013,399.5247986,15.15061609,1796.79388,0.898536585,5.961065787,260.2406921,49.97991428,1.027114907,13.46906757,111.68409,54.5900425
24/02/20 21:20,11.15892799,119.2528736,2033.879492,2006.35712,13.58250031,104.6800003,51.19250031,15.55750008,398.6275131,15.15760231,1794.958242,0.892682927,5.379178622,260.2406921,50.01860428,1.016363016,14.01976871,114.959294,60.79816999
24/02/20 21:30,10.19355194,119.2528736,1840.34978,1834.678148,13.48421067,105.1599987,51.07249966,15.63750014,397.810526,15.06513141,1787.556255,1.11804878,2.026817908,260.2406921,50.00694195,0.982336763,13.44840431,117.3553694,48.04531971
24/02/20 21:40,8.401061172,119.2528736,1335.129825,1137.820224,13.21666668,103.2575008,50.16000004,15.88999977,397.7935849,14.78141154,1751.001904,0.608780488,0.227470195,260.2406921,50.03080913,1.046893418,15.70927238,125.3437549,51.93515196
24/02/20 21:50,9.253970051,119.2528736,1664.528082,1481.667421,12.99249988,99.77750053,49.48250008,15.59500022,399.7366837,15.01894632,1778.707907,0.693658537,0.893779483,260.2406921,50.09273491,1.033807388,15.44767857,134.8654635,63.05815406
24/02/20 22:00,9.909545798,119.2528736,1861.345923,1757.009235,12.82368419,98.65789554,49.77999954,15.29473691,400.1838042,15.14906529,1796.842638,1.044878049,1.748671639,260.2406921,49.98031516,1.030176339,16.09344864,116.2941332,73.10770855
24/02/20 22:10,9.689493179,119.2528736,1754.013919,1664.587135,12.74761936,98.8166671,50.32500019,14.86904766,401.7582238,14.95268235,1775.770054,0.828292683,1.987279231,260.2406921,50.0004,1.001208074,15.63677979,141.712253,64.9800821
24/02/20 22:20,7.43517921,119.2528736,1151.623094,790.349856,12.48249993,96.575,48.75500069,15.03999996,401.6207153,14.21997231,1685.610569,0.523902439,0.051999481,260.2406921,50.06091976,1.215704531,14.55884647,138.8371789,51.60811517
24/02/20 22:30,6.904106021,119.2528736,785.3838013,620.6429293,11.9625,91.7875,46.88999977,15.10999999,399.6358002,12.98232239,1541.142729,0.468292683,0,260.2406921,50.0435297,1.070033157,14.63358021,151.0789951,42.7514678
24/02/20 22:40,7.092589617,119.2528736,972.8248108,675.924932,12.325,86.875,46.44999981,14.83250003,399.3703293,13.94449671,1655.756006,0.421463415,0,260.2406921,49.98173409,1.207361665,13.78029728,176.3519846,69.23644774
24/02/20 22:50,7.260376,119.2528736,842.2904984,731.9655841,13.43500018,83.11499977,46.50999928,14.65750017,399.1883347,13.49521235,1601.815069,0.415609756,0,260.2406921,49.93718929,0.962544066,15.77803326,148.7092089,56.8273797
24/02/20 23:00,6.391205573,119.2528736,642.9965195,490.3662156,14.8625001,79.36749878,46.8675005,14.77250009,401.0823181,12.30606817,1457.90942,0.386341463,0,260.2406921,49.90914478,1.138403796,14.8113699,140.7131269,42.91456739
24/02/20 23:10,5.139183474,119.2528736,357.458963,230.8881261,17.175,75.12749901,48.73750057,14.90500002,403.2775833,10.46208568,1240.190042,0.166829268,0,260.2406921,49.92961979,1.316712448,13.03548527,155.238449,47.84990711
24/02/20 23:20,5.163147628,119.2528736,460.7051704,235.3454589,18.19249992,70.90999985,49.41249981,14.62250013,403.5969971,11.13535997,1321.723743,0.178536585,0,260.2406921,49.94967442,1.670579688,9.535752296,156.4164556,62.14855824
24/02/20 23:30,6.508464885,119.2528736,700.3759201,520.1500807,19.28000011,67.68999977,51.26500015,14.23000002,404.2584808,12.66908053,1502.346674,0.380487805,0,260.2406921,49.93396473,1.175663988,10.1985569,133.8163179,41.4344635
24/02/20 23:40,6.793733311,119.2528736,758.9573364,592.6082609,20.35750008,65.23250103,52.82499962,13.85750012,405.1630981,12.94557948,1533.987019,0.336585366,0,260.2406921,49.95599995,1.091377706,11.366642,133.9215068,41.83112026
24/02/20 23:50,6.842979741,119.2528736,951.2807343,605.1168542,18.69000025,63.99500008,52.45999966,13.49499993,404.6253662,13.81505558,1638.132935,0.450731707,0,260.2406921,49.97769012,1.334904454,11.55962181,138.5222786,65.60091551
25/02/20 0:00,6.589230418,119.2528736,780.0559296,540.6645262,18.71999998,62.61999969,52.34999962,13.0875,399.2871292,13.0124297,1544.119801,0.447804878,0,260.2406921,49.91935425,1.250188449,13.2346735,152.0750672,49.19388276
25/02/20 0:10,6.215214515,119.2528736,621.1488373,445.6644867,15.19250002,60.89500008,54.72000027,12.89499989,399.6348999,12.16321456,1443.148178,0.27804878,0,263.2642718,49.91978531,1.195403652,11.48091602,133.7033775,39.83578312
25/02/20 0:20,5.662980008,119.2528736,471.9835541,328.3142815,14.29250007,58.94000015,55.3475008,12.51999998,400.8509995,11.19172078,1328.956186,0.19902439,0,275.9352219,49.92749462,1.248793058,9.351304054,67.84669344,26.84978385
25/02/20 0:30,5.433900297,119.2528736,412.029277,285.7054552,17.63499994,56.73500004,55.18249989,12.57500005,399.1735825,10.83902259,1285.947819,0.260487805,0,269.0212097,49.91907959,1.270413119,5.602193832,114.9673644,41.44416478
25/02/20 0:40,6.099811435,119.2528736,477.4357452,416.3521044,19.15500002,54.87999954,55.29000015,12.42499995,397.9588501,11.28897348,1341.128534,0.19902439,0,269.0212097,49.96052494,0.974419194,7.542153358,150.4180169,46.45973773
25/02/20 0:50,5.265445507,119.2528736,361.598687,254.3728642,19.85999985,53.26999912,55.51500053,12.17249999,397.9128662,10.51056665,1248.624956,0.166829268,0.048999571,269.0212097,49.97320004,1.229427003,8.713569641,154.2506573,39.96572802
25/02/20 1:00,6.859166193,119.2528736,701.8335197,609.228213,20.21749983,51.86999912,55.92999973,11.98999991,397.7413971,12.29365557,1460.4795,0.357073171,0.062995658,269.0212097,49.94032974,0.977107002,8.425198555,116.251166,40.24429374
25/02/20 1:10,8.521920705,119.2528736,1237.623904,1185.680599,18.34000001,52.42250004,55.60749989,11.37000012,397.7675964,14.60657693,1732.966404,0.56195122,0.058999184,269.0212097,49.95813465,0.935257783,10.98427486,115.7447408,47.92284495
25/02/20 1:20,6.996194601,119.2528736,792.5619553,644.0334287,13.32750006,53.14500008,52.22250042,11.16750016,399.367897,13.20206939,1566.486649,0.36,0,265.510656,50.02150002,1.034459781,14.21528625,104.8251388,41.01688962
25/02/20 1:30,6.73282975,119.2528736,750.2767471,577.1387564,13.64250007,52.36249943,53.82499962,11.02249994,399.3193451,12.67557952,1504.705639,0.415609756,0.017999899,261.337451,49.96450958,1.112955537,10.8954916,123.3015274,45.42207952
25/02/20 1:40,7.219278646,119.2528736,831.3498306,718.2390676,17.31750002,51.91249905,55.55250034,11.07000003,399.3897293,13.35408506,1584.272095,0.380487805,0,265.7285156,49.96465969,0.968840771,9.953454018,101.6451486,48.82074628
25/02/20 1:50,7.220707917,119.2528736,923.5583267,718.7164443,15.77250018,51.99499989,52.67749977,10.91749988,399.4936478,13.64115214,1620.218107,0.371707317,0,265.7285156,50.05196991,1.075558786,11.61178684,120.9363436,47.16184154
25/02/20 2:00,6.550416112,119.2528736,682.4321457,530.8056924,18.58499985,52.11249924,54.84250031,11.00250006,399.3838821,12.62595704,1496.685253,0.450731707,0,265.7285156,50.11352978,1.11803117,12.23462963,141.0939713,45.07286577
25/02/20 2:10,7.991144609,119.2528736,960.2649048,976.0422996,18.3750001,51.67749958,54.89249954,10.82499986,399.4248672,13.84498778,1642.731657,0.409756098,0.014499947,265.7285156,50.0501543,0.862364462,11.23349667,132.222448,47.21581573
25/02/20 2:20,7.580839133,119.2528736,1083.029355,839.0002705,15.725,52.34999981,52.58249989,10.45249991,400.4899308,14.32507758,1699.722628,0.497560976,0,265.7285156,49.99816272,1.086262655,12.86031437,123.9834729,51.36713057
25/02/20 2:30,8.91280973,119.2528736,1488.882437,1340.472653,14.2025001,53.76250038,52.04500046,10.12499995,400.2287323,14.95702645,1772.486664,0.810731707,0.209493763,265.7285156,49.91514969,1.007344816,12.26011658,84.12038364,44.31326051
25/02/20 2:40,6.649130445,119.2528736,757.4186554,555.879133,11.68421048,55.08749981,50.22999973,10.30500002,400.9839905,12.88944179,1529.421278,0.377560976,0,265.7285156,49.96144962,1.1745071,13.34455681,100.5223264,41.33986402
25/02/20 2:50,6.161179066,119.2528736,502.8196854,431.9394827,11.94750009,53.84749985,51.02499981,10.1894737,402.6103348,11.5326924,1369.6436,0.228292683,0,265.7285156,50.03045959,0.994238088,9.734376907,129.9613636,36.81811891
25/02/20 3:00,4.700514579,119.2528736,227.7783333,171.7571182,15.70500011,52.24473692,51.97631655,10.36750016,402.9829346,9.878041863,1168.899843,0.16097561,0.395493466,265.7285156,49.93067436,1.139859277,8.131649017,124.5375167,47.12513182
25/02/20 3:10,4.805374086,119.2528736,246.449836,183.3965235,17.1875,50.42500019,52.02857208,10.27749996,402.2294006,9.92634733,1183.059017,0.108292683,0.301997414,265.7285156,49.92174473,1.140032941,6.832358837,155.6914789,40.36251338
25/02/20 3:20,6.42461803,119.2528736,675.676004,498.8529795,18.3375,49.14500027,53.19473628,10.16999993,402.3766373,12.45903392,1483.826095,0.266341463,0,265.7285156,49.9608551,1.178355556,7.342208385,139.5059361,42.98363876
25/02/20 3:30,7.947374129,119.2528736,1016.612964,961.4229592,18.70999994,48.89999962,54.53999996,9.927500057,401.9315887,14.05600923,1648.735073,0.550243902,0,265.7285156,49.94346447,0.923272505,10.55560875,107.6317691,46.17772756
25/02/20 3:40,7.476016665,119.2528736,932.7464632,803.9895659,16.4125,49.50749969,52.46749973,9.614999866,401.6255676,13.56431619,1616.377516,0.392195122,0.127464011,265.7285156,49.91297016,0.967417703,13.41338921,158.5444414,53.01584945
25/02/20 3:50,7.600162637,119.2528736,1210.117065,845.4543208,17.60750003,50.09249973,54.21250019,9.689999962,401.8215836,14.45012346,1711.884779,0.491707317,0.036999121,265.7285156,49.93532925,1.207087061,13.87681675,153.3491165,52.05724545
25/02/20 4:00,8.891221642,119.2528736,1441.908123,1331.92377,12.50500002,52.34749966,52.37250042,9.407500029,401.364299,14.90860891,1766.653313,0.88097561,0.263975355,265.7285156,49.89914455,0.981236199,15.78991699,133.3717373,54.86557686
25/02/20 4:10,8.485037088,119.2528736,1235.995029,1171.074687,10.73499999,54.78250027,50.85,9.37750001,401.4780838,14.65474856,1739.778934,0.564878049,0.024499745,265.7285156,49.94455967,0.944461251,16.03573227,119.0887728,58.11004963
25/02/20 4:20,7.656035757,119.2528736,1126.25889,864.1159429,9.879999876,55.80750008,49.10749969,9.364999962,401.4846878,14.49018462,1717.680113,0.494634146,0.008499989,265.7285156,50.0159996,1.105937517,15.42916584,139.187851,57.83142385
25/02/20 4:30,8.662308884,119.2528736,1362.701758,1241.274318,9.592500162,56.48499966,49.01249981,9.324999952,401.4101334,14.86291865,1765.778812,0.796097561,0.063999543,264.9060912,49.95287933,0.988275465,16.88036537,122.3569576,64.7302804
25/02/20 4:40,8.881105137,119.2528736,1382.110101,1327.917634,10.18250008,58.00499992,48.56500034,9.362499857,401.4149185,14.49398634,1720.799028,0.576585366,0.496852572,260.2406921,49.91137981,0.94311301,16.67322922,140.166073,58.79412484
25/02/20 4:50,8.907296753,119.2528736,1549.205853,1338.289514,11.81499996,60.30250015,49.55999966,9.387499952,401.0431137,15.08249791,1787.282942,0.690731707,0.467622481,260.2406921,49.88596001,1.04970816,14.83324146,146.2072817,62.8141964
25/02/20 5:00,7.283820462,119.2528736,1088.267587,739.7960344,12.15,61.34249954,48.97499981,9.600000143,400.2281982,14.29409592,1694.447657,0.652682927,0.068494419,260.2406921,49.93103523,1.23002382,15.58075905,131.5218645,54.01059875
25/02/20 5:10,5.896997607,119.2528736,787.0718933,371.8415549,12.21750026,60.4199995,47.74500008,9.857499886,399.5805984,13.19176765,1565.124304,0.342439024,0,260.0761349,49.9666153,1.797253028,14.45051098,138.2211637,47.94429588
25/02/20 5:20,5.735151124,119.2528736,585.443718,341.7381091,15.54750009,58.73999939,49.65750027,10.35249991,399.1051788,12.03490716,1427.751692,0.269268293,0,256.947998,49.97469482,1.476717998,12.98773098,154.9442513,53.03625064
25/02/20 5:30,7.316973138,119.2528736,1019.625314,750.869028,17.63249979,57.33500023,52.02000027,10.23250008,398.3900482,14.1232641,1674.519178,0.573658537,0,256.947998,49.93463974,1.134870732,11.63887596,138.9841943,54.63615708
25/02/20 5:40,7.17363348,119.2528736,865.2750778,702.9935823,15.23249998,57.28500023,50.57000046,9.89749999,397.5329178,13.48633862,1601.315895,0.380487805,0,256.947998,50.02767506,1.031036448,16.239254,136.5545143,50.05123262
25/02/20 5:50,8.667209315,119.2528736,1485.028717,1243.214889,16.10750008,56.8949995,52.60499973,10.16749997,397.1230194,14.95569152,1772.571407,0.579512195,0.18299919,241.7192213,50.02382488,1.07547796,14.69665813,107.5908765,58.09298162
25/02/20 6:00,10.20483406,119.2528736,1910.833313,1836.990981,11.125,60.5699995,51.57250042,9.522500229,399.1279312,15.15121347,1796.572844,1.11804878,1.485802625,238.2893982,49.98119946,1.018563553,14.80621147,104.1833103,57.53758965
25/02/20 6:10,8.709105015,119.2528736,1626.489258,1259.805586,9.754999971,63.91750107,50.01500015,9.5349998,397.8173828,15.11269601,1793.261049,0.72,0.353941019,238.2893982,49.89577446,1.163946199,14.33989429,92.03085766,45.29734664
25/02/20 6:20,7.438408947,119.2528736,1020.357303,791.4285883,9.167499924,64.82250099,48.84250031,9.565000057,396.9579529,14.28909154,1693.770744,0.485853659,0,243.2297998,49.90281029,1.075619355,14.08699226,126.0304582,40.33009713
25/02/20 6:30,7.434807777,119.2528736,909.0931488,790.2257977,8.76750021,63.31500053,48.12500019,9.617500114,397.2677216,13.77334182,1633.153885,0.547317073,0,244.8747864,49.86136513,0.959834633,14.59737492,146.4968788,44.96887827
25/02/20 6:40,6.578482533,119.2528736,716.2970764,537.9345633,10.7125,61.67000008,47.5125,9.954999828,400.7281189,12.79462244,1518.690857,0.313170732,0,244.8747864,49.95050449,1.154954732,13.63088989,126.963661,38.52005067
25/02/20 6:50,7.690747643,119.2528736,1296.576169,875.7097126,14.84250002,60.32750015,51.24750023,9.965000105,400.4210037,14.72824453,1744.773657,0.506341463,0.092986035,244.8747864,50.01901951,1.260977653,12.42220306,101.3557496,45.52292328
25/02/20 7:00,8.264755845,119.2528736,1408.652853,1083.843315,13.2125,61.43999996,50.50000019,9.77249999,400.5943985,14.81350458,1757.298695,0.813658537,0.188883763,244.8747864,49.89740505,1.153507935,15.29447556,103.3709644,50.71771533
25/02/20 7:10,7.213338804,119.2528736,881.2773727,716.2551606,14.09249997,61.11999969,50.07250004,10.59249997,402.1865707,13.58048907,1610.704176,0.386341463,0,244.8747864,50.01550503,1.029971157,14.77855015,110.8773333,41.37298346
25/02/20 7:20,8.903510046,119.2528736,1609.81687,1336.789978,15.41499991,60.96499996,52.14000015,10.45249991,401.6780655,15.10968018,1791.178774,0.673170732,0.362248613,240.8159136,49.97340469,1.091885831,13.1080122,127.2565413,51.15121112
25/02/20 7:30,8.164573979,119.2528736,1524.528354,1044.171296,10.70499992,62.92250004,50.03499985,9.722500086,401.2778122,15.04201797,1783.869072,0.910243902,0.287990962,234.9967041,50.02501011,1.290439743,13.8661375,109.2151998,52.06131525
25/02/20 7:40,8.943382215,119.2528736,1700.954535,1352.579357,9.437500095,65.01250057,49.31749935,9.694999933,401.0093185,15.11371453,1790.154024,0.778536585,1.044696108,235.1064376,50.00200939,1.141481846,14.40690994,94.18932991,50.81819406
25/02/20 7:50,8.382534814,119.2528736,1256.947424,1130.483786,9.204999924,66.85999985,48.80500011,10.02999988,400.4845993,14.71260591,1744.715223,0.602926829,0.046499629,251.4601746,49.98623981,0.991308845,13.99488354,140.8542786,63.04403677
25/02/20 8:00,6.804406929,119.2528736,860.4839783,595.31936,9.15,65.82999916,47.73999996,10.19999981,399.736348,13.59176888,1614.298508,0.526829268,0,251.4601746,49.94085426,1.230771475,16.3169632,133.5165921,42.60133913
25/02/20 8:10,6.674469221,119.2528736,825.0776367,562.315182,10.64000001,63.75250015,46.63749924,10.3,400.1846786,13.23743351,1568.797331,0.362926829,0,251.4601746,49.97290039,1.262095058,14.57552528,128.6630087,46.14800444
25/02/20 8:20,7.155609345,119.2528736,946.1278473,696.9735214,11.57249994,61.99249916,46.38749962,10.80749989,400.598436,13.75680019,1629.272003,0.377560976,0.275635018,251.4601746,50.01368561,1.137471538,12.29829979,117.6048101,41.74186869
25/02/20 8:30,7.354209542,119.2528736,1071.325224,763.3059871,12.0525001,61.00250015,46.69500008,10.575,400.7960663,14.10116306,1672.590952,0.649756098,0.109976893,251.4601746,50.02246952,1.172339616,13.63940334,122.6903103,55.82067156
25/02/20 8:40,8.77413215,119.2528736,1432.118583,1285.556331,12.5392858,61.58928544,47.61071505,10.75000007,401.6034066,14.81807879,1759.05389,0.652682927,0.438453676,244.3246953,50.0352647,1.006314319,15.09135246,130.781018,57.29727364
25/02/20 8:50,7.348213841,119.2528736,1212.379754,761.3034229,13.07647066,62.73529367,47.88529475,10.85882355,401.0951951,14.52220196,1719.699238,0.538536585,0.43953831,249.4610463,49.98447598,1.330300182,14.60657883,103.3551314,41.31437189
25/02/20 9:00,7.244738261,119.2528736,1099.522008,726.7425791,15.88611121,62.17500008,49.29999987,11.10000012,400.6182641,14.06883493,1670.698961,0.629268293,0.005555554,252.5577393,49.94307158,1.265846578,14.61347389,138.4801046,56.73890877
25/02/20 9:10,8.817797159,119.2528736,1544.642543,1302.847675,14.46578939,62.78947328,50.29210522,10.90263166,400.4854351,14.90629256,1765.336743,0.658536585,0.701260352,252.5577393,49.94446885,1.072358024,14.30271912,104.9261331,56.70307143
25/02/20 9:20,8.980581546,119.2528736,1422.885938,1367.310292,11.55000005,64.25249958,48.17500019,11.0375001,401.2136383,14.81873171,1757.634487,0.611707317,0.114997717,254.5240307,50.01125984,0.945531265,15.33017159,112.6504398,38.17401304
25/02/20 9:30,8.345558262,119.2528736,1198.449713,1115.841072,10.9525001,65.07249985,47.65,11.03249993,400.2572327,14.21113913,1688.823566,0.743414634,0.218405643,265.8113519,49.92876968,0.956249105,14.4692564,118.5171321,41.9442605
25/02/20 9:40,8.225477624,119.2528736,1145.668854,1068.289139,10.6974998,64.65000229,46.82749939,11.25,400.2370667,13.98410176,1660.890604,0.506341463,0.331808617,256.947998,49.99046021,0.950296697,12.56986713,134.2818123,50.23751643
25/02/20 9:50,9.344870722,119.2528736,1735.390407,1519.845703,10.78000007,65.60749969,47.07249985,11.38000002,401.1606201,14.87285037,1761.595179,0.699512195,2.293706904,256.947998,50.02936478,1.054941045,13.42771339,117.3686553,60.42347307
25/02/20 10:00,8.104264426,119.2528736,1149.988867,1020.288713,10.9150001,67.46250038,46.77999954,11.45500002,401.5078369,13.36359479,1586.454002,0.755121951,1.375859547,259.3082062,50.0403801,0.993554111,12.65279198,120.3384038,44.80081315
25/02/20 10:10,9.185994053,119.2528736,1446.039163,1453.117502,12.57749996,67.72750053,47.70250015,11.94000001,402.0811874,14.57663566,1730.092632,0.635121951,1.095367007,264.7489068,50.0906456,0.912912713,11.49102116,90.33010902,50.44465053
25/02/20 10:20,9.725234747,119.2528736,1794.277045,1679.598594,13.72000003,69.41249962,48.66500053,12.18249998,402.4820862,15.12782715,1793.193254,0.75804878,1.429694303,258.0455627,50.02364483,1.019001646,13.31915951,98.68432674,47.9817359
25/02/20 10:30,8.331543636,119.2528736,1257.287798,1110.29128,12.60249991,70.90500069,47.75500011,12.44499993,401.7062363,14.00830194,1660.849005,0.787317073,1.501820601,268.5872906,49.94287529,1.00767156,15.00366402,131.5852116,53.82822075
25/02/20 10:40,10.6857513,119.2528736,1789.091086,1935.579015,12.17499995,71.66499977,47.21999969,12.58000002,401.4130661,14.94615935,1774.966112,0.781463415,4.020740943,262.4358215,49.93192501,0.912393877,13.48473454,135.8103979,51.76630037
25/02/20 10:50,8.541485572,119.2528736,1564.263235,1193.428286,12.14250011,73.7974987,47.54999962,12.6724999,401.4587128,14.77634856,1752.052603,0.693658537,0.628909739,262.4358215,49.90552959,1.175217347,15.05296421,122.3600182,55.02780457
25/02/20 11:00,9.083380556,119.2528736,1401.329588,1410.019834,12.13750014,73.70500069,46.88000011,12.96750011,401.877684,14.18522112,1682.588757,0.772682927,2.174593013,262.4358215,50.00727978,0.907263042,14.50894737,115.6556953,53.87952833
25/02/20 11:10,8.084476805,119.2528736,1358.730664,1012.452815,12.06000009,74.24500008,46.91500015,13.1500001,401.1519516,14.11492364,1676.724255,0.556097561,0.816222727,262.4358215,49.93675938,1.181925477,13.85891533,122.6610079,44.59348111
25/02/20 11:20,8.616329622,119.2528736,1329.179344,1223.06653,12.05500016,74.36499901,46.90749931,13.31250014,401.2627518,14.25380114,1692.131681,0.690731707,1.237735554,262.4358215,49.9160696,0.976858003,12.35644341,136.4391304,52.69745553
25/02/20 11:30,9.88550334,119.2528736,1703.590192,1746.911403,12.00000019,75.1174984,47.11749992,13.62249999,402.5033844,14.95054387,1777.692192,0.92195122,2.778307904,262.4358215,49.96322002,0.946007178,12.58427143,118.805073,55.46309586
25/02/20 11:40,7.724605608,119.2528736,965.8846054,887.0182731,12.10000014,74.44250107,46.37000027,13.52249994,402.1692688,13.51538819,1601.891705,0.415609756,0.050999511,260.3432667,50.00599899,0.930664074,13.34715462,95.76759768,46.92018437
25/02/20 11:50,7.698191166,119.2528736,1033.985347,878.1958494,13.3750001,72.23250046,46.74999981,14.03999996,402.6972153,13.87796138,1643.226225,0.424390244,0.035499222,251.2644665,49.98526459,1.003533719,10.77614784,107.68403,45.27284331
25/02/20 12:00,7.338765454,119.2528736,1005.168123,758.1476617,13.87499986,70.69999962,47.24000015,14.17999983,401.9840515,14.00005969,1661.975298,0.623414634,0,242.2260196,49.91221504,1.107679014,11.85252476,109.1623788,51.68383999
25/02/20 12:10,7.02619164,119.2528736,836.0503082,653.7480077,16.65750017,68.33749924,48.41999969,14.29750009,402.2990677,13.27133135,1572.791084,0.365853659,0,245.2597401,50.05837002,1.074184928,11.63172245,99.62462864,34.53079495
25/02/20 12:20,7.105379176,119.2528736,826.7075851,680.1966448,19.24749994,66.25250015,51.15999966,14.77249999,403.065683,13.34425499,1585.657133,0.354146341,0,247.3580043,50.07761021,1.019332398,10.27857399,119.8817513,42.94911551
25/02/20 12:30,8.939354253,119.2528736,1362.287726,1350.984284,18.41500015,65.47499962,51.68500042,13.98250012,401.9778305,14.70206098,1742.397955,0.769756098,1.09006194,241.1887158,49.94702396,0.915187518,10.22916698,94.43283777,45.42207689
25/02/20 12:40,6.892875767,119.2528736,882.6763062,617.7904448,16.0150001,65.35000038,49.89749985,13.7650001,401.3146164,13.37161897,1586.064651,0.430243902,0,250.9437308,49.93268414,1.209052034,11.52039433,102.1736798,54.19814339
25/02/20 12:50,7.688501477,119.2528736,996.9789322,874.9594934,17.83500004,63.45000038,51.10749969,13.00749998,401.8199677,13.40333444,1592.216349,0.386341463,0,263.5333862,49.91976986,0.97020788,11.49334431,78.52945275,33.17482083
25/02/20 13:00,8.192102194,119.2528736,1193.833588,1055.072469,13.41000004,63.46250019,51.7375,12.1625,402.4748672,14.37020038,1702.056192,0.67902439,0.017499979,263.5333862,49.98052425,1.001256593,10.06321049,66.57046871,39.7196064
25/02/20 13:10,5.112954676,119.2528736,300.75821,226.0095698,11.775,61.54749908,49.20249977,12.12749996,402.0482391,10.03918192,1193.241074,0.137560976,0.047499619,263.5333862,49.97851067,1.12738515,9.919318199,135.0725744,43.36358314
25/02/20 13:20,4.817439735,119.2528736,291.7457901,184.7358106,15.04500012,58.60000076,50.40499973,12.16750002,401.6488815,10.05929084,1195.590014,0.125853659,0.103999381,263.5333862,49.93972473,1.337922234,7.315702438,156.5823568,51.78008118
25/02/20 13:30,4.519363046,119.2528736,201.339583,151.6492981,17.30500002,55.94749966,50.48500099,12.04000001,401.4205811,9.657117784,1148.647127,0.108292683,0.338496243,263.5333862,49.99870472,1.17338487,7.814704895,107.7165042,26.21331916
25/02/20 13:40,5.666247106,119.2528736,366.6026245,328.9219616,18.33750029,53.63500004,51.16250057,11.80499992,401.3267517,10.54920347,1252.577591,0.16097561,0.047999596,263.5333862,49.97158966,0.967827724,6.75975275,108.1425612,42.19778981
25/02/20 13:50,5.722361588,119.2528736,480.2991711,339.3592555,19.19250031,51.79250031,51.9675005,12.06500001,400.4830521,11.4005287,1353.603258,0.216585366,0.082497955,258.0992263,50.01667976,1.221602903,6.999191284,130.710839,39.26234012
25/02/20 14:00,5.885340405,119.2528736,500.0164513,369.6733152,19.84499998,50.45999985,52.77499924,11.78750005,400.8049988,11.40538426,1354.98662,0.28097561,0,253.655304,49.94647446,1.149614418,8.56287384,116.1896138,34.0042294
25/02/20 14:10,7.226276803,119.2528736,707.5263062,720.5764522,20.35499992,49.45499973,54.05999985,11.4624999,401.5570816,12.65280949,1501.224695,0.307317073,0,251.0215871,49.97213497,0.821769982,8.432983398,112.5291918,35.14652939
25/02/20 14:20,5.725517118,119.2528736,438.9577957,339.9461839,20.79750023,48.46249905,54.70000076,11.75750008,402.1942886,11.0782097,1313.949497,0.210731707,0,248.7756461,50.04541512,1.114162531,10.38949966,118.4442978,37.44738343
25/02/20 14:30,5.505273151,119.2528736,326.2056236,298.9808062,21.05000019,47.30499992,54.67500076,11.675,401.5555893,10.18872468,1210.657288,0.196097561,0.024499745,234.9967041,49.94676456,0.966444955,7.158765793,113.5284082,46.68933382
25/02/20 14:40,5.528030789,119.2528736,379.4517471,303.2137267,21.20250053,46.17999954,54.87750092,11.70249987,402.0222534,10.59377722,1258.589785,0.169756098,0,234.9967041,49.99220428,1.105099618,6.872630596,116.5686372,36.38083477
25/02/20 14:50,5.796481609,119.2528736,488.1895981,353.1455793,21.72750015,45.15999985,55.52249966,11.20500011,403.6207504,11.32030722,1344.912586,0.20195122,0,234.9967041,50.08733959,1.184442553,7.286829472,98.69847164,32.58341699
25/02/20 15:00,4.931506181,119.2528736,297.8365959,197.3971861,20.2500001,44.4824995,56.27749939,11.09250011,403.7519623,10.2407949,1215.544395,0.207804878,0.275493068,234.9967041,49.94925003,1.26286595,7.448151588,117.1495922,31.47097974
25/02/20 15:10,4.356013083,119.2528736,129.4838415,133.5174523,14.55750008,43.29749889,56.04249935,11.04999986,403.7509964,9.427982837,1120.101786,0.058536585,0.740499025,234.9967041,49.91853466,0.848075566,5.901818752,105.7252857,28.30487418
25/02/20 15:20,4.264611328,119.2528736,132.2277302,123.3718574,14.96750002,42.45,55.70000076,10.73000007,403.9710159,9.213779345,1095.203453,0.049756098,0.567997873,234.9967041,49.93106461,0.927311917,4.43627882,59.78915749,21.85540794
25/02/20 15:30,4.880088151,119.2528736,222.7246513,191.6897847,18.1625001,41.47500019,55.33499928,10.92499995,403.4066635,9.565179303,1137.52743,0.125853659,0.171499596,234.9967041,49.94559994,0.97760968,3.756674051,75.16593778,20.65597667
25/02/20 15:40,5.871325684,119.2528736,371.3383011,367.0665771,19.425,40.67750053,55.67000122,10.67750001,402.3244537,10.51853223,1249.624454,0.16097561,0,234.9967041,49.92895985,0.860873156,4.081528664,62.31694539,20.99726191
25/02/20 15:50,4.713990831,119.2528736,262.9253616,173.2529823,20.19499979,40.24500027,56.00749989,10.77750001,401.9094467,9.890246764,1174.215832,0.131707317,0.118497096,234.9967041,50.00998974,1.302054363,4.989865303,117.6699024,31.6384824
25/02/20 16:00,5.57822367,119.2528736,363.1885822,312.5496025,20.61499968,39.69500027,56.11000042,10.57749991,401.6384323,10.61825283,1262.07126,0.187317073,0.147498199,234.9967041,49.92166443,1.019537604,6.0760355,88.10500622,21.85860157
25/02/20 16:10,6.408747125,119.2528736,502.3848083,494.8217697,21.31750011,39.47000008,56.93249989,10.52750006,402.0312042,11.49325718,1364.536188,0.213658537,0,234.9967041,50.0787302,0.88241569,5.876096725,76.27316909,22.94190514
25/02/20 16:20,6.940748286,119.2528736,704.6116287,629.9500647,21.75250015,39.43999939,57.70749969,10.45249972,401.2667877,12.70937379,1510.365303,0.283902439,0,234.9967041,50.07827015,0.943526654,5.680784225,84.14194169,33.67606821
25/02/20 16:30,7.138624716,119.2528736,747.7109863,691.3006551,18.63249998,40.00250015,55.03999996,10.38999991,400.4271835,12.95203552,1538.724421,0.447804878,0,234.9967041,49.96705475,0.906575476,8.226792336,104.0299235,38.86942825
25/02/20 16:40,7.140833569,119.2528736,717.9104889,692.0384119,19.70500021,40.47500019,55.89999981,10.32000003,400.3601166,12.81988531,1519.339067,0.333658537,0,241.9130196,49.90719547,0.869481244,8.670342445,103.9853506,36.96516328
25/02/20 16:50,7.204461826,119.2528736,761.4333014,713.2902497,20.26315789,40.68421053,55.59210526,10.23947374,400.7386892,13.03957578,1546.806155,0.289756098,0,242.679657,49.92096791,0.893737303,8.821193695,112.4399107,28.88964159
25/02/20 17:00,5.977670181,119.2528736,504.6304703,386.8466536,19.08249998,41.1125,54.82249966,10.43750005,400.7517532,11.39891611,1354.45586,0.36,0,247.8944305,50.00315533,1.100355242,9.340517044,104.7591326,31.30044696
25/02/20 17:10,6.858070946,119.2528736,744.9003769,608.9500202,20.9874999,40.94249992,55.81000004,10.33249993,400.3958527,12.08155882,1435.156002,0.254634146,0.098993196,245.8235374,49.91595936,1.037618442,8.876458168,87.08875694,36.281113
25/02/20 17:20,9.62382791,119.2528736,1847.276648,1637.007722,15.6749999,44.22249985,55.73750038,10.24750004,399.3942169,15.14159296,1796.979544,0.834146341,2.372843141,233.8991394,50.07695541,1.064401453,8.927059174,101.2375034,74.00498571
25/02/20 17:30,8.164165664,119.2528736,1151.652455,1044.009603,11.61000009,48.47999992,53.47749996,9.694999933,400.1363831,14.27755183,1694.024815,0.725853659,0,233.8991394,50.08440514,0.974952102,12.45989704,91.5371336,49.33414884
25/02/20 17:40,8.049375176,119.2528736,1226.763271,998.5525699,10.89750013,48.9149992,53.52999973,9.770000029,399.638382,13.39674917,1590.553791,0.482926829,0.410981623,259.7021483,50.0507349,1.08023021,11.41838932,92.10358257,39.88262033
25/02/20 17:50,7.634985948,119.2528736,1079.877228,857.0853065,9.704999971,51.88499966,53.22999992,8.775000095,399.5320511,13.83038177,1640.88553,0.567804878,0.051999481,291.9948764,50.04395523,1.06665296,8.212790489,56.15806823,28.82964549
25/02/20 18:00,6.988806725,119.2528736,656.9771912,642.156908,9.614999962,51.12999935,49.64249973,8.409999847,399.0651794,12.40398829,1473.189508,0.386341463,0,298.6554565,49.94313946,0.860392332,6.632796764,62.6765306,27.2770328
25/02/20 18:10,5.857125354,119.2528736,367.4824661,364.4253158,13.71999998,49.51749992,50.89250031,8.2450001,399.001445,10.46961589,1243.840576,0.163902439,0,298.6554565,49.93464947,0.859183584,5.716896057,73.75243711,23.6135232
25/02/20 18:20,6.309679055,119.2528736,320.9071419,469.65848,15.61750002,47.84250011,51.61000004,8.082500005,399.5350677,10.04789181,1195.60409,0.149268293,0,298.6554565,49.90248547,0.590032603,4.869812489,66.95035591,23.14786196
25/02/20 18:30,5.95634191,119.2528736,328.5921364,382.8795953,16.28500013,46.15249977,51.69250011,7.817500043,399.7333633,10.0956814,1199.849493,0.187317073,0,298.6554565,49.95870972,0.725144157,4.39961338,42.92573638,17.66603127
25/02/20 18:40,4.959498501,119.2528736,231.1106956,200.5043336,16.94249983,44.58750038,51.84499912,7.617500043,400.5567368,9.291493043,1105.233032,0.102439024,0.024499745,298.6554565,50.01611443,0.962136135,3.907383204,36.27165499,18.7864994
25/02/20 18:50,4.916860509,119.2528736,216.1413597,195.7715165,17.31750021,42.98999977,51.84999943,7.557499933,400.9714005,9.104150444,1082.303598,0.093658537,0,298.6554565,50.00148506,0.925426865,3.41883564,40.65056486,20.08428445
25/02/20 19:00,4.93078233,119.2528736,189.5356178,197.3168386,17.50749998,41.65499992,51.90750008,7.292499995,401.0400024,9.112939775,1082.877674,0.117073171,0.122499442,298.6554565,49.89549465,0.804040427,3.347653866,43.92904959,21.32148194
25/02/20 19:10,3.888924891,119.2528736,57.51338501,85.78044192,17.475,40.375,51.46750107,7.217500043,401.8679016,8.99448216,1067.721897,0.023414634,1.365000604,291.6420392,50.04241486,0.557288411,3.142288446,39.09090481,18.28322306
25/02/20 19:20,4.056769898,119.2528736,96.90101112,100.3014587,17.65263156,39.2368419,51.38947537,7.089473775,402.446016,9.271058895,1102.40714,0.032195122,0.913162232,263.5333862,50.10657381,0.809835854,3.123670816,75.87860047,26.36951296
25/02/20 19:30,5.339491439,119.2528736,273.1526825,268.1454076,18.23000002,38.34249973,51.87999954,7.002500033,402.1129379,9.688602939,1151.318848,0.152195122,0.038998969,263.5333862,49.98859959,0.888597303,3.785151243,74.54426599,24.5165828
25/02/20 19:40,6.06541512,119.2528736,460.1177475,407.6154405,18.75500011,37.68500023,52.81750011,6.954999876,401.8355164,11.15676959,1326.418951,0.196097561,0,263.5333862,50.07072487,0.956319662,4.067862034,55.23016806,21.83558807
25/02/20 19:50,7.102353501,119.2528736,777.4000397,679.1860694,19.62000008,37.54250011,54.55249996,6.752499962,402.4305008,13.12940218,1558.576864,0.316097561,0,263.5333862,50.09170017,0.960015809,5.461586475,64.03996983,27.61754103
25/02/20 20:00,7.502486849,119.2528736,941.2124023,812.8306075,17.9525001,38.15250034,54.40000019,6.807499933,401.9051483,13.93588163,1653.691687,0.547317073,0,263.5333862,49.97885456,0.965567772,6.655227184,59.63607855,30.30266085
25/02/20 20:10,7.702312088,119.2528736,1005.314322,879.5722374,14.52250004,38.98249989,51.66250038,6.849999905,402.2305862,14.23650621,1687.843975,0.43902439,0,263.5333862,50.05164452,0.974600287,7.254894257,53.06111813,31.77334967
25/02/20 20:20,7.802401018,119.2528736,1122.897641,913.0019401,16.35750012,39.92499981,52.58749962,6.889999962,402.7448029,14.24730447,1691.113169,0.453658537,0,263.5333862,50.05750027,1.059403615,7.418471813,55.17181625,32.88696587
25/02/20 20:30,8.172964263,119.2528736,1370.905884,1047.493848,13.09500012,42.30249977,52.57749996,6.892499948,402.499585,15.03999674,1783.170542,0.813658537,0.022499975,267.9244509,49.96026974,1.157141874,7.641135693,79.74416656,39.33146987
25/02/20 20:40,9.095594764,119.2528736,1450.442395,1415.149801,9.677499962,44.75749989,50.35749969,6.924999952,402.5991501,15.02882968,1782.472355,0.620487805,0.024499745,278.0845179,49.89421463,0.936216339,9.294884682,70.69225788,42.76774888
25/02/20 20:50,8.409487796,119.2528736,1380.425757,1141.157167,8.772500086,47.18499947,49.81000023,6.977500033,403.8357346,14.89051008,1765.430002,0.632195122,0.059499574,281.0944214,50.03534508,1.079577538,9.381375313,63.55443835,36.58011045
25/02/20 21:00,9.034282994,119.2528736,1469.171063,1389.398858,8.349999905,49.83750019,49.68500004,6.995000005,404.6368973,14.96958245,1774.704666,0.860487805,0.303866439,281.0944214,49.99616508,0.962943308,8.524186134,69.70718751,37.1945569
25/02/20 21:10,7.784042835,119.2528736,1184.375647,906.870307,8.245000196,51.15249977,49.29249954,7.080000019,400.6504517,14.48920771,1717.818827,0.512195122,0,281.0944214,49.95908966,1.122927778,8.837353706,60.75800395,35.08169701
25/02/20 21:20,7.447467637,119.2528736,838.4357086,794.4541908,10.13499985,51.20249977,48.17250004,7.187499976,401.221138,13.34263395,1584.26037,0.418536585,0,281.0944214,50.02176991,0.880371566,7.50348568,52.20125456,30.50847621
25/02/20 21:30,6.078186083,119.2528736,411.2759552,410.859265,12.65999999,49.77749939,47.93500023,7.312499952,400.4348816,10.80362226,1284.232458,0.254634146,0,281.0944214,49.97016983,0.849016711,6.149147034,62.02652426,23.9104147
25/02/20 21:40,6.584589696,119.2528736,571.5404053,539.4857828,15.01750002,47.94499989,49.83749981,7.349999952,399.9101013,11.85071938,1407.795313,0.237073171,0,281.0944214,50.02575397,0.918389443,4.244423389,65.13742344,27.15118041
25/02/20 21:50,7.137399483,119.2528736,757.3983795,690.8914272,16.40250025,46.99750023,51.81250019,7.110000014,400.8218719,12.98282799,1539.887564,0.348292683,0,274.0622837,50.10248508,0.918885115,5.452329636,53.81794882,29.60685105
25/02/20 22:00,6.237303877,119.2528736,557.5489883,451.2751847,17.45500031,45.96750011,52.80499973,7.475000072,401.6452026,11.79877853,1402.683168,0.327804878,0,258.0455627,50.07391453,1.061414558,5.875167847,70.14508924,27.7513411
25/02/20 22:10,6.063595986,119.2528736,535.2467575,407.1533805,17.93499994,44.80249939,53.38999977,7.572499895,402.9453964,11.65402687,1383.467411,0.228292683,0,258.0455627,50.09923992,1.113551114,6.131245136,90.33757477,34.1622458
25/02/20 22:20,6.357514644,119.2528736,555.7413315,481.8087195,18.49500017,43.68750019,54.09749985,7.310000062,403.6270813,11.81818673,1401.627142,0.237073171,0,258.0455627,50.08500042,0.999232193,6.87653017,91.02263508,30.80492024
25/02/20 22:30,7.070184708,119.2528736,743.6230652,668.4416924,18.86499977,42.95499916,55.01750031,7.212499928,404.5908798,12.70791355,1507.684021,0.418536585,0,258.0455627,50.0515955,0.933628026,7.606404305,104.5515761,32.7228821
25/02/20 22:40,8.189262247,119.2528736,1298.108466,1053.94785,15.21999993,43.65500145,53.04749928,6.987500024,402.9105713,14.90090963,1766.535181,0.579512195,0.01849989,258.0455627,50.07518997,1.08974178,8.555155754,76.30272336,39.15422544
25/02/20 22:50,8.09672823,119.2528736,1054.562125,1017.304379,13.45500007,45.01000004,51.64250011,6.915000081,401.9347519,14.34022629,1701.291412,0.485853659,0,268.8172541,50.08599548,0.91347058,9.634635925,70.41094065,31.26165602
25/02/20 23:00,8.059157681,119.2528736,1036.875467,1002.426442,12.65500031,45.6625,50.58250008,6.760000062,399.2486649,14.19733769,1683.946278,0.608780488,0,273.4114685,50.00787964,0.909910979,9.185440063,69.79074545,40.84088721
25/02/20 23:10,7.59570775,119.2528736,940.3150208,843.9663886,15.40499992,45.87249985,51.77749996,6.7875,399.8883835,13.92139524,1651.125023,0.412682927,0,273.4114685,50.08513489,0.939145542,9.800894737,89.75855217,33.13875217
25/02/20 23:20,7.328500366,119.2528736,908.7997345,754.7191223,12.5875001,45.82750015,52.91249962,6.897499967,400.0740829,13.71635869,1626.237465,0.40097561,0,261.0336254,50.05155048,1.006185165,9.899704933,94.88020134,46.58534589
25/02/20 23:30,7.37990005,119.2528736,810.3312714,771.8866168,8.957500076,45.71250057,49.77000008,6.600000072,401.0000824,13.21812406,1568.71106,0.474146341,0,255.8504333,50.09610004,0.876555471,9.256539345,88.36314096,38.9768414
25/02/20 23:40,7.922741699,119.2528736,1066.948663,953.1957275,13.54750004,45.65249977,52.65000019,6.847500086,401.0271835,14.43131979,1712.878721,0.468292683,0,255.8504333,50.07017498,0.97518094,8.60094738,83.19094114,45.07963133
25/02/20 23:50,7.111356378,119.2528736,917.1153534,682.1930301,12.82500014,45.94249992,51.17749958,6.719999957,401.5362015,13.67131618,1622.719374,0.386341463,0,265.7285156,50.08970947,1.127372596,10.86608124,89.78080754,44.86062384
26/02/20 0:00,8.214154267,119.2528736,1111.93035,1063.80509,11.73000007,46.27499981,49.79749985,6.787499952,400.5834686,14.41105253,1707.494717,0.652682927,0.0005,265.7285156,50.00506935,0.925765015,10.06971073,101.0197306,48.87508259
26/02/20 0:10,8.565004301,119.2528736,1282.571985,1202.741703,11.47499986,47.22499981,49.54749947,6.6,400.3870834,14.85085103,1761.580765,0.547317073,0,265.7285156,50.03805447,0.956892408,11.42242336,96.49144707,40.60498431
26/02/20 0:20,8.036585569,119.2528736,1205.226675,993.4878855,11.44249978,48.35999985,49.19999943,6.694999933,401.2954178,14.64067367,1737.410545,0.523902439,0,265.7285156,50.0789053,1.066034239,12.1258831,113.0905893,48.28483315
26/02/20 0:30,7.820740891,119.2528736,1136.480893,919.1274574,11.40249977,49.08250008,48.68250065,6.702499986,399.5824509,14.42758727,1709.275938,0.676097561,0.010999977,265.7285156,49.97079506,1.066976779,12.3933506,129.202599,45.05468187
26/02/20 0:40,8.158411217,119.2528736,1243.084064,1041.730842,11.40249987,49.70000019,48.46249981,6.782499981,399.3067978,14.71082993,1744.227911,0.538536585,0.04599928,265.7285156,49.95287971,1.054395195,13.13631344,96.44881268,29.16804957
26/02/20 0:50,8.913830757,119.2528736,1506.204657,1340.87698,9.032500029,51.33999977,49.00749969,6.69749999,399.7969498,15.09853917,1790.104832,0.670243902,0.0619989,265.7285156,49.96961937,1.018786061,11.6423645,77.46565285,37.58440571
26/02/20 1:00,7.905812645,119.2528736,1119.824493,947.5414234,8.179999948,52.78499966,49.76749992,6.644999909,399.632399,14.44723235,1713.108479,0.67902439,0,265.7285156,49.89876442,1.028025476,10.79729557,74.78763399,34.55350232
26/02/20 1:10,7.566805935,119.2528736,974.3251007,834.3131823,8.344999933,52.28750038,51.51750011,6.592499948,400.3074188,14.00526063,1661.282427,0.44195122,0,265.7285156,49.94022961,0.981155041,9.30117321,94.71946106,43.64644327
26/02/20 1:20,7.347824001,119.2528736,969.6262634,761.1732164,9.412499905,51.25999928,47.87750015,6.64749999,401.2888489,13.74110717,1631.848921,0.374634146,0.040998803,265.7285156,50.00809383,1.064123676,9.575504303,88.55660768,34.09859548
26/02/20 1:30,8.48618784,119.2528736,1307.046198,1171.530384,10.03249984,51.27999973,48.10250072,6.905000019,400.8103699,14.80548267,1755.016199,0.737560976,0.04299862,265.7285156,49.9411047,0.998404927,8.921050072,74.66077151,38.02601798
26/02/20 1:40,8.981732368,119.2528736,1529.209576,1367.766018,10.44750009,52.55750027,48.78250027,6.647500038,401.1064346,15.12649097,1792.440565,0.643902439,0.031499721,265.7285156,50.03293991,1.015877562,10.1736536,73.29146347,29.84076195
26/02/20 1:50,9.551174283,119.2528736,1894.782471,1606.493199,10.21999998,54.92749939,49.26749878,6.640000033,401.4691025,15.18194076,1800.491158,0.793170732,0.779969319,265.7285156,50.02371445,1.103302753,10.12156868,73.40813866,36.16238747
26/02/20 2:00,9.641276598,119.2528736,1799.226605,1644.336171,8.040000057,58.88750019,49.66999969,6.829999876,401.051387,15.16228643,1798.296095,1.068292683,0.322994351,265.7285156,49.95404968,1.034119916,8.846058846,61.38752246,42.45589395
26/02/20 2:10,8.829111433,119.2528736,1441.246426,1307.328127,7.417499948,60.64249954,49.57749958,6.949999881,400.9268845,15.00257689,1779.235794,0.632195122,0.008499991,265.7285156,49.97350464,0.997474528,8.5095644,63.20988803,38.56189985
26/02/20 2:20,9.502540541,119.2528736,1751.158423,1586.067027,7.134999871,62.15999947,49.64750042,7.139999914,401.5237183,15.13907692,1796.227432,0.75804878,0.396948136,265.7285156,49.9336647,1.026931378,10.12626266,60.00693202,36.17468262
26/02/20 2:30,9.567564917,119.2528736,1875.551233,1613.377265,7.02249999,64.74499969,49.88749962,7.224999976,400.9876144,15.17183143,1799.308754,1.091707317,0.810934875,265.7285156,49.91721458,1.089509285,8.702659607,81.43040733,40.27337265
26/02/20 2:40,9.864045238,119.2528736,1976.014532,1737.899,6.935000062,67.92000046,50.00749969,7.26500001,401.2292999,15.17758325,1800.529638,0.860487805,1.666797299,265.7285156,49.99256458,1.100558224,9.433559418,76.76990056,34.73885527
26/02/20 2:50,9.018838835,119.2528736,1658.745129,1382.912311,6.800000048,70.33499985,50.02999954,7.392499971,402.3851181,15.13078089,1794.310221,0.769756098,0.089998905,265.7285156,50.06178036,1.091440266,9.548852921,54.5000021,27.54967859
26/02/20 3:00,8.300157472,119.2528736,1264.881685,1097.862359,6.713157754,70.31315814,49.58157891,7.53684207,402.9409517,14.96270421,1773.854081,0.79902439,0,265.7285156,50.03964173,1.023987962,8.608585358,63.9166834,30.84021453
26/02/20 3:10,9.097525334,119.2528736,1528.565039,1415.96064,6.594999909,69.27499847,49.35249996,7.720000005,403.6859802,15.13988659,1795.563572,0.667317073,0.049497895,265.7285156,50.07267056,0.986170082,9.792036057,70.24102211,32.88920832
26/02/20 3:20,8.901802373,119.2528736,1538.528809,1336.11374,7.720000052,69.15249939,48.76249981,7.745000005,404.2347809,15.13542402,1794.936607,0.670243902,0.030499579,265.7285156,50.08302021,1.044012148,9.419561386,73.14023938,26.98760204
26/02/20 3:30,8.407445717,119.2528736,1120.873428,1140.348504,9.132499933,68.36999931,48.26500053,7.767500091,404.0494843,14.57600619,1729.094582,0.708292683,0,265.7285156,50.0184597,0.877148066,9.92634201,82.33874273,38.57340546
26/02/20 3:40,7.696409225,119.2528736,1144.52601,877.6006813,9.5875,66.03500023,47.25749989,7.690000081,404.4809631,14.5201503,1721.901455,0.506341463,0.012999961,265.7285156,50.02685986,1.111364628,8.83119297,78.09413199,34.72665005
26/02/20 3:50,8.451940155,119.2528736,1513.734436,1157.968301,10.07999992,65.17500038,47.86750031,7.677500033,403.907132,15.08864759,1789.540375,0.632195122,0.026999714,265.7285156,49.97502499,1.1684264,9.280163765,82.98801932,32.77135553
26/02/20 4:00,9.458361793,119.2528736,1842.186749,1567.511953,9.67249999,66.18250046,48.82500019,7.6450001,402.988768,15.15009168,1795.401438,1.053658537,0.428454081,265.7285156,49.95151539,1.090951248,10.20842361,88.00323715,34.72501855
26/02/20 4:10,9.610295677,119.2528736,1779.923901,1631.324184,7.652499986,68.42499886,49.40249977,7.580000043,403.0971466,15.14092621,1794.73712,0.778536585,0.329974566,265.7285156,49.92822971,1.027592678,10.19623756,63.35785608,38.36607614
26/02/20 4:20,9.944513655,119.2528736,1913.623645,1771.695735,7.13999989,70.3375,49.77499962,7.802499986,403.5018188,15.14534971,1796.2328,0.828292683,0.607398592,265.7285156,50.00635986,1.054018344,9.142307281,63.4626873,37.90754271
26/02/20 4:30,9.45299716,119.2528736,1807.981879,1565.258807,7.072499943,72.5650013,49.87750015,7.725000024,403.5453323,15.15160999,1797.808193,1.094634146,0.382967949,265.7285156,50.04574928,1.072003172,9.284064293,83.72068024,33.25553851
26/02/20 4:40,9.379378343,119.2528736,1751.879248,1534.338904,6.850000143,73.875,49.94500008,7.64749999,403.460733,15.17063177,1799.688887,0.766829268,0.055499773,265.7285156,50.04287987,1.056451977,9.213341713,59.13864679,44.78349683
26/02/20 4:50,9.244076347,119.2528736,1722.089404,1477.512066,6.790000153,74.59749947,49.97999973,7.862500072,402.6909485,15.12823159,1794.388029,0.75804878,0.124999236,265.7285156,50.05466003,1.072088145,8.57322216,64.53069477,35.82628517
26/02/20 5:00,10.26232214,119.2528736,2044.330853,1848.776039,6.734999943,76.12499924,50.18499889,7.942500019,400.9979675,15.1602779,1797.650797,1.170731707,2.729403872,265.7285156,50.016045,1.082178284,9.116345406,68.45629702,46.56800022
26/02/20 5:10,10.90254176,119.2528736,2047.559641,1980.021061,6.721052521,78.70789417,50.22894608,7.842105263,399.8176992,15.19036663,1801.448412,0.892682927,3.933329987,265.7285156,49.96084735,1.033317193,9.881729126,78.33768744,55.42099099
26/02/20 5:20,10.9691518,119.2528736,2054.992098,1993.676119,6.763157945,81.62105239,50.1421043,8.005262902,398.5469248,15.15922092,1797.729071,0.901463415,5.077992411,265.7285156,49.94396792,1.033755672,10.16909122,83.46016271,48.57339648
26/02/20 5:30,10.87881994,119.2528736,2044.901727,1975.158088,6.88500011,83.87249985,50.06999893,7.807500005,399.045697,15.15195112,1797.537838,1.2,4.015058745,265.7285156,49.89122944,1.033154804,9.4584589,67.87830877,34.44193521
26/02/20 5:40,10.83115153,119.2528736,2060.689563,1965.386064,6.760000038,85.9125,50.10499878,8.237500072,402.4294693,15.19180968,1802.589787,0.898536585,4.300059963,265.7285156,49.88290977,1.043526946,9.273247719,82.85346427,39.28970528
26/02/20 5:50,10.2622108,119.2528736,2028.666846,1848.753214,6.810000181,87.56750069,50.04999924,8.312500167,401.5321365,15.16274402,1797.387623,0.895609756,3.066900707,265.7285156,50.01764011,1.073900853,9.688782692,76.09603853,44.07752728
26/02/20 6:00,9.522588062,119.2528736,1914.971893,1594.486986,6.795000148,88.71500053,50.09999866,8.35999999,399.9137863,15.16021755,1799.544376,1.141463415,1.12888545,265.7285156,49.97168484,1.119710774,8.871094704,55.36823025,38.19669051
26/02/20 6:10,9.288180637,119.2528736,1624.09798,1496.035868,6.827500153,88.29750061,50.01499939,8.727499914,402.7110992,15.13456468,1795.501808,0.725853659,0.029499553,265.7285156,49.92451916,1.000531059,8.631709099,83.10755539,41.47514682
26/02/20 6:20,8.686106181,119.2528736,1400.03844,1250.698048,6.800000024,85.95749969,49.76999989,8.582499981,402.6757828,14.91570555,1768.181831,0.617560976,0.080996457,265.7285156,49.98859425,1.008463782,10.11383152,93.80405264,40.55665283
26/02/20 6:30,9.37980516,119.2528736,1722.2815,1534.518167,6.677499795,83.55500031,49.74499989,8.297499943,400.5554703,15.16124055,1796.625401,0.942439024,0.442914022,265.7285156,50.05656509,1.038500698,11.12225246,112.2294361,48.52982998
26/02/20 6:40,9.711851168,119.2528736,1708.659857,1673.97749,6.679999804,83.19249954,50.02749958,8.317499995,403.0067978,15.12432508,1793.824814,0.769756098,0.396974231,265.7285156,50.11173458,0.972222587,12.69695377,96.61825323,42.98015835
26/02/20 6:50,10.15924449,119.2528736,1943.62533,1827.64512,6.61499989,83.52999878,50.10249882,8.450000095,402.3724228,15.16676402,1799.948839,0.845853659,1.606668115,265.7285156,49.98825474,1.041803922,12.93808746,98.23631763,40.22088523
26/02/20 7:00,9.883034658,119.2528736,1875.307971,1745.874557,6.677499819,84.23249893,50.15249901,8.304999995,400.5484863,15.11077461,1792.317221,1.103414634,0.873880765,265.7285156,50.0351799,1.041718861,11.80791283,86.69983025,61.32855144
26/02/20 7:10,10.55035644,119.2528736,1985.916394,1907.823069,6.639999843,85.39249878,50.29499931,8.479999804,399.0376144,15.16721249,1798.844513,0.875121951,2.614959675,265.7285156,49.99143028,1.019479981,11.6349287,92.23263454,60.90190458
26/02/20 7:20,10.83271081,119.2528736,2052.751068,1965.705717,6.83499999,86.86750031,50.06749897,8.577499986,398.4829651,15.15004487,1797.147297,0.886829268,4.28346632,265.7285156,49.94290962,1.039428682,11.89714336,77.61261215,57.38765621
26/02/20 7:30,10.77975173,119.2528736,2034.639215,1954.849105,7.004999995,88.73000069,50.0449995,8.79749999,398.2651962,15.15216435,1795.08522,1.191219512,3.964447559,265.7285156,49.93378506,1.032897806,10.82025242,85.324963,50.70907078
26/02/20 7:40,10.2721202,119.2528736,2026.973678,1850.784641,7.073684165,89.98158023,49.78157907,8.784210506,403.0712794,15.1798151,1799.456845,0.883902439,3.162417104,265.7285156,50.0246841,1.071725342,10.94593239,82.47131659,46.60347437
26/02/20 7:50,10.43929998,119.2528736,2018.594269,1885.056497,7.113157799,90.81578907,49.74749966,9.226315699,399.4569766,15.17497346,1798.731251,0.886829268,2.882501187,265.7862792,50.10271574,1.046251621,9.874519348,77.98561016,43.75552308
26/02/20 8:00,9.818455648,119.2528736,1817.49212,1718.751372,7.4375,91.57999992,49.76842097,9.090000105,399.3243134,15.15311725,1797.315915,1.088780488,0.616253329,279.9968567,50.08664951,1.018724199,9.370886803,66.61756897,39.19649591
26/02/20 8:10,10.37857909,119.2528736,1981.347223,1872.608714,7.684999824,91.37250061,49.69000072,9.437499952,398.7270447,15.13550296,1794.891661,0.869268293,1.513746979,279.9968567,50.07007008,1.034353379,8.368460655,59.3206069,36.33065271
26/02/20 8:20,9.703943539,119.2528736,1698.530701,1670.656286,7.609999895,91.12000084,49.71250038,9.53499999,397.9734802,15.1469331,1795.82024,0.740487805,0.218987698,279.9968567,50.05386047,0.967545732,8.547743797,65.34292889,33.71564848
26/02/20 8:30,9.725531745,119.2528736,1733.542798,1679.723333,7.6049999,90.05,49.76250019,9.404999971,398.3997437,15.13543135,1795.23238,1.04195122,0.102499414,279.9968567,50.02648487,0.984468148,8.221456528,34.61780589,33.06387075
26/02/20 8:40,8.937516642,119.2528736,1397.377716,1350.25659,7.355000043,88.09000015,49.52250042,9.519999933,399.0729431,15.12584004,1792.962141,0.602926829,0.010999977,279.9968567,49.97280025,0.939220009,7.013436794,49.3581461,46.77064347
26/02/20 8:50,9.632013965,119.2528736,1892.852321,1640.445865,7.63499999,86.20249939,49.43500023,9.609999895,399.205481,15.17464793,1800.8514,0.79902439,1.589270498,279.9968567,49.98476963,1.089379629,8.009758949,62.40871143,33.04775801
26/02/20 9:00,10.18977993,119.2528736,1977.044263,1833.904885,7.97250011,87.32000008,49.22499962,9.622500038,398.5314957,15.17776103,1800.518658,1.164878049,3.226723261,279.9968567,49.98754482,1.055784852,8.363595009,78.02932501,50.21250696
26/02/20 9:10,9.874161625,119.2528736,1825.855817,1742.147882,8.204999828,88.74999924,49.11499863,9.792499924,398.3903458,15.11025439,1791.15073,0.831219512,1.786111334,279.9968567,50.07276535,1.015497897,9.848096848,83.84167557,34.14021592
26/02/20 9:20,9.769803214,119.2528736,1702.135251,1698.31735,8.147500038,88.00000038,48.98750019,10.19500003,397.4121506,15.00073962,1778.420832,0.731707317,1.322717112,279.9968567,49.997505,0.960603904,9.173918724,75.61783185,27.67626004
26/02/20 9:30,9.981360126,119.2528736,1872.818475,1787.171253,8.412499905,87.99750023,48.92750072,10.19500008,397.5316818,15.16509868,1797.437628,1.100487805,2.358262327,279.9968567,49.99493484,1.026343912,10.41886616,69.11915522,40.13014526
26/02/20 9:40,9.903713274,119.2528736,1850.202545,1754.559575,8.527500105,88.62749977,48.85000114,10.37999997,398.2708633,15.18648586,1801.922573,0.790243902,1.286769172,279.9968567,50.06732006,1.024834682,9.655830383,83.12315998,41.12815566
26/02/20 9:50,10.5732069,119.2528736,1957.690869,1912.507415,8.5525002,89.35999947,48.91000118,10.45999985,399.3437805,15.16581452,1799.045568,0.866341463,3.815585043,279.9968567,50.09199047,1.003867802,10.13028717,82.03132286,36.29621189
26/02/20 10:00,9.45216186,119.2528736,1652.876764,1564.907981,8.740000296,89.57499924,48.67250099,10.68499999,399.9950516,15.03637616,1782.500381,0.992195122,1.278085331,287.1356232,50.04189491,0.980223481,9.38560009,68.14870815,41.29074644
26/02/20 10:10,9.386877584,119.2528736,1572.708011,1537.488585,8.8025002,88.89750099,48.62000008,10.63000002,399.6694,14.87884189,1764.600409,0.731707317,1.220627573,294.6976319,50.04323578,0.946760049,9.115768433,63.07741256,42.99890823
26/02/20 10:20,10.9061996,119.2528736,1845.948688,1980.770918,8.925,87.75499992,48.41250019,10.59750004,398.8513809,15.08689539,1790.674559,0.769756098,4.35217311,289.874939,49.92108917,0.931408741,10.15804291,76.19848099,48.54131112
26/02/20 10:30,10.89682548,119.2528736,1924.379187,1978.849223,9.085000038,88.55749969,48.54999962,10.80500002,397.7214828,15.10324337,1791.125605,1.123902439,4.098987914,289.874939,49.90973454,0.971420318,10.54490852,102.035589,51.97910519
26/02/20 10:40,9.758350253,119.2528736,1796.15293,1693.507106,9.194999838,89.40749855,48.58499947,11.00500011,398.0226456,15.10582821,1792.870394,0.784390244,1.354155537,289.874939,49.89500465,1.015300971,11.67175484,97.7785727,42.32799306
26/02/20 10:50,9.90692741,119.2528736,1691.589979,1755.909512,9.25,89.15526219,48.47368441,11.10000003,398.0699479,15.13954917,1794.916113,0.72,1.842924807,289.874939,49.9347994,0.936562361,11.1612463,68.73783644,50.28371389
26/02/20 11:00,10.28587801,119.2528736,1741.675952,1853.604993,9.462500095,88.59500046,48.30750027,11.53499985,399.2212662,15.1576813,1798.972618,1.044878049,3.337775931,289.874939,49.9232748,0.919357683,11.65469933,102.100959,52.42393837
26/02/20 11:10,10.62208202,119.2528736,1819.677509,1922.526814,9.85499959,89.26499977,48.49500008,11.5650002,398.8933456,15.11770481,1792.858274,0.819512195,2.780691345,289.874939,50.04417496,0.930873299,12.12449074,86.05120354,47.98864098
26/02/20 11:20,12.63980718,119.2528736,2053.422272,2046.398072,10.01999974,90.05500031,48.77000046,11.92499995,398.6435974,15.17752612,1799.291628,0.872195122,7.463706022,289.874939,50.06945534,1.005030205,11.41257095,87.56011276,45.69814425
26/02/20 11:30,12.92872655,119.2528736,2048.27124,2049.287265,10.45263175,91.97631635,49.50263114,12.08421055,398.4381521,15.13103095,1793.185664,1.202926829,10.06355254,279.2785336,50.03119981,1.000480295,10.87365532,97.92137909,67.5603208
26/02/20 11:40,13.50417004,119.2528736,2054.899091,2050,10.88250003,93.96000023,50.15499973,12.32750001,398.7128479,15.12932736,1793.590107,0.904390244,10.8197459,288.7773743,50.03278522,1.002539242,11.64444065,103.2400581,77.74040203
26/02/20 11:50,13.35346107,119.2528736,2054.576306,2050,11.1900003,95.70749931,50.4225008,12.58499999,398.6045929,15.19765104,1801.002148,0.898536585,9.366463925,288.7773743,50.03745441,1.002581755,11.50911808,106.2903611,52.70101538
26/02/20 12:00,12.34642687,119.2528736,2041.382031,2043.464269,11.41249976,97.08250008,50.46500053,12.91999998,398.7391296,15.17890365,1800.082884,1.194146341,7.43019096,288.7773743,49.99526463,1.000912318,11.90745258,88.65425253,63.55856419
26/02/20 12:10,11.36450787,119.2528736,2046.503937,2014.580315,11.55999999,98.36999931,50.59250031,13.30749993,398.3816971,15.18925864,1799.273523,0.883902439,5.997998212,288.7773743,50.06423073,1.015904596,11.0154562,94.06125984,54.19828262
26/02/20 12:20,11.50118961,119.2528736,1982.637826,2020.047585,11.62666658,99.03666687,50.48999939,13.56666648,399.1740458,15.16288048,1796.407364,0.857560976,4.665899002,288.7773743,50.00610682,0.979912716,11.78373814,84.52148895,42.59520931
26/02/20 12:30,12.74147406,119.2528736,2013.160767,2047.414741,11.88249998,99.22999878,50.47999973,13.76000013,399.3699485,15.14610627,1798.815691,1.176585366,8.392038128,288.7773743,49.95399957,0.984621966,11.21716213,80.96946275,59.28709532
26/02/20 12:40,12.21043607,119.2528736,1945.898718,2042.104361,11.99210533,100.0499981,50.6675005,13.62368423,399.5593994,15.13127612,1796.883837,0.860487805,7.123260909,288.7773743,49.98521976,0.954766782,12.53273296,92.36889963,63.06045818
26/02/20 12:50,12.13866475,119.2528736,2035.869543,2041.386647,12.10476208,100.8025002,50.86249981,13.82619054,401.0476364,15.15714991,1798.747238,0.895609756,8.134607567,288.7773743,50.01139469,0.999282403,11.51934814,70.42376895,59.90970559
26/02/20 13:00,12.47318328,119.2528736,2039.336481,2044.731833,12.38684177,101.6552626,50.93000011,14.1552632,400.3560669,15.1718089,1797.148481,1.2,8.898434679,288.7773743,50.05823498,0.999254788,11.36815548,75.70132942,70.74314413
26/02/20 13:10,10.3998181,119.2528736,1908.888568,1876.962711,12.43095221,101.9095234,50.83499985,14.42857138,401.2849213,15.13965556,1794.831585,0.831219512,3.329475924,288.7773743,50.09336948,0.994018853,10.78754425,80.04583092,43.13626947
26/02/20 13:20,10.12918899,119.2528736,1912.351746,1821.483743,12.47105252,101.5368419,50.8125,14.38684223,401.7766861,15.13915367,1795.353813,0.842926829,3.628208017,285.7579042,50.03421497,1.028812249,10.70239353,76.24715061,49.58518176
26/02/20 13:30,10.6862896,119.2528736,2025.107642,1935.689367,12.54250016,101.3625,50.82999954,14.54749994,402.0737534,15.16097014,1795.137949,1.173658537,4.135538954,294.2651978,50.05181007,1.03272968,10.75494862,91.39609575,44.89615679
26/02/20 13:40,11.11833179,119.2528736,1956.079022,2004.733272,12.62500038,101.4575005,50.79750004,14.3125001,402.6683868,15.13214359,1792.668497,0.851707317,4.861609427,294.2651978,50.00235939,0.978772302,11.19452953,80.63330116,39.97518659
26/02/20 13:50,10.92719383,119.2528736,1905.829285,1985.074736,12.86749983,101.5450001,50.82894717,14.46749992,402.451564,15.07967538,1789.084192,0.892682927,5.26732583,294.2651978,49.97263966,0.960652644,9.837338448,69.98308744,48.80238905
26/02/20 14:00,9.452533054,119.2528736,1765.8573,1565.063883,12.81750007,100.3574993,50.28499947,14.68999996,402.2214996,15.09252943,1787.109364,1.003902439,1.243445478,297.8134629,49.95888977,1.047137013,10.90146351,93.56955357,48.75271082
26/02/20 14:10,11.0431721,119.2528736,1921.287335,2001.726884,13.01500006,100.1049984,50.62250042,14.61250005,401.6195862,15.12808049,1793.701796,0.848780488,3.76317449,294.2651978,49.91462936,0.963713442,11.94515324,81.36326947,36.13553205
26/02/20 14:20,11.51514244,119.2528736,2038.164962,2020.605698,13.1250001,100.0349998,50.61000023,14.7499999,402.5917679,15.13285692,1793.62306,0.87804878,6.578792927,294.2651978,50.0188942,1.007181526,10.62620258,71.82119913,53.64027977
26/02/20 14:30,10.20936325,119.2528736,1955.741321,1837.919465,13.30000014,100.6575001,50.74749966,14.89250002,403.2594955,15.18394129,1798.507233,1.147317073,3.54321835,299.2055993,49.94842472,1.041929245,10.89147663,83.4575798,46.42533569
26/02/20 14:40,9.850494552,119.2528736,1770.168234,1732.207712,13.1875,100.2049995,50.59499989,14.96750011,403.1866501,15.06657493,1786.447626,0.784390244,1.272682873,300.8505859,49.90100975,0.987771102,10.70751381,77.90976076,38.50506248
26/02/20 14:50,9.685882425,119.2528736,1699.96004,1663.070619,12.99499993,98.75499916,50.29749947,15.12500005,402.8562531,15.16401011,1798.661516,0.763902439,1.063977636,292.6427947,49.97770443,0.970853043,9.299206734,67.95476437,32.68218594
26/02/20 15:00,8.733700156,119.2528736,1230.565775,1269.545262,12.59500017,95.43749847,48.90000019,14.9375001,402.6929016,14.5962545,1730.5868,0.763902439,0.016499923,290.9725037,50.03516483,0.874523063,8.964214325,89.9937521,33.90958529
26/02/20 15:10,8.794975042,119.2528736,1418.738281,1293.810117,12.37249975,91.67750053,47.78749962,14.8525001,401.4303314,14.70583494,1745.830954,0.585365854,1.667137581,290.9725037,49.92864513,0.991166138,8.965542793,84.29863605,40.50408468
26/02/20 15:20,10.81747091,119.2528736,1920.99231,1962.581536,12.58000031,91.11500053,48.99749947,14.68249998,400.7106857,15.13093154,1793.403751,0.851707317,2.352778121,290.318918,49.8857502,0.973427493,10.08247662,64.27466679,39.12194753
26/02/20 15:30,10.6638289,119.2528736,1958.503986,1931.084924,12.57500029,92.23999825,49.63500023,14.63249998,400.3760361,15.1561731,1796.413267,1.153170732,4.374446271,283.5227231,49.95758438,0.999855939,9.503011703,63.94967952,40.31238501
26/02/20 15:40,10.86428533,119.2528736,1985.528528,1972.178492,12.49499998,93.76749954,50.22999992,14.37000003,399.185498,15.21390733,1801.714937,0.889756098,4.79078804,276.7041626,49.94270954,1.003860091,9.558605194,77.54443884,51.44619484
26/02/20 15:50,9.563852382,119.2528736,1809.743066,1611.818,12.35499969,94.27999878,50.17249928,14.54250002,400.5030197,15.11798653,1791.943348,0.787317073,2.258937554,276.7041626,49.92334461,1.051847466,11.20308971,82.95969725,47.42017126
26/02/20 16:00,10.37779939,119.2528736,1935.519861,1872.448875,12.43249974,94.48999977,50.21249943,14.44499993,400.9302704,15.16525018,1799.345701,1.129756098,2.981161119,286.9204576,49.95910015,1.010523004,11.16313076,97.1795958,51.22496958
26/02/20 16:10,10.98057957,119.2528736,2018.842358,1996.018811,12.51750007,95.65500031,50.46500034,14.33749986,401.4260666,15.2084401,1798.58856,0.875121951,3.778515287,288.7773743,49.92330475,1.015014496,10.79194641,100.696987,50.40406322
26/02/20 16:20,9.568975663,119.2528736,1727.068335,1613.969779,12.42999983,96.17000084,50.34500046,14.45249982,401.576915,15.13439664,1795.58765,0.813658537,0.903397585,288.7773743,49.99503479,1.003050273,10.23031902,80.33034754,42.01470902
26/02/20 16:30,8.230192447,119.2528736,1128.541855,1070.156209,12.14499998,93.35999947,48.71000042,14.43250003,401.0737015,14.65188137,1737.179941,0.702439024,0,288.7773743,49.96717453,0.934638691,10.0110569,69.53631468,27.57774129
26/02/20 16:40,8.861624291,119.2528736,1357.008918,1320.203219,11.88947381,89.47368501,47.63684182,14.37368423,400.1823843,15.09745002,1789.876189,0.591219512,0,288.7773743,49.95125158,0.93088295,8.516413689,72.7514269,36.88780689
26/02/20 16:50,8.350254631,119.2528736,1081.262305,1117.700834,11.5999999,86.29499855,47.35250015,14.05249991,400.0090683,14.37712571,1703.371731,0.488780488,0.026999659,288.7773743,49.94480934,0.861462596,8.12514019,46.92459054,31.75162308
26/02/20 17:00,8.456710672,119.2528736,1098.945193,1159.857426,12.76250005,82.33999939,47.32499981,13.83999991,398.6902817,14.22812359,1687.141342,0.620487805,0.079491278,285.3993828,50.07276974,0.847018765,6.50553894,66.79604344,25.88319416
26/02/20 17:10,8.787494469,119.2528736,1180.283447,1290.84781,13.57000022,79.36000099,48.00500031,13.70999994,397.6709976,14.84459254,1761.277777,0.515121951,0,280.0002404,49.99617443,0.826284952,7.71705389,55.35882773,36.06325607
26/02/20 17:20,8.94468174,119.2528736,1445.20524,1353.093969,13.87499995,77.5,48.39500027,13.49499998,399.6234375,14.99912104,1777.593784,0.635121951,0.040499813,281.0944214,49.90979481,0.96951813,8.315377235,77.58440399,34.52821155
26/02/20 17:30,8.740939713,119.2528736,1334.755798,1272.412126,14.12499995,76.07500038,48.55499992,13.12999978,400.2506348,14.98741847,1777.338112,0.778536585,0,273.680582,50.02269497,0.946639631,8.812961578,55.79254708,31.82729111
26/02/20 17:40,8.781832838,119.2528736,1501.794473,1288.605804,13.05750003,75.50999908,48.44250031,12.64249973,400.8257492,15.08406821,1787.846529,0.652682927,0.024499745,270.1187744,49.91562004,1.05301836,8.40206337,64.78607707,36.47020087
26/02/20 17:50,7.15429132,119.2528736,825.5466278,696.5333008,11.3375,73.64250069,46.88749962,12.28500004,402.8873016,13.44875461,1595.654325,0.409756098,0,270.1187744,49.90331039,0.99315433,8.309556961,51.28753157,22.27379591
26/02/20 18:00,7.910546207,119.2528736,1042.675534,949.1224333,11.65499997,70.48250008,46.41250019,12.23249998,403.9968964,14.32667993,1701.006346,0.567804878,0.01849989,270.1187744,49.9076252,0.956021295,5.916621685,57.28535109,32.76630282
26/02/20 18:10,7.806986046,119.2528736,990.4015198,914.5333393,12.81750016,68.16749954,46.82749977,12.05250006,400.7557861,14.21939488,1687.383986,0.43902439,0,270.1187744,49.94197464,0.933253184,7.303882122,50.92605467,23.02349672
26/02/20 18:20,7.457639766,119.2528736,887.1729156,797.8516818,13.05000019,65.97250099,46.51999855,11.80249996,400.846228,13.76595524,1632.210829,0.39804878,0,270.1187744,50.08274021,0.92745367,6.786333561,62.3345026,25.93537042
26/02/20 18:30,7.503117919,119.2528736,834.4123383,813.0413849,12.99499998,63.56749973,45.84999905,11.41999998,400.40327,13.49315666,1600.59763,0.485853659,0,270.1187744,49.93440475,0.855846762,6.060902119,38.74290333,19.50397153
26/02/20 18:40,7.554814482,119.2528736,786.4700439,830.3080369,12.94749985,61.44249897,45.41249981,11.05,401.3602036,13.24540222,1571.482796,0.351219512,0,270.1187744,50.04377956,0.794707968,5.009089947,47.24478188,16.90179529
26/02/20 18:50,6.846822,119.2528736,624.5799515,606.0927879,14.50750003,59.09249992,45.75750008,10.88250008,401.2337357,12.29440668,1459.456827,0.27804878,0,270.1187744,50.02430019,0.874806582,5.438591957,83.34988575,40.72213693
26/02/20 19:00,6.038982129,119.2528736,504.1326569,400.9014608,17.1625,56.83499947,48.0800005,10.95749989,400.7704987,11.53860189,1370.13802,0.313170732,0,270.1187744,50.06935501,1.062800298,7.314301491,84.42934284,37.79311228
26/02/20 19:10,6.499072182,119.2528736,507.8924881,517.7643343,18.11500015,54.85499992,49.36000023,10.58750005,400.6001984,11.48990983,1363.729385,0.225365854,0,270.1187744,50.09371052,0.857156707,7.09274292,109.4767291,33.39200149
26/02/20 19:20,4.571746385,119.2528736,218.5850423,157.4638487,18.4874999,52.71749973,49.42749939,10.40500002,401.604599,9.927677795,1180.306864,0.131707317,0.47649158,270.1187744,50.03552418,1.216014711,7.0437994,117.0424307,33.86667156
26/02/20 19:30,4.258745551,119.2528736,111.6200525,122.7207562,18.66750069,50.45499992,49.02249966,10.51250005,402.4270203,9.544798806,1134.600683,0.058536585,0.892504647,261.3738678,50.03935986,0.786360404,5.242154598,124.3469969,30.56236558
26/02/20 19:40,4.989532566,119.2528736,246.91721,203.8381148,19.13000011,48.57249947,49.41249924,9.9650002,401.8676178,9.693012401,1151.010778,0.105365854,0.111999495,238.2893982,50.02705975,1.008285755,5.277380943,110.9764669,23.85689222
26/02/20 19:50,5.705228341,119.2528736,369.0425385,336.1724714,19.55000019,46.93249912,50.16750031,9.575000048,402.0978531,10.52293074,1250.76115,0.169756098,0,238.2893982,49.95934467,0.949232255,4.736821651,146.2608908,45.90696392
26/02/20 20:00,4.406546078,119.2528736,232.4033894,139.1266147,17.21052667,45.594737,50.58157931,9.521052712,401.8093165,9.62997333,1145.480648,0.137560976,0.103157322,238.2893982,49.94728329,1.468524195,6.568781853,165.2557148,54.65313379
26/02/20 20:10,4.884129763,119.2528736,325.844178,192.1384037,12.07894737,44.27894733,51.19999956,9.165789604,402.8456694,10.22565878,1216.497044,0.146341463,0,238.2893982,49.98310009,1.426289616,6.876632214,136.3445096,42.2831536
26/02/20 20:20,4.721508658,119.2528736,260.1947327,174.087461,13.49500003,43.26750031,51.70499992,9.064999914,402.1754669,9.841276914,1169.48727,0.122926829,0.122499442,238.2893982,50.00679455,1.281096177,6.726493835,142.4657487,47.51585209
26/02/20 20:30,4.113252628,119.2528736,226.3484413,106.5710417,16.28500009,42.39499989,51.76249981,8.970000124,402.7013184,9.611579463,1142.373791,0.131707317,0.098999433,238.2893982,50.0292696,1.798006438,6.291948795,147.9202425,60.00496583
26/02/20 20:40,4.928833282,119.2528736,280.5623795,197.1004943,17.625,41.38250008,51.99999924,8.9875,402.887619,9.843690678,1169.91021,0.125853659,0,238.2893982,49.98387985,1.191726664,6.787236691,175.9908704,40.16155124
26/02/20 20:50,4.238772237,119.2528736,192.8734947,120.5037183,18.37249985,40.72749977,52.11999912,8.919999933,403.7541672,9.600526705,1142.907698,0.096585366,0.247499083,238.2893982,49.97381973,1.380222176,6.929052353,156.0040634,38.42571743
26/02/20 21:00,5.358610833,119.2528736,295.9020096,271.7016149,18.77500019,39.84500046,52.36250076,8.630000019,404.7300003,10.00614421,1188.807375,0.16097561,0.02749975,238.2893982,49.9251049,0.95198574,6.263025284,131.9612804,33.42018132
26/02/20 21:10,5.058622217,119.2528736,222.8292534,215.9037324,19.12000046,39.20750008,52.64249878,8.4700001,402.1807648,9.799750015,1165.368708,0.108292683,0.314498022,238.2893982,49.96398964,0.866931493,6.322208881,176.5641445,43.37795401
26/02/20 21:20,5.071783137,119.2528736,215.8442596,218.3516635,19.24749966,38.63749981,52.69499855,8.417500019,403.3600815,9.572190687,1137.04315,0.087804878,0.197496378,238.2893982,49.99158993,0.832115613,6.772380829,115.2422108,28.04376817
26/02/20 21:30,5.916506743,119.2528736,359.0003448,375.4702543,19.3824995,38.0875,52.94750023,8.377500057,399.4597305,10.42114086,1237.163521,0.196097561,0,238.2893982,50.06438484,0.810511356,5.677061558,41.12734137,11.34348128
26/02/20 21:40,6.485335994,119.2528736,484.3257431,514.2753424,19.59500017,37.70749989,53.63499908,8.027500033,398.9404343,11.37361783,1351.152082,0.204878049,0,227.3714066,50.03143482,0.822280451,4.556479931,33.80879869,15.9926717
26/02/20 21:50,5.502117598,119.2528736,408.7870155,298.3938732,20.15749979,37.64499989,54.5925005,8.007499981,399.5557281,10.99648878,1305.761158,0.219512195,0.180997112,215.2405396,50.00932999,1.214016657,4.42481041,70.85681572,33.12011709
26/02/20 22:00,4.986673927,119.2528736,306.1346382,203.5208059,20.21000004,37.26749954,54.39249916,8.062500024,400.4896988,9.9890403,1187.666542,0.163902439,0.001,215.2405396,50.01493511,1.252379115,4.757570744,62.75244918,24.44500823
26/02/20 22:10,4.271423721,119.2528736,174.0642445,124.1280331,18.95999956,36.85749989,54.39249992,7.792499995,402.3088684,9.492971778,1129.29911,0.07902439,0.368499626,215.2405396,50.06790009,1.214308611,4.430224419,115.152172,32.74730091
26/02/20 22:20,4.286310792,119.2528736,161.2482224,125.7804979,12.76750007,36.33750019,54.53999939,7.687500048,401.5575851,9.552016988,1136.188019,0.073170732,0.466000157,215.2405396,49.9126049,1.11215443,4.529966831,127.1340284,38.33228238
26/02/20 22:30,3.907672942,119.2528736,129.1562038,87.16779768,12.83750005,35.80499992,54.39499969,7.394999957,402.2588531,9.510398537,1130.896019,0.084878049,0.719998794,215.2405396,49.89064503,1.230976311,4.592971325,133.6647863,35.99760666
26/02/20 22:40,4.538352466,119.2528736,115.0629261,153.7571237,16.25500007,35.3699995,53.85249977,7.412499976,403.3114822,9.434237748,1121.60618,0.049756098,0.840499406,215.2405396,49.91584969,0.659200727,4.717698097,85.13110495,22.36392609
26/02/20 22:50,4.616036558,119.2528736,183.0937962,162.380058,17.38250008,34.95750103,53.74499855,7.282500005,404.7939774,9.563264877,1136.414818,0.067317073,0.418497229,215.2405396,49.99554958,0.980894132,4.273236752,139.2192854,43.95919323
26/02/20 23:00,4.112454498,119.2528736,233.7176079,106.4824493,17.89499969,34.73500042,54.01500034,7.029999971,404.7673035,9.569143876,1137.549723,0.137560976,0.048999571,215.2405396,49.98443947,1.857843554,4.919956207,116.9942394,50.21924334
26/02/20 23:10,4.698899639,119.2528736,255.066938,171.5778599,18.29750004,34.51249962,54.18999996,7.112500048,401.0915176,9.634989917,1145.11286,0.114146341,0,215.2405396,50.05790539,1.278028431,4.915949345,109.8880526,49.8718009
26/02/20 23:20,4.095265639,119.2528736,184.2467369,104.5744859,18.71500025,34.35000038,54.21000061,7.097500014,400.7091156,9.543907464,1135.265648,0.084878049,0.269999314,215.2405396,50.10306015,1.487017826,5.112761974,127.0467956,36.89092984
26/02/20 23:30,4.296928632,119.2528736,202.5512566,126.9590782,18.96749992,34.02749958,54.36000004,6.994999909,400.7643036,9.536559284,1134.505423,0.114146341,0.195999717,215.2405396,49.94976921,1.385827734,5.29906702,106.865707,39.02222967
26/02/20 23:40,5.293493557,119.2528736,271.9047516,259.5898016,19.19249983,33.80250015,54.56749897,6.960000014,401.827269,9.644689456,1146.759052,0.12,0,215.2405396,50.05372524,0.908926692,4.765699387,69.6541419,24.15667582
26/02/20 23:50,4.818831861,119.2528736,185.8553745,184.8903366,19.45999985,33.61999931,54.47499943,6.780000043,402.3326172,9.469124347,1126.034952,0.087804878,0.245500004,215.2405396,50.0665947,0.851470022,4.100575924,96.22694235,36.06873002
27/02/20 0:00,4.420907533,119.2528736,171.8218193,140.7207362,19.72250032,33.31500034,54.24750004,6.70999999,402.1938004,9.53816852,1133.386648,0.096585366,0.416500541,215.2405396,50.03065472,1.074952217,4.574643612,118.0241608,28.07680457
27/02/20 0:10,5.668307543,119.2528736,314.9528908,329.305203,15.87000012,33.03749981,54.31250019,6.617500043,401.296283,10.11591406,1202.376926,0.131707317,0.073499468,200.7595716,49.99972954,0.830315292,4.557681084,53.23923469,16.55294621
27/02/20 0:20,5.745286179,119.2528736,332.8902863,343.6232292,11.46500006,33.04500008,55.38249989,6.370000029,401.0110001,10.1683377,1210.592354,0.149268293,0,185.6062927,50.00411453,0.834213547,3.761222124,90.15488677,23.62840053
27/02/20 0:30,6.156891036,119.2528736,438.4578827,430.8503232,14.89749999,33.01749992,55.57750015,6.212499952,399.7714813,11.01698273,1309.892813,0.245853659,0,185.6062927,49.88806515,0.868866294,4.676252365,51.33920603,14.86861362
27/02/20 0:40,5.783673549,119.2528736,351.38573,350.7632801,17.08249998,33.08750019,55.67000046,6.115000057,399.3867172,10.3240618,1227.873768,0.152195122,0,185.6062927,49.95326977,0.859374333,4.202217102,41.72354379,16.82051121
27/02/20 0:50,6.143099213,119.2528736,422.1424561,427.3472,17.85749989,32.99750004,55.83500118,6.072500062,399.3564499,10.89862123,1294.739199,0.178536585,0,185.6062927,49.97837963,0.842449508,4.040575981,19.79233284,11.00425794
27/02/20 1:00,6.002376866,119.2528736,361.6247704,391.6037241,18.6124999,33.0625,56.1174984,6.04000001,400.1730621,10.40687478,1237.32023,0.222439024,0,185.6062927,49.94610462,0.777787085,3.715500593,86.69769692,26.42238998
27/02/20 1:10,6.242297149,119.2528736,438.6867767,452.5434758,18.97999992,33.01500015,56.49250011,6.090000033,404.0043121,11.01928197,1309.612576,0.187317073,0,185.6062927,49.96512947,0.833100444,5.076871395,55.72137213,17.76490943
27/02/20 1:20,5.905575326,119.2528736,406.5149825,373.4370106,19.26315769,33.0473683,56.80789425,6.060526271,405.2009791,10.76281061,1278.972925,0.187317073,0,185.6062927,50.03644682,0.923626989,4.266272545,43.87097946,22.24383588
27/02/20 1:30,5.556307266,119.2528736,325.1499184,308.4731514,19.35789419,33.08684198,56.75526308,6.002631539,406.3296718,10.10721619,1201.465838,0.190243902,0,185.6062927,49.97997364,0.927379364,4.56193161,65.52864898,17.85920385
27/02/20 1:40,5.763217616,119.2528736,384.4946594,346.9584766,19.63250046,32.9875,56.86999969,6.192500019,406.0647827,10.58927026,1258.627899,0.163902439,0,185.6062927,49.896175,0.952561964,4.332133293,61.45623107,18.06143658
27/02/20 1:50,6.063243294,119.2528736,475.8383072,407.0637966,20.12249975,32.93999977,57.5125,6.030000067,406.7048538,11.30433762,1342.435644,0.210731707,0,185.6062927,49.9542944,0.990141766,4.167060375,48.8071342,22.53255069
27/02/20 2:00,5.905554819,119.2528736,417.5609726,373.4331964,20.30999928,32.92500038,57.7824995,6.024999976,402.8539185,10.86337405,1290.800955,0.245853659,0,185.6062927,50.00245953,0.948735486,4.62674284,40.07193427,17.07940309
27/02/20 2:10,6.26795063,119.2528736,425.1926575,459.0594601,20.43499975,32.99499989,57.91749992,6.069999981,402.2069168,10.9365541,1299.1077,0.184390244,0,185.6062927,49.93740997,0.797493687,3.999677896,31.98463459,14.46130388
27/02/20 2:20,6.288350797,119.2528736,452.326561,464.2411024,20.83000011,32.95249977,58.21749897,6.192499995,402.2838501,11.12742671,1322.345827,0.190243902,0,185.6062927,49.90452499,0.840128634,3.628519297,36.69737753,15.32293646
27/02/20 2:30,5.558046341,119.2528736,339.1827728,308.7966194,20.96749983,32.96999969,58.39999981,6.147500038,402.1696716,10.19441561,1212.419987,0.219512195,0,185.6062927,49.87136402,0.966175023,3.886475801,56.4314394,23.87628765
27/02/20 2:40,5.094837689,119.2528736,284.2683311,222.6398102,20.79749928,32.86749954,58.1174984,6.035000038,402.0431503,9.731854275,1157.525843,0.125853659,0,185.6062927,49.96050968,1.078709552,4.070330143,62.1732029,25.18598094
27/02/20 2:50,5.016039848,119.2528736,240.9288406,207.9834118,20.71500053,32.60750008,57.875,6.217500043,403.2708862,9.399051324,1117.231739,0.105365854,0,185.6062927,50.06787548,0.966048309,3.773222923,60.7115262,19.64248693
27/02/20 3:00,5.49883182,119.2528736,279.0428909,297.7827186,17.26250043,32.36500025,58.00499973,5.944999981,404.1472137,9.693499938,1153.568521,0.16097561,0,185.6062927,50.13984432,0.830557661,3.575814962,63.28796778,22.81223876
27/02/20 3:10,5.102151418,119.2528736,245.4718994,224.0001637,11.37500005,32.30750027,58.52749977,6.045000005,404.4480637,9.487410799,1128.474106,0.111219512,0,185.6062927,50.12406998,0.9268764,3.842088699,55.4541995,24.79015074
27/02/20 3:20,5.579300332,119.2528736,271.7943092,312.7498618,12.99000006,32.07249994,58.27999916,6,404.9673325,9.628201649,1144.699293,0.114146341,0,185.6062927,50.11718426,0.762386381,3.794887066,61.30337801,21.12970415
27/02/20 3:30,5.170776892,119.2528736,289.9461731,236.7645019,16.46249995,31.94249945,58.05749912,5.892499995,404.9637955,9.816143543,1166.237291,0.169756098,0.013999952,185.6062927,50.10533009,1.046194304,3.705703974,57.42770948,19.10674292
27/02/20 3:40,5.125020313,119.2528736,281.3509171,228.2537783,17.54999981,31.79999981,57.97500019,5.729999948,404.4919449,9.71641092,1154.985065,0.122926829,0,185.6062927,50.03321457,1.046152812,4.132250309,52.92358861,20.30262769
27/02/20 3:50,5.190545928,119.2528736,246.5192009,240.4415427,18.09000034,31.68999996,57.75499992,5.879999948,404.8365295,9.391917989,1116.8134,0.117073171,0,185.6062927,49.97039948,0.878265511,3.950755119,58.56621985,23.17550945
27/02/20 4:00,4.774226201,119.2528736,189.5612984,179.9391083,18.44749975,31.58249989,57.48749962,5.880000138,403.8860321,9.137235805,1086.310804,0.114146341,0.048999571,185.6062927,49.90582981,0.897026432,3.719998598,54.61061702,20.472173
27/02/20 4:10,4.663612294,119.2528736,151.7448944,167.6609647,18.66000061,31.36250019,57.1024992,5.905000067,404.5434616,9.043161392,1075.535625,0.067317073,0.318500414,185.6062927,50.05723953,0.781879212,3.307296276,59.51443729,19.20730733
27/02/20 4:20,4.241909361,119.2528736,119.4849201,120.8519391,18.72500048,31.2375,56.79250011,5.892499971,404.6713516,9.018538803,1072.959057,0.058536585,0.566500248,185.6062927,50.08008003,0.852932965,3.193327427,46.31166272,22.42586327
27/02/20 4:30,3.484039533,119.2528736,62.90902596,55.81892545,18.83249998,30.99750013,56.40249958,5.952499962,404.627298,8.989056945,1067.180368,0.03804878,1.164999576,185.6062927,50.09148006,0.945965324,3.035174131,47.87261262,17.55180136
27/02/20 4:40,3.381964409,119.2528736,50.90183706,48.26536629,19.07500038,30.77500019,56.02249966,5.837500024,404.7230835,8.993644685,1067.82268,0.023414634,1.340000543,185.6062927,50.06472511,0.849342554,2.946635008,46.18971221,13.3154671
27/02/20 4:50,2.94919824,119.2528736,35.24367247,0,19.27749958,30.51500006,55.74750099,5.822500014,404.5707291,8.989065036,1066.25223,0.017560976,1.49000001,185.6062927,50.06481457,1,2.972969532,25.83073642,8.640294957
27/02/20 5:00,2.496922934,119.2528736,19.57972741,0,19.3274991,30.3175004,55.4,5.459999919,402.2762024,8.99443759,1064.84693,0.008780488,1.49000001,185.6062927,49.93068981,1,2.948182583,19.64697223,8.979053307
27/02/20 5:10,1.866243505,119.2528736,2.514991959,0,17.04749994,30.23500004,55.08000031,5.615000057,400.9736038,8.992020607,1064.759966,0.002926829,1.49000001,185.6062927,49.93697948,1,2.97210288,14.27171206,5.132197022
27/02/20 5:20,2.111133814,119.2528736,-9.849135542,0,11.42000003,30.06750021,54.08499985,5.277499962,401.2423325,6.909601414,815.6779132,0.000266075,13.13121412,185.6062927,49.96204414,1,2.657403946,12.1574737,6.21787127
27/02/20 5:30,2.777924991,119.2528736,-3.816659057,0,9.380000019,29.8500001,52.58500004,5.342500138,401.1897156,0.805500202,98.66614616,0.000266075,44.99000168,185.6062927,50.04140491,1,2.773278952,2.879024091,2.53237682
27/02/20 5:40,2.687249804,119.2528736,-4.680929053,0,8.6875,29.71500025,50.96250019,5.297500157,400.5586365,0.790683676,92.48860788,0.000266075,44.99000168,185.6062927,50.06696968,1,3.173530102,3.539205351,2.885316686
27/02/20 5:50,2.530593598,119.2528736,-3.515765047,0,11.59499998,29.5500001,49.87499981,5.325000095,403.8542313,0.748734643,91.03679717,0.000266075,44.99000168,185.6062927,50.07838039,1,3.173052311,3.260481064,3.3486802
27/02/20 6:00,2.25613125,119.2528736,-2.601879555,0,13.21500006,29.38999968,49.19999981,5.270000076,401.3246323,0.624328114,76.35741735,0.000266075,44.99000168,185.6062927,49.99285431,1,3.199549437,3.279362017,2.495816752
27/02/20 6:10,2.035537601,119.2528736,-2.895304537,0,13.58500032,29.29749966,48.34500027,5.239999986,404.8338196,0.431748559,52.04709309,0.000266075,44.99000168,185.6062927,49.95253506,1,3.191779613,2.992434422,3.179889944
27/02/20 6:20,1.878900152,119.2528736,-3.307700038,0,13.60000038,29.17500057,47.90250072,5.25250001,402.6155853,0.287000048,33.95186609,0.000266075,44.99000168,185.6062927,49.98331966,1,3.258194685,3.083062037,2.724163614
27/02/20 6:30,2.053987437,119.2528736,-3.563246536,0,13.52000008,29.07750044,46.48499985,5.202499914,402.3177322,0.057382012,16.0480201,0.000266075,44.99000168,185.6062927,49.93491459,1,3.279036045,2.666554258,2.633525639
27/02/20 6:40,2.564081144,119.2528736,-4.489402544,0,13.40500007,28.95250006,45.83749981,5.182499933,401.2583145,0.34616757,43.55872111,0.000266075,44.99000168,217.9637961,49.87517986,1,3.214574099,2.961490868,4.303584619
27/02/20 6:50,2.946764338,119.2528736,-3.285293037,0,13.69250021,28.83749933,45.82999992,5.17749989,403.338652,3.114870016,372.9467229,0.000266075,28.2599183,271.6431887,50.00559444,1,3.235556126,11.07224041,6.449081552
27/02/20 7:00,2.212614759,119.2528736,-3.241431095,0,14.30526312,28.80000004,47.16315802,5.086842135,402.5094412,9.062300873,1076.556678,0.000266075,1.49000001,281.0944214,50.06071512,1,2.853802681,34.15484371,9.858025501
27/02/20 7:10,2.69181062,119.2528736,-5.025038552,0,14.7849997,28.81749964,47.58749924,5.094999957,400.2033173,8.994689673,1070.736403,0.007317073,1.49000001,281.0944214,49.98036938,1,2.796998262,23.99686382,9.216395903
27/02/20 7:20,3.190436459,119.2528736,41.29132071,34.09229794,15.14000006,28.77249994,47.95500107,5.067500019,399.188179,8.995101973,1070.248856,0.007317073,1.2905026,281.0944214,49.90776482,0.867459268,2.762579918,44.63218749,15.15122399
27/02/20 7:30,3.815807092,119.2528736,69.93614311,80.36972482,15.62000003,28.65750027,48.34250011,5.310000038,398.7795258,9.007183895,1070.608246,0.03804878,1.189999705,281.0944214,49.98744946,0.724758217,3.161871672,47.99835353,14.36747806
27/02/20 7:40,3.945243478,119.2528736,65.05702543,89.94801736,15.90500002,28.625,48.56999893,5.332500052,399.1687317,8.994806439,1068.564342,0.026341463,1.165000243,301.2702694,50.00037975,0.600335767,3.065552235,43.54955435,19.30694287
27/02/20 7:50,4.494192266,119.2528736,142.7741093,148.8553416,16.0500001,28.46999969,48.67000008,5.257499981,403.0132202,8.998126343,1068.725647,0.055609756,0.392000581,312.9237976,49.93798485,0.850204905,3.121591806,44.53131552,21.48643489
27/02/20 8:00,4.216924274,119.2528736,132.0943401,118.0785944,16.11250048,28.4999999,48.86500168,5.070000052,403.1589828,8.996403694,1069.022095,0.08195122,0.491999963,312.9237976,49.92143955,0.961876999,3.11858201,45.72076797,22.38441024
27/02/20 8:10,4.550566614,119.2528736,166.5467556,155.1128941,16.35250006,28.5374999,49.0324995,5.030000067,402.3606506,9.014020845,1071.833485,0.073170732,0.195999717,312.9237976,49.96542511,0.943857227,3.362157106,43.83373618,30.17877374
27/02/20 8:20,4.235096908,119.2528736,150.1256321,120.0957567,16.63250027,28.52250023,49.24999886,4.989999914,401.9688538,9.077623039,1079.101393,0.070243902,0.318999758,312.9237976,50.08749504,1.077441523,3.25997448,78.79625692,30.81255434
27/02/20 8:30,4.236860359,119.2528736,151.8308905,120.2914998,16.81999941,28.49249992,49.39250031,5.019999981,401.9842712,9.332395032,1109.548954,0.087804878,0.42199776,312.9237976,50.04208527,1.088160175,3.367325306,79.62476969,27.75812831
27/02/20 8:40,5.361877823,119.2528736,301.7698021,272.3092751,17.15500031,28.55,49.80499992,5.212500024,401.7955017,9.928217143,1179.313854,0.125853659,0.024499745,312.9237976,50.0180851,0.969037381,4.113004208,68.72672195,31.99684498
27/02/20 8:50,6.038239598,119.2528736,396.9842072,400.712858,17.60499964,28.70999994,50.675,5.025,401.4646637,10.69375809,1272.021944,0.181463415,0,312.9237976,49.99526997,0.837249194,4.399281025,69.36636958,21.31665442
27/02/20 9:00,5.90349443,119.2528736,406.7686676,373.0499639,17.91249971,28.92749958,51.20249977,5.042500043,400.8029205,10.73629873,1276.61935,0.222439024,0,312.9237976,49.93376484,0.925324655,5.124794483,77.05972402,25.07831573
27/02/20 9:10,7.382851505,119.2528736,866.7972916,772.8724028,18.70000019,29.58000011,52.89749985,4.935000038,401.2787491,13.45994349,1597.243355,0.374634146,0,312.9237976,49.96910496,0.93640098,5.336184025,60.08487358,26.46154422
27/02/20 9:20,7.854084859,119.2528736,1053.265296,930.2643427,18.19230777,31.17307678,54.03461574,5.153846117,400.9383334,14.2439035,1691.103208,0.474146341,0,312.9237976,49.93190795,0.9801383,7.60892868,52.01299036,30.47635915
27/02/20 9:30,8.162643552,119.2528736,1185.810336,1043.406847,13.98249993,33.60750027,51.55000038,5.382499981,401.6547195,14.80870968,1757.468708,0.690731707,0,312.9237976,49.99276943,1.004383083,7.775802135,53.38936167,32.72330387
27/02/20 9:40,8.358106613,119.2528736,1214.539505,1120.810219,14.36000013,35.67999973,51.51000004,5.375000024,402.1997223,14.62377021,1735.523792,0.515121951,0.005999997,312.9237976,50.07843552,0.965248898,7.719820023,56.02438354,33.81789107
27/02/20 9:50,8.548576403,119.2528736,1314.929706,1196.236255,11.02249999,38.05499973,51.61000042,5.757500005,402.8501846,14.73863237,1748.484095,0.56195122,0.031499511,312.9237976,50.08616505,0.985816397,8.164679527,56.39130144,33.11290822
27/02/20 10:00,8.973175049,119.2528736,1634.899872,1364.377319,8.975000048,41.01000042,49.87250023,5.992499971,402.9365341,15.1105485,1793.298775,0.942439024,0.961401019,312.9237976,49.96395473,1.088538749,8.64984417,68.50103407,44.41952248
27/02/20 10:10,9.400465345,119.2528736,1693.985519,1543.195445,8.517500019,46.12499943,50.00249958,6.485000086,403.6347641,14.94762728,1775.127142,0.79902439,2.382956717,312.9237976,50.05492458,1.016574245,9.74992466,65.84692869,34.45125399
27/02/20 10:20,8.14911139,119.2528736,1318.427521,1038.04811,8.439999771,48.47750053,49.22499924,6.684999943,404.063002,14.46778826,1717.445892,0.550243902,0.115493805,312.9237976,49.92183475,1.121816712,9.254617691,64.43998375,36.76288428
27/02/20 10:30,7.56307478,119.2528736,975.7480743,833.0669764,8.582499743,49.67000008,48.52749996,7.222499919,404.6040985,14.03087837,1663.69903,0.626341463,0,315.7044145,49.96295414,0.983637384,8.731509209,62.40933189,31.96007974
27/02/20 10:40,7.740755081,119.2528736,1102.464375,892.4121971,10.47249994,49.45749969,47.15249977,7.777500081,404.0654099,14.07096711,1668.878866,0.447804878,0.062999054,329.3872681,50.11052513,1.0575908,6.868869305,79.66271667,34.80913677
27/02/20 10:50,8.679126477,119.2528736,1301.7845,1247.934085,11.48499985,50.60249958,48.05750046,8.02750001,403.7350479,14.48604807,1718.868856,0.623414634,0.432955282,329.3872681,50.12906036,0.939560167,8.865638733,84.39802418,31.69425263
27/02/20 11:00,9.349214172,119.2528736,1535.297714,1521.669952,12.02249994,52.32249985,48.33250065,8.3875,403.040062,15.01593098,1781.052252,0.825365854,0.899152156,329.3872681,50.0909296,0.9323594,10.4230299,74.29239197,32.2217176
27/02/20 11:10,10.1982444,119.2528736,1795.162677,1835.640103,11.42750001,55.20499973,48.60499973,8.379999971,402.6956345,15.09645067,1790.583069,0.775609756,1.409181964,329.3872681,50.13461456,0.957671116,11.18684006,106.6932221,50.30040764
27/02/20 11:20,10.12559071,119.2528736,1781.146762,1820.746095,9.802499914,58.79499989,48.50999985,8.667500114,403.2800156,15.08633794,1788.866318,0.787317073,1.888653846,329.3872681,50.06400509,0.958648492,12.03429699,88.58367929,39.24839082
27/02/20 11:30,10.43835037,119.2528736,1883.079388,1884.861825,9.620000076,62.22000027,48.32500019,9.262500048,403.2588165,15.15003575,1798.239841,1.094634146,2.222476268,329.3872681,50.12558975,0.976122624,11.35831833,111.7244074,41.43865986
27/02/20 11:40,11.76655283,119.2528736,2040.451538,2030.662113,9.927499819,66.37500038,48.49750023,9.480000067,403.4253669,15.18643422,1801.044353,0.895609756,5.713500824,327.9058383,50.06082993,1.005159537,13.19599056,67.41060085,52.67109909
27/02/20 11:50,10.81639423,119.2528736,1936.767285,1962.360818,10.17631566,70.37250137,48.58749943,10.09249988,401.0536682,15.11199018,1792.042934,0.854634146,4.504623424,324.9970093,50.1207946,0.981472213,11.15791321,75.98444271,45.97758255
27/02/20 12:00,13.07183376,119.2528736,2060.451538,2050,10.41000004,73.7499996,49.00526328,10.47105267,397.8952316,15.16326413,1801.051628,1.185365854,10.23055621,324.9970093,49.99334507,1.005830231,11.93592262,55.744837,61.20575752
27/02/20 12:10,11.44128225,119.2528736,1968.735559,2017.65129,10.67749991,77.28000183,49.39249916,10.69749999,399.0087631,15.13871598,1796.738537,0.869268293,5.185911483,324.9970093,50.02235489,0.974890508,11.28043938,76.14240513,56.86816335
27/02/20 12:20,11.69542141,119.2528736,2056.328955,2027.816856,10.8750001,80.3125,49.55499992,11.13749995,400.5194183,15.1458005,1795.992714,0.898536585,6.584319814,318.0617372,50.11053982,1.013877706,11.57055759,70.62228565,56.60848684
27/02/20 12:30,9.72055707,119.2528736,1440.896982,1677.633969,10.97999997,82.11000099,49.01499996,11.42499995,401.1656509,14.73371686,1748.342325,0.939512195,0.849369404,322.9433905,50.09327965,0.818853821,9.783784866,87.8261054,45.63471422
27/02/20 12:40,11.93096104,119.2528736,2002.326801,2037.238441,11.18250012,82.19750023,48.73999996,11.80500007,401.0515503,15.14929256,1798.196514,0.87804878,6.867065187,316.7627477,50.03293495,0.984366439,10.37445068,66.42104177,48.77917852
27/02/20 12:50,13.06839671,119.2528736,2056.749384,2050,11.59249988,84.77250137,50.03249912,12.12499976,401.4504318,15.16540468,1800.687864,0.901463415,9.22768769,312.3235073,50.10392475,1.004027637,10.89803982,79.67691913,72.82423143
27/02/20 13:00,11.43369026,119.2528736,1982.637292,2017.34761,11.81250005,87.30250015,50.4300005,12.48499999,400.2222687,15.17342314,1798.595209,1.185365854,6.547930087,317.1211614,50.03429985,0.982013831,12.2724781,83.56830273,65.26652985
27/02/20 13:10,11.72424896,119.2528736,1882.576825,2028.969958,11.93000021,88.23999939,49.80999966,12.74999995,400.2806686,15.16075739,1795.477055,0.793170732,5.40609806,321.6934047,50.08554516,0.927875945,11.37571716,109.539068,63.39639263
27/02/20 13:20,13.04912891,119.2528736,2019.55459,2050,12.13500004,90.02749901,50.36249981,12.52749991,400.3798355,15.09929717,1790.395615,0.904390244,8.256180458,314.4800102,50.03765469,0.985896132,13.96147633,87.74375772,62.57346711
27/02/20 13:30,12.98352067,119.2528736,2046.458049,2049.835207,12.14166678,91.85833316,50.50000085,12.66388877,399.8516117,15.10334566,1792.872893,1.191219512,9.821404131,301.9481506,50.00397195,0.999211143,12.86134148,111.7297198,74.48404063
27/02/20 13:40,12.14717703,119.2528736,2049.283099,2041.47177,12.38749971,93.74250031,50.59000034,12.91749997,400.7865189,15.13207845,1794.496485,0.898536585,8.17741371,301.9481506,50.0276598,1.005821994,13.26364708,65.11230202,54.8853374
27/02/20 13:50,12.52187953,119.2528736,2054.768365,2045.218795,12.53000011,95.20499992,50.68250008,12.99000006,401.75672,15.1236923,1797.177034,0.901463415,9.22150384,301.9481506,50.03559456,1.006522123,12.30529785,82.08114433,64.42794018
27/02/20 14:00,10.64446838,119.2528736,1874.167255,1927.116018,12.50500002,95.67750015,50.47750092,13.44749994,402.480217,15.18924026,1801.365223,1.109268293,3.20366631,301.9481506,50.01691456,0.957702617,11.79951382,102.1565289,52.92417917
27/02/20 14:10,12.23805895,119.2528736,2057.552405,2042.380589,12.73750019,96.25749893,50.55000019,13.2249999,401.5460999,15.20006664,1801.792248,0.898536585,7.819449338,301.9481506,49.9250145,1.009406132,12.71887207,89.25267086,62.75887685
27/02/20 14:20,14.13024597,119.2528736,2058.161652,2050,13.0650001,97.61000099,50.68500023,13.69249988,401.2051132,15.18843564,1801.002319,0.898536585,12.08871159,301.9481506,49.93399963,1.004075127,13.05206966,99.36484065,64.59345322
27/02/20 14:30,13.26011019,119.2528736,2060.286676,2050,13.15500007,98.85249901,50.74500008,13.56250005,402.6086029,15.1959258,1802.713732,1.202926829,10.60882051,301.9481506,50.00445404,1.005494689,13.98201275,105.4832359,75.40522261
27/02/20 14:40,12.07968378,119.2528736,2036.895551,2040.796838,13.02500014,99.61249886,50.79999962,13.52999992,404.1917297,15.19411567,1800.920746,0.892682927,7.844097872,301.9481506,49.94974003,1.000091168,13.5153513,85.62404766,62.43894114
27/02/20 14:50,11.89322348,119.2528736,2006.947205,2035.728939,12.98999996,100.0599998,50.76499977,13.65250001,404.3547318,15.12927134,1797.012966,0.889756098,7.538494951,301.9481506,49.91905956,0.987100099,12.10331345,99.00221586,74.32399487
27/02/20 15:00,12.90870361,119.2528736,2051.698956,2049.087036,12.9874999,100.4799999,50.75249977,13.62000003,401.7948166,15.27401148,1808.915154,1.182439024,8.961519295,301.9481506,50.04011974,1.002295137,13.26059914,106.7745718,59.56807466
27/02/20 15:10,14.01538124,119.2528736,2063.720007,2050,13.22999992,101.2025005,50.83749981,13.47500005,400.3489532,15.19241855,1800.287344,0.901463415,12.17096554,301.9481506,50.02987995,1.006608527,14.13502884,100.2787331,75.46834517
27/02/20 15:20,12.5051177,119.2528736,2048.40434,2045.051177,13.07000017,101.8650005,50.92999992,13.6124999,400.1614517,15.11606634,1790.525087,0.904390244,9.260851632,303.7511489,49.92995892,1.003522881,12.55668545,95.92233019,72.10818367
27/02/20 15:30,11.13052752,119.2528736,1972.698114,2005.221101,13.02000008,102.2549992,50.85249977,13.96250005,399.4469482,15.12498021,1792.28175,1.170731707,4.828628854,309.6625363,49.9929697,0.986697655,11.88533115,98.66855106,59.72915001
27/02/20 15:40,11.95570483,119.2528736,2017.108917,2038.228193,13.07000008,102.5424995,50.79249973,13.74499998,398.2944473,15.14169846,1795.570513,0.88097561,7.017619658,308.7484434,49.93577499,0.991329129,12.36015129,81.65915442,61.01052246
27/02/20 15:50,11.79658709,119.2528736,2021.330249,2031.863483,13.16499996,102.9675007,50.83999977,13.79249983,397.8082825,15.15424977,1796.430485,0.901463415,6.127282954,306.3384094,49.9251543,0.995368374,12.9751482,104.2921268,52.60202556
27/02/20 16:00,12.02596369,119.2528736,2046.679468,2040.259637,13.14750004,103.3625004,50.84499989,13.91000009,398.3060608,15.20214812,1803.599052,1.176585366,7.230575061,306.3384094,50.03676472,1.005174394,12.33539581,74.80919027,61.69356413
27/02/20 16:10,10.99854789,119.2528736,1976.419507,1999.702317,13.03000011,103.4550007,50.76999989,13.9724999,398.2209488,15.14719856,1797.329035,0.875121951,6.013249215,306.3384094,50.00258026,0.992830593,12.05674267,98.62024736,54.56526022
27/02/20 16:20,10.77576101,119.2528736,1944.990106,1954.031007,12.93249989,103.5825005,50.77500019,13.95999994,398.0405487,15.1312484,1792.518225,0.875121951,4.908277308,306.3384094,49.9181097,0.987577565,12.26451492,91.96762381,46.50970364
27/02/20 16:30,10.26764956,119.2528736,1683.349551,1849.868159,12.6025003,101.6350006,50.08000031,13.98499994,396.9809845,15.12034625,1792.347164,0.974634146,2.732060108,306.3384094,49.93603458,0.890519324,11.5393362,84.55954838,44.08193226
27/02/20 16:40,11.3668282,119.2528736,2010.177271,2014.673128,12.56250024,101.002499,50.42750034,13.69500003,400.1121185,15.13124053,1795.489048,0.889756098,5.158326314,306.3384094,49.90871964,0.997797162,11.6212492,101.8811376,62.20246486
27/02/20 16:50,10.38047242,119.2528736,1805.369183,1872.996846,12.4349998,100.7499989,50.30249939,13.79499984,401.383284,15.15574841,1797.449764,0.831219512,2.454387187,303.2675787,49.99137478,0.942272919,11.72058678,78.12820559,54.31136467
27/02/20 17:00,10.13227327,119.2528736,1919.534686,1822.11602,12.27999969,99.41749878,49.90999985,13.79749999,401.1990677,15.159539,1797.298868,1.062439024,2.777600355,297.5578918,50.05523014,1.032286802,11.36587524,78.45490675,46.59965656
27/02/20 17:10,10.00818295,119.2528736,1786.231885,1796.677506,12.08500013,98.90500107,50.03999939,13.72000022,400.5625153,15.16804996,1800.161551,0.80195122,1.167623554,297.5578918,49.90360031,0.975410364,11.47696972,73.79401448,53.91571
27/02/20 17:20,11.01163464,119.2528736,2040.055121,2000.465385,12.0250001,98.58750038,50.02999897,13.28250003,399.6592468,15.13916087,1794.459578,0.889756098,5.193088223,297.5578918,49.97749443,1.024337774,11.01893997,78.07440147,53.42823656
27/02/20 17:30,11.15161158,119.2528736,1981.533984,2006.064463,11.84210536,99.24210639,50.10789349,13.17631591,398.8807357,15.16320451,1797.629374,1.170731707,4.052841994,297.5578918,50.01647327,0.990439902,11.42235565,93.45501127,68.9139287
27/02/20 17:40,10.20641184,119.2528736,1917.885158,1837.314427,11.60749998,99.48000069,49.9774992,13.14499993,398.2926468,15.17404675,1799.987972,0.854634146,1.336192775,297.5578918,49.89990978,1.022126913,10.4397974,74.21470108,42.01423092
27/02/20 17:50,10.03303804,119.2528736,1767.518713,1801.772799,11.41499977,98.68750076,49.45249977,13.03000026,398.220018,15.15102071,1796.472565,0.769756098,0.255487411,297.5578918,49.98565998,0.962219989,9.726180077,72.52865744,33.23300061
27/02/20 18:00,9.273646259,119.2528736,1562.714935,1489.931429,11.20500016,96.40500031,48.62750034,12.86750026,398.1715805,15.13009389,1794.483564,0.924878049,0.040499717,297.4980781,49.98541489,0.966038411,8.968971252,58.76010523,35.61889791
27/02/20 18:10,8.505177307,119.2528736,1357.744696,1179.050214,10.84750009,93.24000053,48.22250004,12.8099999,397.7466537,15.08555876,1788.203802,0.617560976,0,284.3871155,50.01040516,1.031196374,9.421030045,62.46288185,32.19696336
27/02/20 18:20,8.598194003,119.2528736,1363.156332,1215.884825,10.55999994,89.82249985,47.88000088,12.4650001,397.6059464,15.04571253,1783.735897,0.576585366,0.082993679,284.3871155,49.94604931,1.007142443,8.254073143,50.78305473,27.25062149
27/02/20 18:30,8.931279469,119.2528736,1412.278253,1347.78667,10.30499997,87.22249985,47.74250107,12.10500002,396.9489334,15.05997272,1785.147188,0.84,0,284.3871155,49.90039978,0.950812927,8.069301605,63.23559589,33.42447443
27/02/20 18:40,8.156870532,119.2528736,1130.738455,1041.120731,10.62249994,84.11249962,47.43250008,12.1775002,398.1302505,14.66027199,1738.372124,0.515121951,0,284.3871155,49.91604424,0.959600679,9.495742798,66.46224146,35.38041286
27/02/20 18:50,8.815208149,119.2528736,1578.103137,1301.822427,12.02999997,81.05750084,48.1725008,11.99749999,399.7630005,15.07509305,1786.799944,0.617560976,0.081498328,284.3871155,49.95582962,1.096367872,8.771794319,85.43608265,36.52313399
27/02/20 19:00,8.979523516,119.2528736,1679.976001,1366.891312,12.67000012,80.58749924,49.01999969,11.74749994,400.892337,15.148655,1795.077845,0.951219512,0.132482365,284.3871155,50.09384995,1.116682649,10.12554836,65.58475294,44.31415768
27/02/20 19:10,7.90191474,119.2528736,1178.215472,946.239523,11.29500003,79.33749962,48.06999969,11.63500004,402.2842697,14.66299738,1736.688869,0.538536585,0,284.3871155,50.00286465,1.08272988,9.436759949,64.88717651,35.413869
27/02/20 19:20,7.621323848,119.2528736,933.2643555,852.5221652,10.24249988,76.08250084,47.01499958,11.37249985,403.1510834,13.93270308,1652.849333,0.412682927,0,284.3871155,49.9908802,0.925381316,9.214129448,64.70925875,25.08252633
27/02/20 19:30,7.6500791,119.2528736,850.4912655,862.1264193,11.56315793,72.39473765,46.13421109,10.99473682,403.3426289,13.56595224,1609.564596,0.503414634,0,284.3871155,49.98133649,0.836534968,8.383749008,70.4263527,28.76806515
27/02/20 19:40,7.669735934,119.2528736,829.1954057,868.6918018,12.03421066,68.84473781,45.5947362,10.72631585,402.8309631,13.40214282,1590.469232,0.368780488,0,284.3871155,50.03959977,0.811135616,7.478545189,57.45936936,20.11186291
27/02/20 19:50,7.169419789,119.2528736,686.0857483,701.5862096,13.57750006,65.70749893,46.42249985,10.68499994,400.2052002,12.67991558,1504.935419,0.310243902,0,284.3871155,49.95720959,0.81921911,6.708842278,54.7245697,22.2986959
27/02/20 20:00,6.659563613,119.2528736,557.0613327,558.5291577,15.83000016,62.52500019,48.88999996,10.48249989,402.9370651,11.88445249,1410.427191,0.333658537,0,284.3871155,49.93712482,0.858962776,6.010272503,52.75936937,20.25302758
27/02/20 20:10,5.712393475,119.2528736,336.1805893,337.5051863,16.72749987,59.41500034,49.2699995,10.20499988,403.7089676,10.20252438,1212.084766,0.152195122,0,284.3871155,49.95195942,0.860641152,5.039606571,76.5401433,23.33332911
27/02/20 20:20,5.542156792,119.2528736,334.0026894,305.8411633,17.1500001,56.38749981,49.23749943,9.974999952,403.7581619,10.17235056,1209.675768,0.131707317,0,284.3871155,49.93657436,0.962585978,4.861180305,68.87255931,25.69289999
27/02/20 20:30,7.414184976,119.2528736,798.6405151,783.3377819,17.73000002,53.91750031,50.74000015,9.702499819,403.5713959,13.19272158,1565.784073,0.424390244,0,284.3871155,49.98383503,0.850871551,5.351025105,50.58655548,22.83581328
27/02/20 20:40,8.029569077,119.2528736,1127.371323,990.7093547,17.45500016,53.16749973,52.76249981,9.412500048,402.4502686,14.69056235,1742.260139,0.48,0,271.0932814,49.95344505,0.999634387,5.921746254,42.8007812,25.66691091
27/02/20 20:50,9.45819459,119.2528736,1651.194537,1567.441728,11.79500003,54.04749985,50.22249985,9.212500048,401.8092667,15.1644102,1796.927416,0.690731707,0.024499745,269.0212097,49.91548939,0.977881998,6.758676052,53.01014848,36.70966878
27/02/20 21:00,9.461257362,119.2528736,1874.459094,1568.728092,10.27499995,57.32000008,49.53749943,8.869999933,402.9911346,15.14314261,1795.791132,1.085853659,0.250499814,269.0212097,50.05677528,1.109332384,7.758040905,55.19337153,30.19109468
27/02/20 21:10,9.932615089,119.2528736,1941.724359,1766.698338,9.68499999,61.58500023,49.66500034,8.800000143,404.0605148,15.16027236,1798.654558,0.854634146,0.752450795,269.0212097,49.92387447,1.071248486,8.276833534,42.6607542,35.30732799
27/02/20 21:20,10.0889298,119.2528736,1840.26012,1813.230608,9.515000105,64.94750023,49.53249969,8.805000186,403.3863846,15.14870444,1796.406853,0.810731707,0.18349697,269.0212097,49.96616478,0.994931451,7.834678173,55.5935235,30.69312935
27/02/20 21:30,10.07645578,119.2528736,1981.469391,1810.673436,9.229999971,67.9625,49.39500122,8.980000067,401.150386,15.16327,1799.564358,1.138536585,1.920951337,269.0212097,50.04817505,1.072922287,8.190864563,69.7008749,33.14806986
27/02/20 21:40,10.22723904,119.2528736,1840.36098,1841.584002,9.174999857,71.375,49.38750076,9.052500105,400.8370651,15.18090498,1797.793711,0.80195122,0.989768682,269.0212097,49.95702972,0.978339875,9.65322876,72.01051254,38.46529064
27/02/20 21:50,9.836275721,119.2528736,1736.939764,1726.235803,9.009999895,72.72750015,49.33249969,9.127500153,400.3109863,15.13610941,1795.788763,0.75804878,0.326462592,269.0212097,49.93645439,0.971152551,10.37365055,106.6948622,31.35657902
27/02/20 22:00,9.996637154,119.2528736,1870.557892,1793.587605,8.899999619,74.92750015,49.44000053,9.172500134,400.4588669,15.15737486,1797.785145,1.097560976,0.522490412,269.0212097,49.95368481,1.022967386,12.08851814,56.9994586,46.53058801
27/02/20 22:10,9.342364669,119.2528736,1535.021362,1518.793161,8.820000076,76.05999947,49.17249889,9.337499976,401.6024872,15.14076604,1796.344082,0.690731707,0.051999594,269.0212097,49.99957447,0.933683396,11.46617126,99.03258171,38.16573358
27/02/20 22:20,7.847155285,119.2528736,1072.193839,927.9498652,8.620000219,74.82249947,48.57250023,9.25250001,402.8476349,14.38907504,1706.990685,0.523902439,0,269.0212097,49.96074944,0.999582868,11.12624931,124.976821,54.61934428
27/02/20 22:30,4.677812624,119.2528736,307.5804974,169.2372013,10.51999998,71.21499939,47.83500023,9.470000029,400.7895035,10.25961703,1218.505835,0.234146341,0.171997179,269.0212097,49.92856483,1.566961888,12.02108383,175.7788546,54.43648672
27/02/20 22:40,3.978024852,119.2528736,175.9684994,92.37383907,13.21000009,66.53750076,48.44999962,9.877499819,400.290065,9.624209672,1142.966846,0.073170732,0.485495926,269.0212097,49.97083912,1.579972032,7.860728264,187.1275753,55.01385698
27/02/20 22:50,4.348328173,119.2528736,223.8397514,132.6644272,14.35250001,62.28999939,48.76250019,9.747500086,402.0282852,9.759953231,1159.805609,0.093658537,0.248997253,269.0212097,50.06116467,1.47426427,7.230481148,172.8628523,56.4040741
27/02/20 23:00,5.041860318,119.2528736,217.4656033,212.7860192,14.99749994,58.66500015,49.01999969,9.53499999,403.6872314,9.689908817,1151.993082,0.137560976,0.252500044,263.6285551,49.93655434,0.856074841,7.336837769,146.2576364,42.85767522
27/02/20 23:10,4.256388116,119.2528736,219.2572441,122.4590809,15.73250003,55.56500034,49.26749935,9.282500076,405.3722488,9.633054748,1144.389513,0.093658537,0.195999717,240.4845276,49.93330917,1.547498012,7.228244305,156.907037,35.8716136
27/02/20 23:20,6.175360847,119.2528736,404.8762352,435.541655,16.35750027,52.7875,49.98749981,8.959999943,404.7128983,10.78692685,1281.677805,0.181463415,0,240.4845276,49.90854416,0.794846407,6.638619423,103.7719021,25.63294854
27/02/20 23:30,4.356161618,119.2528736,218.6543633,133.5339396,16.76249981,50.47249985,50.22999897,8.660000086,402.487088,9.575104013,1137.061409,0.134634146,0.125499459,240.4845276,49.91109486,1.43195872,6.158957481,157.2180202,36.34510775
27/02/20 23:40,6.272535503,119.2528736,390.8048248,460.2240177,17.125,48.32499962,50.67999992,8.484999967,402.2666153,10.62423889,1262.668808,0.163902439,0,240.4845276,50.02918949,0.731380048,6.609465599,138.4967535,37.11363707
27/02/20 23:50,4.697563016,119.2528736,251.6822182,171.4294948,17.63500004,46.54000015,51.02749958,8.312500048,402.2374847,9.68145892,1150.656715,0.122926829,0.048999571,240.4845276,50.08249512,1.262387142,6.609766483,166.8775547,28.71594656
28/02/20 0:00,3.649821258,119.2528736,172.8851936,68.08677306,17.92499952,44.99000034,51.24000111,9.012499905,401.1837982,9.581898004,1138.584274,0.108292683,0.390500574,240.4845276,49.98637466,2.127252096,7.407372475,209.1413027,44.63797052
28/02/20 0:10,4.09294523,119.2528736,235.6409531,104.3169205,18.20750055,43.72249985,51.60500011,9.559999895,400.5822479,9.689827099,1152.329836,0.099512195,0.146499505,240.4845276,50.01521931,1.905748809,7.346065998,150.9005725,54.6003726
28/02/20 0:20,4.496902442,119.2528736,345.6011795,149.1561711,18.45749989,42.59000015,52.11250038,9.290000057,400.9890381,10.29447059,1222.436783,0.134634146,0,240.4845276,49.99136028,2.054359941,8.419912338,161.6782721,45.0793241
28/02/20 0:30,4.655890238,119.2528736,287.9827454,166.8038164,18.98500004,41.8300005,52.82249947,9.724999952,400.1300354,9.949907273,1182.970207,0.193170732,0.024499745,240.4845276,49.9378746,1.493118866,8.403102875,152.5431131,42.1154978
28/02/20 0:40,5.489736283,119.2528736,402.8754883,296.0909486,16.2474997,40.95499992,53.27999992,8.959999847,399.9880493,10.70945169,1272.42901,0.172682927,0.024499745,240.4845276,49.94525986,1.204989168,8.702448845,150.924374,46.2736321
28/02/20 0:50,4.712246037,119.2528736,247.3344498,173.0593101,11.07000008,40.20750008,53.75999889,8.494999886,400.4919693,9.722004309,1156.41259,0.108292683,0.171998386,240.4845276,50.08977947,1.226497489,8.751138687,154.7332412,46.98414917
28/02/20 1:00,5.312872863,119.2528736,381.8425278,263.1943525,13.65250006,39.42250004,53.9125,8.264999914,400.9466354,10.59901401,1259.314642,0.210731707,0,240.4845276,50.02605953,1.261770617,7.809809208,128.9961681,41.33977981
28/02/20 1:10,6.138588488,119.2528736,401.4802536,426.201476,16.5125,38.8,54.16250019,7.969999933,401.2790649,10.73195605,1275.832666,0.175609756,0,240.4845276,49.95671482,0.803071956,7.553136349,147.505048,42.14533191
28/02/20 1:20,4.628176403,119.2528736,287.9673141,163.7275807,17.61499987,38.26749916,54.36749992,7.75999999,401.6215973,9.985176802,1186.62826,0.146341463,0.0724995,240.4845276,50.03236008,1.527251067,7.337756157,133.2130167,34.43095937
28/02/20 1:30,5.678869605,119.2528736,296.7589069,331.2697465,18,37.6824995,54.33500004,7.729999995,401.9463501,10.1091751,1199.762335,0.169756098,0.098497939,240.4845276,49.92121029,0.776806404,7.099276543,96.79061241,39.43189521
28/02/20 1:40,4.113159811,119.2528736,159.420961,106.5607391,18.33249979,37.06500053,54.09999962,7.497500086,402.9798157,9.539172158,1134.144636,0.076097561,0.468995624,240.4845276,49.91166477,1.266468801,6.517242432,118.9257316,39.31140108
28/02/20 1:50,4.695867049,119.2528736,160.7311518,171.2412424,18.57368449,36.33947292,53.97631615,7.600000005,400.6074909,9.542360949,1135.198402,0.061463415,0.54368434,240.4845276,49.96533103,0.807265556,5.621219158,147.7465037,26.65089326
28/02/20 2:00,5.315675735,119.2528736,245.0162682,263.7156868,18.61500053,35.81999893,53.87000084,7.547499919,399.1498169,9.541392267,1134.871588,0.137560976,0,240.4845276,49.95260429,0.80829583,4.874756336,75.8134028,18.61508834
28/02/20 2:10,6.141205812,119.2528736,347.0849182,426.8662761,18.56000023,35.29499969,53.8274992,7.444999933,399.4109131,10.28300478,1222.364656,0.143414634,0,240.4845276,49.97924957,0.693333747,4.123717785,55.4060648,17.51065035
28/02/20 2:20,6.735409927,119.2528736,441.9269363,577.7941216,19.04750004,35.18499966,54.45500011,7.155000067,399.5206161,11.07882196,1316.763205,0.193170732,0,240.4845276,49.96998425,0.65467588,4.087761879,132.7417433,35.73133523
28/02/20 2:30,6.193502612,119.2528736,443.6670125,440.1496633,19.70833333,35.04444461,55.06666692,6.888888862,399.9357418,11.07513979,1316.072623,0.260487805,0,229.7459178,49.9779608,0.863103347,6.329590321,114.5171858,34.24135976
28/02/20 2:40,6.297891855,119.2528736,492.6579636,466.6645312,20.06499977,34.93750019,55.71999989,6.685000014,400.474823,11.42486675,1356.367722,0.213658537,0,228.4113159,50.059795,0.910891602,6.778410912,124.6263789,33.1306139
28/02/20 2:50,6.518934083,119.2528736,577.673848,522.8092571,20.48249989,34.88000088,56.50249958,6.802499914,401.7417542,12.0307707,1427.808546,0.248780488,0,228.4113159,50.09733582,0.963775487,6.973331928,88.85743141,19.6731611
28/02/20 3:00,7.461315131,119.2528736,802.546521,799.0792538,19.20999994,35.2425005,56.33499985,6.549999976,401.2825363,13.30076167,1578.981823,0.44195122,0,228.4113159,50.09355545,0.837655197,5.609249592,53.66172686,13.94013115
28/02/20 3:10,7.157279921,119.2528736,663.2200745,697.5314935,16.9525002,35.83000031,54.12000008,6.582500052,401.3630173,12.54852752,1490.311483,0.298536585,0,228.4113159,50.04291496,0.796687764,5.565247059,36.22820625,15.32248937
28/02/20 3:20,6.499127936,119.2528736,599.3614777,517.7784958,19.5875,35.84249992,56.16250019,6.607499957,401.4835968,12.13776049,1442.699656,0.272195122,0,228.4113159,49.9772995,1.01150205,4.503093719,32.78390176,21.51820498
28/02/20 3:30,3.927497709,119.2528736,163.0206577,88.63483045,20.26499949,35.80499992,56.09499969,6.522499919,401.2648849,9.624866545,1143.512169,0.146341463,0.592501229,228.4113159,49.90326958,1.527267383,4.832430363,117.3961044,39.31002631
28/02/20 3:40,3.638126826,119.2528736,109.7206676,67.22138515,17.92749972,35.16000004,55.54750023,6.477500057,401.1942184,9.578507692,1138.763186,0.046829268,1.0650003,228.4113159,49.85919991,1.368105312,4.806942463,112.772252,41.10904045
28/02/20 3:50,3.85142858,119.2528736,124.9642277,83.00571494,12.16750011,34.56499996,55.72000065,6.072499943,401.6097,9.50301978,1129.16213,0.055609756,0.84000196,227.9737586,49.9677948,1.252610596,4.892345428,120.0421831,36.95856771
28/02/20 4:00,4.261325741,119.2528736,122.3771072,123.0071572,13.16750011,34.05500031,55.44000015,6.122500038,402.0783981,9.298076391,1106.067581,0.067317073,0.614999415,192.7705143,50.00662003,0.860417533,4.474782944,54.16387205,14.24496641
28/02/20 4:10,4.645439613,119.2528736,152.3639126,165.643797,16.13250012,33.45,54.75250015,5.999999928,402.5117508,9.010700405,1071.088142,0.064390244,0.318500414,192.1916809,50.02006989,0.796698899,3.347641945,42.60220947,20.53732059
28/02/20 4:20,4.935794091,119.2528736,223.0821571,197.8731441,17.30750017,33.15750008,54.64000034,5.897499967,402.3780548,9.280830413,1102.894341,0.093658537,0,192.1916809,49.98921509,0.943223861,3.120155334,56.27168977,15.87559627
28/02/20 4:30,5.973641992,119.2528736,356.5193314,386.0974104,17.52000008,32.74249973,54.61749916,5.897500014,401.6829361,10.3439911,1228.887594,0.193170732,0,192.1916809,49.95063934,0.779150447,3.248431444,26.42598276,11.35659376
28/02/20 4:40,6.492013555,119.2528736,499.3560293,515.9714429,17.66315791,32.80789546,54.89473785,5.826315754,401.5447902,11.39030508,1354.265074,0.204878049,0,189.7043172,49.97379986,0.845336786,3.342264175,22.68315487,14.62673547
28/02/20 4:50,7.03352375,119.2528736,719.4555695,656.1969326,18.61750021,33.05750008,56.21749992,5.720000005,401.2704636,12.82554562,1523.574617,0.307317073,0,180.6732484,49.95272942,0.92079626,3.8142519,23.27674806,13.71980333
28/02/20 5:00,7.166097069,119.2528736,703.4724823,700.476421,19.29749947,33.55249996,57.29749928,5.467499995,399.8152466,12.75633422,1514.587566,0.421463415,0,184.5063835,49.9154295,0.841358861,3.847691059,27.97502933,13.50486574
28/02/20 5:10,6.748292398,119.2528736,585.3253067,581.0662692,17.21000013,33.82499943,55.53999958,5.42249999,399.1954636,12.0465479,1430.252918,0.263414634,0,179.0209045,49.92638836,0.861363689,3.870169401,13.45883951,16.97566099
28/02/20 5:20,6.55420289,119.2528736,580.1873169,531.7675342,18.3375001,33.91250076,55.94249992,5.439999962,399.1332306,11.96961151,1420.963972,0.234146341,0,179.0209045,50.05098972,0.948466909,3.351697922,32.73517594,17.41303456
28/02/20 5:30,7.845855856,119.2528736,948.9828003,927.5158559,17.06999993,34.43249989,55.72749996,5.500000048,400.9830276,14.00679454,1661.962847,0.532682927,0,179.0209045,50.00046005,0.885020335,3.62928319,20.22279792,15.32355597
28/02/20 5:40,8.445387626,119.2528736,1062.652661,1155.3735,13.4125001,35.53250046,52.84999905,5.417500067,402.6320038,14.49329169,1719.329813,0.459512195,0,179.0209045,50.00592022,0.821894873,4.534260273,30.87988691,24.75728474
28/02/20 5:50,8.080690145,119.2528736,922.7846649,1010.953298,9.64749999,36.68999939,50.87500019,5.475000048,401.7486664,13.87808114,1645.919918,0.421463415,0,179.0209045,50.07897987,0.803758554,5.056465626,37.94692125,20.71919584
28/02/20 6:00,7.60127635,119.2528736,893.6350647,845.8263009,8.64000001,37.30499973,49.6949995,5.532500005,399.2018707,13.69077453,1624.40098,0.515121951,0,179.0209045,49.97570496,0.891116407,5.028395176,38.35872135,16.87265956
28/02/20 6:10,7.875110316,119.2528736,1132.735483,937.2868456,10.10249987,38.24749966,49.3974987,5.54000001,403.416568,14.72662961,1746.415684,0.491707317,0,179.0209045,49.87964478,1.048267335,6.194252014,43.59735289,21.651158
28/02/20 6:20,7.874386549,119.2528736,1099.035403,937.0451074,10.64500012,39.44499989,49.25249863,5.529999924,403.7614349,14.64268483,1738.190912,0.485853659,0,179.0209045,49.90922012,1.017273739,6.893902302,58.58131847,27.10512033
28/02/20 6:30,8.363211274,119.2528736,1305.036401,1122.831665,10.85750008,40.77749977,49.16749916,5.629999995,404.0459671,15.04158416,1783.454533,0.746341463,0,179.0209045,49.94749508,1.035502389,7.249006271,47.00396745,28.31281793
28/02/20 6:40,8.302623367,119.2528736,1190.33895,1098.838853,11.06000023,42.66749935,49.22499962,5.635000062,402.1529327,14.86134633,1763.720993,0.532682927,0,179.0209045,49.93621445,0.962878307,7.606753826,37.6023138,22.42073169
28/02/20 6:50,8.487580085,119.2528736,1091.898288,1172.081714,11.02250009,43.45999985,48.43250027,5.627500057,402.2673508,14.6473209,1736.589054,0.482926829,0,179.0209045,50.0823246,0.833709148,5.836832047,29.98031116,20.73288746
28/02/20 7:00,7.907631922,119.2528736,883.3181549,948.1490619,11.12500038,43.86250076,47.69500065,5.819999981,399.145549,13.66829467,1621.975296,0.535609756,0,179.0209045,49.98899956,0.810522675,5.318192959,38.89623356,18.57394207
28/02/20 7:10,6.933416152,119.2528736,538.2617462,628.0877026,13.08499999,43.28749924,47.44000015,6.025,398.1935608,11.7488358,1395.353891,0.237073171,0,179.0209045,49.98721962,0.723253366,5.240496159,49.67274928,17.19809856
28/02/20 7:20,7.390276408,119.2528736,671.0550446,775.3523203,16.20749993,42.20750046,49.86750011,6.009999943,401.2014206,12.5425816,1488.950443,0.286829268,0,179.0209045,50.00762482,0.722546138,4.768980026,57.98161354,17.72494497
28/02/20 7:30,6.966587377,119.2528736,573.0998856,636.5131937,17.50249996,41.37749958,50.98500023,6.062499976,402.8901001,11.96365361,1421.550505,0.345365854,0,174.2057953,50.03481064,0.758254893,5.193096638,59.7804008,19.80263513
28/02/20 7:40,7.123292089,119.2528736,692.4572205,686.1795576,18.55250034,40.64749985,52.26000042,5.947500038,401.0853668,12.63212219,1499.459965,0.292682927,0,163.6549988,50.06518497,0.846080621,5.449394703,54.86072254,28.21357608
28/02/20 7:50,6.372494626,119.2528736,644.5469635,485.613635,19.63000011,40.33500042,53.6474987,6.294999957,399.8423843,12.3669434,1468.220015,0.301463415,0,179.4648835,49.96080971,1.150942974,5.708441257,65.42920609,22.0828301
28/02/20 8:00,7.687406254,119.2528736,1060.812509,874.5936888,18.05999999,40.12250004,53.78750038,6.287500024,398.9677124,14.21838646,1687.508291,0.55902439,0.006499995,180.1184692,50.09413586,1.032639892,5.68816328,90.79467363,36.95121555
28/02/20 8:10,7.518858933,119.2528736,995.6867126,818.2988838,10.53500004,41.15500088,50.42000027,6.225000072,398.8357437,14.19300248,1684.185179,0.44195122,0,180.1184692,50.10150013,1.016603528,9.466944695,71.9215106,33.11574106
28/02/20 8:20,7.683434033,119.2528736,937.131424,873.2669672,8.934999943,41.55000057,49.52749996,6.090000033,398.3699951,13.96920535,1657.088453,0.403902439,0,180.1184692,50.13251953,0.913246147,8.514353752,55.755583,25.80303593
28/02/20 8:30,7.801250267,119.2528736,984.7418091,912.6175892,13.99000006,41.94749947,52.38499947,6.297500038,398.0347672,14.14508562,1678.928913,0.579512195,0,179.0735389,50.07764969,0.929346265,6.848152637,63.83339591,33.09937344
28/02/20 8:40,6.642467499,119.2528736,737.6016113,554.1867447,14.61999993,42.31250038,51.95999947,6.22249999,397.5071671,12.7650404,1515.865883,0.345365854,0,164.7525635,50.07889996,1.147921874,7.900847912,86.76135397,38.49863644
28/02/20 8:50,6.646439838,119.2528736,773.4561371,555.195719,16.23500018,41.83500023,52.54499989,6.57750001,396.5390686,12.7232535,1511.095825,0.310243902,0,164.7525635,49.94088459,1.20112714,7.606191635,112.151409,39.58915288
28/02/20 9:00,5.887233639,119.2528736,530.7095306,370.0254568,17.54749985,41.52249985,53.84999943,6.44749999,398.4726334,11.6249532,1381.253998,0.336585366,0,164.7525635,49.90234528,1.218822752,9.736916542,134.7103973,43.64470525
28/02/20 9:10,5.886268449,119.2528736,553.6963409,369.8459315,18.13750038,41.08500061,54.38749962,6.789999938,401.0158386,11.82403935,1405.096046,0.234146341,0,164.7525635,49.95293007,1.272336902,8.976984978,133.7717462,28.1626363
28/02/20 9:20,6.164434282,119.2528736,599.9231005,432.7663077,18.44473668,40.3578951,54.99210619,6.957894727,400.4933022,12.13226616,1438.66333,0.260487805,0,164.7525635,49.95104177,1.184284984,8.990167618,103.3631112,43.7393589
28/02/20 9:30,7.201774263,119.2528736,937.4413971,712.392604,16.80250015,40.575,54.39750042,6.84000001,400.9846207,13.87068093,1649.538483,0.52097561,0,164.7525635,50.02002468,1.101763916,10.19786263,110.8179139,50.26235471
28/02/20 9:40,7.632962513,119.2528736,1061.699756,856.4094793,12.85250001,41.40000057,51.53250046,6.997499943,401.5367798,14.45865633,1715.563992,0.462439024,0,164.7525635,50.03117466,1.049293564,12.35202694,135.5831705,61.23188882
28/02/20 9:50,8.427307582,119.2528736,1359.774289,1148.213802,9.792500019,43.00500011,49.88499928,6.977500033,401.782785,14.87489086,1765.789272,0.573658537,0.217484914,164.7525635,50.1026844,1.057573276,14.25214291,120.0826537,62.43770676
28/02/20 10:00,9.771009874,119.2528736,1717.298846,1698.824147,8.99499979,46.49750004,49.76000023,6.862500024,401.8356506,15.10589652,1792.084963,0.977560976,1.346509963,164.7525635,49.95791454,0.968996811,14.01378155,122.793457,50.72394681
28/02/20 10:10,8.805128837,119.2528736,1524.400311,1297.831019,8.75500021,50.02249985,49.55999966,7.372500014,402.7846176,15.07479863,1787.746176,0.67902439,0.450883185,164.7525635,50.00846977,1.062002213,14.27997208,105.9884165,54.734869
28/02/20 10:20,10.15863204,119.2528736,1775.880249,1827.519568,8.597500372,53.40500031,49.62250023,7.584999943,402.7842041,15.16919996,1798.726542,0.740487805,1.313101077,162.9415369,50.0083746,0.951961877,15.00571156,101.1284613,53.41375108
28/02/20 10:30,9.949432778,119.2528736,1871.159723,1773.761767,8.5525002,57.16750011,49.36249981,7.847500038,402.4458862,15.12908341,1794.650871,1.085853659,1.608835395,161.4598694,49.99561977,1.02993282,13.79311943,117.4265008,57.51934667
28/02/20 10:40,8.203778005,119.2528736,1362.795157,1059.69609,8.409999657,59.84500008,49.01249981,8.097500062,401.5565186,14.94494887,1773.262825,0.611707317,0.288794599,161.4598694,49.92002468,1.138535086,14.92544174,114.5884439,54.50536413
28/02/20 10:50,9.936865711,119.2528736,1924.739844,1768.483599,8.399999714,62.03250046,48.95750065,8.334999895,401.5600357,15.18390289,1802.161692,0.796097561,3.331388789,161.4598694,49.89634438,1.061256952,15.15841103,136.4757013,66.22471113
28/02/20 11:00,10.40217214,119.2528736,1855.808356,1877.445288,8.352499628,65.68999901,49,8.367500019,402.3245026,15.15246034,1797.039682,1.109268293,3.423111433,161.4598694,49.9844099,0.966108832,14.21103668,109.9621492,54.55299573
28/02/20 11:10,10.65497463,119.2528736,1864.778125,1929.269799,8.427499771,68.69500008,48.97000046,8.579999876,401.9596512,15.10256991,1794.024965,0.831219512,4.040158171,161.4598694,50.0180994,0.952417361,13.72201633,92.17972755,48.20074511
28/02/20 11:20,10.61327934,119.2528736,1992.351293,1920.722265,8.484210466,72.24473612,49.08684078,8.855263258,401.6135591,15.14638706,1796.317538,0.883902439,3.556920083,161.4598694,50.06228919,1.019643878,12.95167542,84.22281196,50.83925449
28/02/20 11:30,10.89923863,119.2528736,1953.660034,1979.34392,8.505000019,75.36749916,49.09999847,9.087500048,401.8521777,15.17640924,1800.949207,1.135609756,2.996249802,161.4598694,50.07677881,0.986086696,11.79658127,99.29220381,56.50797787
28/02/20 11:40,10.42318478,119.2528736,1914.076642,1881.752879,8.585000324,77.75000038,49.06249905,9.472500134,401.6106843,15.16154999,1798.566982,0.837073171,2.519888688,161.4598694,49.96782848,0.993968493,11.37828064,86.39516106,55.5324502
28/02/20 11:50,10.96402171,119.2528736,1978.004675,1992.62445,8.747500086,79.79999847,49.1849987,9.664999962,401.9504883,15.170545,1795.44532,0.869268293,3.734442015,161.4598694,49.97916946,0.99527228,11.76062965,97.30769253,51.82796392
28/02/20 12:00,10.45620751,119.2528736,2024.422028,1888.52254,8.924999762,82.11250114,49.29249897,10.03249993,401.9727574,15.17098063,1799.818096,1.182439024,3.62110459,161.4598694,49.89403654,1.047184105,11.8038826,98.79221678,53.43777704
28/02/20 12:10,10.19290718,119.2528736,1832.363843,1834.545972,8.984210466,83.95500069,49.19249916,10.18684217,402.6461029,15.15711245,1797.590034,0.810731707,2.032564328,165.2307188,49.97466946,0.97815065,12.21286678,74.31877546,40.47211533
28/02/20 12:20,10.6242476,119.2528736,1954.040973,1922.970757,9.154999971,84.70249939,49.14749851,10.40476181,403.7563095,15.14757648,1796.342686,0.834146341,2.810773986,174.6306458,50.0583149,0.999502659,11.53963089,82.16444492,65.95473232
28/02/20 12:30,10.52345652,119.2528736,2011.95177,1902.308587,9.305000162,86.46578899,49.51749954,10.89473694,398.165065,15.10395531,1791.776499,1.194146341,4.54060669,174.6306458,50.01765499,1.034206689,11.96779346,89.25387716,38.83692942
28/02/20 12:40,11.04998474,119.2528736,2039.565338,2001.99939,9.520000124,88.39499855,49.89999992,11.03500004,399.0253952,15.14856765,1800.467503,0.901463415,4.996342952,174.6306458,50.01427402,1.022814798,11.50061226,71.52607684,65.91886368
28/02/20 12:50,10.35288873,119.2528736,1974.739386,1867.342189,9.562500238,90.04750061,49.7675005,11.24499993,399.5455322,15.12760743,1794.29563,0.869268293,2.143816949,174.6306458,50.00624466,1.034059387,11.39781857,102.2412947,52.58762541
28/02/20 13:00,10.86205797,119.2528736,2018.426202,1971.721884,9.677499914,91.28249969,49.91250019,11.4999999,399.5744156,15.19638035,1800.806293,1.164878049,3.677914565,174.6306458,49.94473457,1.020602326,12.14864922,83.29285278,43.277477
28/02/20 13:10,10.77745008,119.2528736,2019.407904,1954.377267,9.9099998,92.47249908,50.09999905,11.75249991,399.497818,15.16801737,1798.242531,0.886829268,4.3131269,174.6306458,49.98443451,1.025279724,10.45387554,102.346375,49.70539265
28/02/20 13:20,9.935492134,119.2528736,1937.186664,1767.906696,9.997499943,93.57750015,50.10499935,11.86500015,399.7661499,15.17133782,1798.001884,0.863414634,2.193527989,174.6306458,49.99677505,1.068321793,11.07226372,131.4009245,50.19892201
28/02/20 13:30,9.475457692,119.2528736,1645.815642,1574.692231,9.949999809,93.03999901,49.38249931,12.21750002,400.0560349,15.09925219,1792.113659,0.995121951,0.444478218,174.6306458,49.92957935,0.970883696,11.0844326,56.84186339,40.25987341
28/02/20 13:40,8.949070317,119.2528736,1496.098415,1354.831846,10.03214284,91.35357121,48.65357181,12.63214295,400.4469081,14.96282829,1774.692609,0.655609756,0.211402824,174.6306458,50.02387101,1.002491604,10.78301907,75.72506523,54.19569956
28/02/20 13:50,9.520248914,119.2528736,1678.395685,1593.504544,10.16499991,89.40499802,48.27250004,12.39500003,400.0866028,15.11520852,1792.045584,0.752195122,0.489934462,174.6306458,50.0512701,0.98171651,11.42384434,104.9369117,55.43331738
28/02/20 14:00,9.194458747,119.2528736,1439.560468,1456.672674,10.17499986,87.65500145,47.94500084,12.67750006,400.282933,15.06571001,1786.917606,0.845853659,0.166482644,190.5482013,50.05307007,0.906960859,11.74421787,100.6244612,53.68833036
28/02/20 14:10,10.18549187,119.2528736,1763.502802,1833.025834,10.32750006,86.16999893,48.08000069,12.60499988,400.9985336,15.18239848,1801.861776,0.755121951,1.320267458,191.0941162,49.94513493,0.942239995,11.98909664,88.4367898,48.22255282
28/02/20 14:20,10.38745201,119.2528736,1844.162952,1874.427661,10.4599999,86.43499908,48.68000069,12.92000003,401.3302353,15.18253908,1798.782629,0.80195122,2.064405486,191.0941162,50.01360016,0.961723312,12.69653988,82.85180864,48.36934378
28/02/20 14:30,10.69202547,119.2528736,1871.511353,1936.865222,10.51999979,86.90749969,49.10500011,13.08250008,401.515271,15.17289895,1799.145115,1.094634146,2.822644656,191.0941162,49.98242474,0.954135247,12.26899052,85.59005871,54.65271826
28/02/20 14:40,9.318326211,119.2528736,1664.210626,1508.697009,10.70749989,86.8375,48.89250069,13.47249999,402.997316,15.11863741,1793.288773,0.705365854,0.853138332,191.0941162,50.07118549,1.017980722,11.37429523,108.8643074,54.98806109
28/02/20 14:50,9.333181552,119.2528736,1742.196865,1514.936252,10.81428582,87.09642792,49.10714286,13.51071426,403.357023,15.11112552,1791.198259,0.778536585,1.153871328,193.5998244,50.03886414,1.061977338,12.17394161,106.1744199,45.64038059
28/02/20 15:00,10.27032256,119.2528736,1879.73949,1850.416125,11.13750029,87.22499924,49.22750034,13.66499991,404.1237839,15.12703939,1794.433645,1.100487805,1.645413894,189.4896153,50.01104965,0.994092944,12.46002579,83.90056276,44.05947866
28/02/20 15:10,8.720873547,119.2528736,1444.187262,1264.465924,11.31000023,87.37999954,48.99749966,14.01500006,400.0897827,14.89273354,1763.74795,0.649756098,0.370951515,199.7610614,49.9890255,1.030053607,11.43074894,104.2849687,60.96163197
28/02/20 15:20,8.711332512,119.2528736,1404.091177,1260.687675,11.40499964,85.24499855,48.23000011,14.22250004,397.6326172,15.00163856,1777.429018,0.6,0.0005,199.8746338,49.98261509,1.004160355,13.07042694,105.9382315,60.93522115
28/02/20 15:30,8.290557623,119.2528736,1292.153687,1094.060819,11.50499997,83.36500015,47.65750008,14.4124999,396.8011841,14.69015126,1741.016121,0.793170732,0.10598414,199.8746338,49.90980988,1.049304819,14.16585064,129.1902794,51.68347533
28/02/20 15:40,8.09592979,119.2528736,1029.330832,1016.988197,12.04000001,80.71000061,47.03249969,14.47750001,396.3275177,14.02724335,1662.442137,0.444878049,0.008999988,201.3656156,49.92875423,0.89186,13.73376751,126.6445391,44.67378116
28/02/20 15:50,7.396773386,119.2528736,942.806073,777.5223109,13.29500012,77.81500015,47.24249992,15.225,399.4991852,13.93917547,1655.294872,0.427317073,0,202.0697632,49.9418644,1.012223454,12.86307812,167.6024696,57.41030626
28/02/20 16:00,7.893283081,119.2528736,1203.6138,943.3565491,14.01999993,75.32749939,47.37249985,15.66999993,401.2306503,14.61271526,1733.116888,0.664390244,0.055999358,207.5855476,50.05640984,1.10856663,13.86455536,116.1687601,56.86782598
28/02/20 16:10,7.897014093,119.2528736,1134.8392,944.6027072,15.3125001,73.65250092,47.96500015,16.27250004,400.9929535,14.42353548,1707.073236,0.488780488,0.210929755,215.2405396,49.99547977,1.044204176,16.45802879,118.7155081,61.58721771
28/02/20 16:20,7.121046042,119.2528736,835.080307,685.4293782,18.68000002,71.53999939,50.87749996,17.52750025,400.7937195,13.44710071,1596.844048,0.368780488,0,215.2405396,50.01663513,1.021503235,13.89166164,135.1009212,40.94908533
28/02/20 16:30,7.259614992,119.2528736,897.3425934,731.7114074,18.26500015,69.20249825,50.88999996,17.01750021,401.0045013,13.64168175,1614.77619,0.532682927,0,215.2405396,50.05330486,1.025824519,11.92035961,153.6461788,53.82493525
28/02/20 16:40,7.718127322,119.2528736,1077.666812,884.8545256,17.84749985,67.18749924,50.01749954,16.5875001,400.6914886,14.10646534,1672.240883,0.430243902,0.10249204,215.2405396,49.9937294,1.040213838,12.84702873,92.01320667,41.69766378
28/02/20 16:50,9.700286794,119.2528736,1729.682095,1669.120453,17.50750012,67.73250008,52.07500038,16.0900002,399.7180176,15.15310858,1795.456678,0.749268293,0.829402613,215.2405396,49.90689468,0.985803256,12.45936012,85.9560811,45.53813591
28/02/20 17:00,10.3631536,119.2528736,1935.2302,1869.446488,14.71999993,71.11499825,51.17000065,15.7400001,399.8218506,15.16026646,1797.009361,1.109268293,1.957142357,215.2405396,49.93561974,1.012132763,11.17508888,102.4721748,39.39625056
28/02/20 17:10,10.30067229,119.2528736,1921.666681,1856.63782,14.31750007,74.75500031,51.0899992,15.83999996,399.4858276,15.13425475,1795.224461,0.848780488,2.053317767,215.2405396,49.89435482,1.012567984,11.3810215,92.59107809,55.32652307
28/02/20 17:20,11.02097158,119.2528736,2013.212531,2000.838863,14.33250008,78.31749954,51.13499985,15.92750001,399.5481995,15.15724218,1795.554983,0.886829268,4.098589873,215.2405396,49.99343433,1.010552575,11.79552269,103.9595576,59.62353473
28/02/20 17:30,11.09744909,119.2528736,2011.212299,2003.897964,14.35749993,81.96999893,51.21000118,15.93250008,399.3923798,15.13967599,1795.923912,1.176585366,3.813807739,215.2405396,49.99096985,1.007041889,11.85181236,109.6969421,48.42842264
28/02/20 17:40,11.00560172,119.2528736,1991.784253,2000.224069,14.40749974,84.98250008,51.20500088,16.35749989,398.7550461,15.16405897,1797.127939,0.87804878,3.853151552,215.2405396,49.9512598,1.000296826,12.31116962,108.3427097,45.790064
28/02/20 17:50,10.02368267,119.2528736,1848.440808,1799.854946,14.4749999,87.35249901,51.0875,16.47999992,398.1549454,15.08983809,1788.673216,0.819512195,2.376894099,215.2405396,49.97652531,1.007440668,11.45455837,97.75053425,51.33564148
28/02/20 18:00,9.409672062,119.2528736,1794.405243,1547.062266,14.60833367,89.0625,51.05416616,16.67916671,398.2289174,15.16670659,1796.873522,1.106341463,1.191155953,215.2405396,50.02877426,1.074556422,12.9948988,88.79106967,58.69878038
28/02/20 18:10,7.524093509,119.2528736,980.4297821,820.0472319,14.525,88.48999863,49.90750027,16.87499981,398.0797958,13.62667961,1614.772957,0.444878049,0.0584991,215.2405396,49.99949989,0.999509304,12.5064888,112.1208719,34.27765722
28/02/20 18:20,7.732606006,119.2528736,1297.183334,889.6904059,14.32250009,84.5075016,48.44250011,16.91749983,398.1333313,14.41354899,1707.755791,0.471219512,0.497964724,215.2405396,49.99719467,1.247152383,12.07494354,133.5180799,52.81960154
28/02/20 18:30,9.101998854,119.2528736,1647.213306,1417.839519,14.25,83.87499962,49.19249878,17.04749975,398.8614639,15.09315589,1787.219599,0.962926829,0.387476531,215.2405396,50.04120464,1.061540431,13.86000347,115.9595223,58.89117937
28/02/20 18:40,7.667266059,119.2528736,1282.179825,867.8668637,14.18499985,83.72500114,49.08749924,16.95499983,399.135614,14.94478002,1770.891592,0.588292683,0.004499999,215.2405396,49.99059982,1.255115119,14.67738247,139.6078475,52.27010331
28/02/20 18:50,8.319533706,119.2528736,1423.789206,1105.535347,14.1499999,82.12750053,48.72750092,17.10249968,400.4149017,15.02000096,1779.186899,0.623414634,0.096493734,215.2405396,50.04476032,1.14549562,16.51086426,129.5309293,54.09754972
28/02/20 19:00,9.193660498,119.2528736,1406.262662,1456.337409,13.9749999,81.03249931,48.51499958,16.93249998,400.4352173,14.98022099,1776.402746,0.819512195,0.234950317,215.2405396,49.91155491,0.886153556,16.44405937,140.6294318,61.06242037
28/02/20 19:10,8.980674434,119.2528736,1552.735724,1367.347076,13.92999973,80.71500168,48.74500027,16.80749979,401.1767548,15.11798653,1792.384678,0.690731707,0.150995037,215.2405396,49.98047981,1.031793387,16.70931435,118.0855183,60.02219858
28/02/20 19:20,9.83826189,119.2528736,1808.516479,1727.069994,13.91249967,81.52999954,49.10249958,16.85749998,402.8438812,15.17451248,1797.506098,0.763902439,1.424844054,215.2405396,50.08959999,1.010892109,17.01443863,94.64920955,53.8041358
28/02/20 19:30,10.08308275,119.2528736,1900.441669,1812.031963,13.97749991,83.63000031,49.63000031,16.94249992,402.7836334,15.1483629,1793.241835,1.115121951,2.174641427,215.2405396,50.01781502,1.028208023,14.44741821,117.3142041,66.81251955
28/02/20 19:40,9.72632997,119.2528736,1778.255573,1680.058588,14.01999998,85.29500008,49.74250011,17.025,403.6584808,15.13396682,1794.89043,0.79902439,1.772201611,215.2405396,50.01528015,1.009746005,13.9127655,112.4219486,51.20596976
28/02/20 19:50,9.491013122,119.2528736,1699.745557,1581.225511,14.06999998,85.98500023,49.56750011,17.19499989,402.3231506,15.13455494,1792.599272,0.722926829,0.897048731,215.2405396,50.04771004,0.999175613,15.11197567,103.0904343,46.43353169
28/02/20 20:00,9.138344216,119.2528736,1640.137082,1433.104571,14.23499994,86.6224987,49.6550005,17.07999983,398.9418304,15.1101619,1789.655165,0.989268293,0.74722811,215.2405396,50.02463531,1.047555225,14.69674873,117.122226,57.756709
28/02/20 20:10,9.607771182,119.2528736,1847.264386,1630.263896,14.23499994,86.96249962,49.60250034,17.2624999,398.5840454,15.19812825,1799.391191,0.79902439,1.291780925,215.2405396,49.89175453,1.066858054,15.6639595,121.7233721,62.75379772
28/02/20 20:20,9.494706988,119.2528736,1528.713379,1582.776935,14.27250009,88.08749962,49.65249996,17.26499987,400.3721359,14.97541867,1775.772457,0.708292683,0.987214887,215.2405396,49.99520512,0.897887434,16.51437569,120.3723356,60.35709543
28/02/20 20:30,10.38630104,119.2528736,1894.204663,1874.191713,14.37749977,88.59000053,49.82000046,17.42250061,401.5461838,15.16562167,1795.76742,1.106341463,2.267664844,215.2405396,49.96687489,0.987954786,15.46107292,116.5922071,61.8329999
28/02/20 20:40,9.71322484,119.2528736,1863.240485,1674.554433,14.40749969,89.92249947,50.06249924,17.62249975,401.093985,15.15124699,1795.799789,0.813658537,2.312869982,215.2405396,49.9776001,1.059971732,15.72788429,126.8994455,56.46798291
28/02/20 20:50,10.12859797,119.2528736,1838.053979,1821.362585,14.57500029,91.28999939,50.16749859,17.68250036,399.4173279,15.16967002,1797.22649,0.845853659,2.190514982,215.2405396,49.96078472,0.988912878,14.59644508,94.81665649,47.71804845
28/02/20 21:00,11.00419099,119.2528736,1997.912891,2000.16764,14.67999988,92.44500046,50.31750011,17.90000019,399.063916,15.15424579,1796.830175,1.103414634,4.754551748,215.2405396,50.06056995,1.003420793,14.97820854,110.744658,52.38192215
28/02/20 21:10,10.607529,119.2528736,1980.226807,1919.543444,14.88499961,94.00250053,50.47500057,17.74249992,400.6143356,15.19201393,1798.90852,0.848780488,3.852730681,215.2405396,50.07221489,1.013723187,12.94739723,133.3622771,64.8429986
28/02/20 21:20,10.47502992,119.2528736,1946.800909,1892.381134,14.96749988,95.44250031,50.625,17.97999992,399.8070709,15.13368268,1792.830248,0.866341463,3.413486186,215.2405396,49.91748905,1.004806533,13.973773,117.9523367,45.56185107
28/02/20 21:30,10.36263402,119.2528736,1955.551965,1869.339973,15,96.35499878,50.62750015,17.9875001,400.9914505,15.21646214,1802.881039,1.115121951,3.410370658,215.2405396,49.95472965,1.022824367,14.48894787,130.7385143,52.02403889
28/02/20 21:40,9.898645711,119.2528736,1912.939679,1752.431199,15.03750014,97.42749977,50.73250027,18.47249994,402.7377518,15.17865278,1794.57514,0.842926829,2.519832838,215.2405396,50.04520016,1.060327915,15.46751022,138.0340969,62.58876305
28/02/20 21:50,10.67591319,119.2528736,1860.492822,1933.562204,15.08000031,97.34999962,50.66500015,18.26500006,404.1118317,15.15025292,1796.932234,0.79902439,3.060956467,215.2405396,50.04589558,0.949261037,15.46142006,116.2857704,54.45666904
28/02/20 22:00,10.4553165,119.2528736,1968.940961,1888.339882,15.23500032,97.97750015,50.84749985,18.41000004,404.4393448,15.24450096,1808.594799,1.138536585,4.069412188,215.2405396,49.92448959,1.018591927,15.72027111,142.08488,58.97863636
28/02/20 22:10,9.862244654,119.2528736,1812.801318,1737.142755,15.28500023,98.44749947,50.80499973,18.72250013,400.7606674,15.11706711,1788.752804,0.816585366,1.683612762,215.2405396,49.99089489,1.009908018,14.43554783,125.3960604,53.41701016
28/02/20 22:20,10.72124283,119.2528736,1951.255396,1942.854781,15.37749982,98.59249916,50.87000008,18.46500034,401.7987839,15.17343959,1796.231667,0.842926829,4.165666004,215.2405396,49.96577492,0.99337996,14.55147648,114.6246507,55.81702232
28/02/20 22:30,9.710514641,119.2528736,1729.503943,1673.416149,15.39249969,98.81499939,50.75749989,18.81749992,399.8087128,15.07707497,1785.533575,1.044878049,1.695566507,215.2405396,49.94883957,0.984269642,14.35461903,84.92273483,54.41543751
28/02/20 22:40,9.652544141,119.2528736,1605.986102,1649.068539,15.30750017,98.03499908,50.46750011,18.86000013,399.4330658,15.10752489,1791.21353,0.711219512,0.676389088,215.2405396,49.9278101,0.921563737,14.62021828,124.6365945,48.66839962
28/02/20 22:50,9.568994212,119.2528736,1716.954694,1613.977569,15.3250001,96.61499786,50.24999905,18.4875,400.4783188,15.17067803,1795.631395,0.696585366,1.528389241,215.2405396,50.01106968,0.99717377,15.64152336,148.1263128,62.44410439
28/02/20 23:00,9.239435482,119.2528736,1554.844788,1475.562902,15.3150002,95.38249969,50.07999973,18.65000019,401.19664,15.10342455,1790.956427,0.957073171,0.645806029,215.2405396,49.98777981,0.96904531,15.58662605,135.4181352,60.80004807
28/02/20 23:10,8.526004434,119.2528736,1415.08891,1187.297756,15.16000042,93.91500053,49.82999992,18.6749999,401.8440048,14.97646156,1774.971239,0.635121951,0.518166625,203.1673279,50.04272003,1.06806128,17.4514637,120.4849422,66.07741461
28/02/20 23:20,8.983811402,119.2528736,1495.670053,1368.589315,15.07000027,92.40249939,49.61499996,18.59500008,402.061351,14.97955804,1775.12772,0.661463415,0.562025111,207.9985782,50.0365551,0.993053827,15.74041176,116.1358933,57.21583071
28/02/20 23:30,9.702866888,119.2528736,1659.893277,1670.204093,14.9724999,91.28250046,49.65499935,18.54500008,402.2437027,15.06027997,1784.837677,0.96,1.48940516,202.0697632,50.02241421,0.945681195,15.50732327,134.2933475,47.52491813
28/02/20 23:40,9.887879467,119.2528736,1623.160019,1747.909376,14.90749965,91.07500038,49.75249996,18.36499996,402.497818,15.10674812,1789.995472,0.728780488,1.768745586,202.0697632,50.06168537,0.901047385,15.81991768,137.0298567,46.70502248
28/02/20 23:50,10.88429585,119.2528736,1891.090973,1976.280648,14.87999964,90.97000008,49.84999981,18.32999992,402.8114685,15.12849185,1790.43116,0.75804878,3.49168494,202.0697632,50.10251999,0.955192414,16.5923214,166.9919223,56.75232878
29/02/20 0:00,11.01649806,119.2528736,1951.665137,2000.659923,14.88499961,92.30249901,50.2824995,18.25999994,400.8994354,15.14788426,1792.434471,1.153170732,4.77368017,202.0697632,49.94071922,0.979800892,16.71859932,133.0157347,61.61826057
29/02/20 0:10,11.29853661,119.2528736,1964.706317,2011.941464,14.89499965,94.2424984,50.52750015,17.86749964,400.0646179,15.12550955,1793.520138,0.851707317,5.121215559,202.0697632,49.98066425,0.977374844,15.94599438,118.7139336,55.09656925
29/02/20 0:20,11.72350655,119.2528736,2037.496802,2028.940262,15,95.76749878,50.73999996,18.10500021,400.4403183,15.18606842,1800.124254,0.88097561,4.828751166,202.0697632,50.07181034,1.004241477,16.04799461,117.5078125,58.76810551
29/02/20 0:30,12.30625767,119.2528736,2040.058767,2043.062577,15.12777816,97.50555589,50.96052632,17.88888878,399.7007039,15.18401351,1796.884906,1.176585366,6.177358097,202.0697632,49.99264993,1.000471194,15.53922558,88.39370155,63.88469972
29/02/20 0:40,11.82185049,119.2528736,2020.856593,2032.87402,15.22500033,99.10499992,51.07631523,18.1000001,399.2533966,15.18901781,1799.374141,0.88097561,6.07912116,202.0697632,50.03813019,0.994822757,15.23991776,126.9611933,67.77678995
29/02/20 0:50,11.70835948,119.2528736,1965.680844,2028.334379,15.30000019,100.2674988,51.13499947,18.16749983,399.5642334,15.0978574,1789.706348,0.872195122,4.447071884,202.0697632,50.09106998,0.969027424,15.93830109,133.3435006,67.50670166
29/02/20 1:00,11.63316274,119.2528736,2016.968585,2025.326509,15.38499985,101.4149994,51.25500126,18.22750025,399.3119949,15.17361555,1798.254049,1.188292683,5.84913192,202.0697632,50.03984528,0.995242085,15.8891468,108.4771779,53.37880964
29/02/20 1:10,11.88087935,119.2528736,2004.101935,2035.235174,15.49499998,102.7725002,51.42000103,18.27250004,399.7984009,15.13224547,1792.016882,0.889756098,5.767381395,196.3606725,50.00889454,0.98585175,15.9257946,132.6245638,71.36864748
29/02/20 1:20,11.74461203,119.2528736,1989.709277,2029.784481,15.48499994,103.7374996,51.46750069,18.37999992,399.7320984,15.09574293,1789.807085,0.875121951,5.410277418,201.4201259,49.94579926,0.980430541,15.34073639,166.4653894,68.49067717
29/02/20 1:30,14.41859593,119.2528736,2039.728595,2050,15.65750008,104.5249992,51.57250023,18.34999971,400.5553696,15.1700639,1798.923643,1.191219512,9.687393116,198.6203157,50.01044426,0.995525085,16.62015343,118.9287362,79.67450323
29/02/20 1:40,13.77011485,119.2528736,2046.960089,2050,15.73749995,105.5749992,51.76999969,18.2375,400.6010544,15.13731328,1794.859869,0.898536585,10.24695988,199.8746338,50.02834454,0.99852865,16.11497688,108.2281945,77.27580833
29/02/20 1:50,12.48880115,119.2528736,2046.911029,2044.888011,15.7099999,106.3749996,51.85500031,18.58250017,400.7356552,15.17124581,1796.350679,0.889756098,8.192840874,199.8746338,50.07658463,1.002885351,16.90868187,109.5341539,61.01880283
29/02/20 2:00,12.38399744,119.2528736,2027.978583,2043.839974,15.71499987,106.9200001,51.89500084,18.77250004,400.0056366,15.17480247,1801.167091,1.191219512,6.959990309,203.2222305,49.99794483,0.994147434,16.15830231,132.3939373,56.78269954
29/02/20 2:10,12.62560682,119.2528736,2039.266028,2046.256068,15.79000006,107.3724995,51.87500076,18.90000019,400.1519638,15.2033059,1799.608452,0.883902439,7.46829227,206.460022,50.04235992,0.998201038,16.09679985,100.3648117,74.94242496
29/02/20 2:20,12.44751821,119.2528736,2000.567255,2044.475182,15.89500008,107.9224998,51.92500076,18.83749962,400.1862656,15.17180921,1795.708088,0.883902439,7.064047017,205.1430314,50.07054043,0.980388197,17.04886055,158.3021958,78.52633877
29/02/20 2:30,12.77228765,119.2528736,2048.076257,2047.722877,15.95000005,108.35,51.97500038,18.82249985,400.4362701,15.14935054,1794.330048,1.191219512,9.100652483,203.1673279,50.03413429,1.001482438,16.9443264,114.5999537,105.5070923
29/02/20 2:40,12.56394229,119.2528736,2031.89527,2045.639423,15.86000013,108.7250004,52.06499901,18.87249966,400.6172836,15.09763102,1791.627497,0.895609756,8.098319349,203.1673279,50.06389484,0.99502381,17.07445145,117.792804,56.90622082
29/02/20 2:50,13.72222381,119.2528736,2057.079645,2050,15.92750001,109.2275005,52.14750004,18.74249992,401.652301,15.19365866,1798.486685,0.898536585,10.54377226,203.1673279,50.15122032,1.003489926,16.7970314,163.1835891,76.66515388
29/02/20 3:00,14.28450027,119.2528736,2066.458649,2050,15.9775001,109.622501,52.18250046,18.75500031,399.3511185,15.24467231,1807.713427,1.194146341,11.78212096,203.1673279,50.00176926,1.008362609,17.27221107,161.4427582,80.45333698
29/02/20 3:10,15.31943398,119.2528736,2045.031384,2050,16.07000017,110.0975002,52.38250179,18.50750008,399.2739136,15.12028053,1788.159382,0.901463415,11.90875641,203.1673279,49.99451466,0.998257333,18.75789642,139.5867103,75.67469525
29/02/20 3:20,14.60533466,119.2528736,2024.147308,2050,16.02250009,110.5075005,52.40250149,18.88500032,399.1633972,15.17108595,1798.467905,0.892682927,11.36244,203.1673279,50.01490974,0.987967201,16.95603752,146.81213,82.07075729
29/02/20 3:30,16.49937017,119.2528736,2054.53885,2050,16.20789528,110.8736841,52.44473769,18.52631569,398.9281183,15.18318598,1796.880648,1.2,13.9442642,203.1673279,49.95804174,1.003883949,16.18953514,133.8206624,127.8303516
29/02/20 3:40,15.90151687,119.2528736,2052.659314,2050,16.17500067,111.1824993,52.47750034,18.82750006,399.4299957,15.1168166,1790.71796,0.901463415,13.03731822,203.1673279,50.06085491,1.002815015,16.23156738,134.7180296,85.77993269
29/02/20 3:50,14.67590904,119.2528736,2045.019122,2050,16.14000053,111.4275005,52.53499947,18.49749994,399.7467682,15.19609174,1799.395494,0.895609756,11.60670794,188.2932356,50.04520493,0.998102277,16.91013336,118.2163654,95.28644295
29/02/20 4:00,13.78240328,119.2528736,2056.318292,2050,16.07000017,111.664999,52.54499931,18.71500006,398.7468796,15.15626854,1795.615568,1.197073171,11.26516321,196.2566217,49.92857952,1.003087306,15.9313755,131.5950371,79.5818531
29/02/20 4:10,15.21847258,119.2528736,2063.1646,2050,16.12000046,111.8924999,52.57749882,18.38000011,399.6766327,15.18412654,1795.402576,0.898536585,12.46321494,197.6795044,49.94578915,1.006984774,16.36412239,114.5838697,91.0372858
29/02/20 4:20,14.05267329,119.2528736,2027.518726,2050,16.14250059,111.9850021,52.56249905,18.55250006,400.1481674,15.11322159,1791.805344,0.895609756,10.6829264,197.6795044,49.92021904,0.989007689,15.68980885,114.5966681,69.43982067
29/02/20 4:30,13.30091071,119.2528736,2051.798218,2050,15.96500006,111.9750011,52.52499962,18.36249981,400.163916,15.20730896,1801.940941,1.194146341,9.563421684,197.2794652,49.89817963,1.001296985,15.91297913,106.7814769,74.846772
29/02/20 4:40,13.52997184,119.2528736,2040.654828,2050,15.86750007,112.1600006,52.49250011,18.65750027,400.6235031,15.1736666,1800.294674,0.895609756,9.597786837,187.8014221,49.91207466,0.995576501,15.06488991,145.6081629,105.1422493
29/02/20 4:50,16.02943115,119.2528736,2056.210004,2050,16.01000018,112.1875011,52.53749943,18.41250029,400.383522,15.1972889,1799.651407,0.898536585,13.39760826,199.8360328,49.95280533,1.004700504,16.27447319,144.2437099,103.1765714
29/02/20 5:00,14.62698033,119.2528736,2054.791016,2050,15.94999996,112.2736832,52.53947308,18.33421045,398.8677673,15.2203039,1802.018557,1.197073171,11.89526525,192.8715889,49.89706802,1.002908,16.91960335,129.3254979,76.4385829
29/02/20 5:10,13.41109772,119.2528736,2066.382361,2050,15.77250004,112.2025009,52.49250011,18.51000013,398.7990799,15.28447397,1810.329145,0.889756098,9.674683679,191.0134218,49.94753456,1.008264547,16.7367363,118.3116516,74.76602192
29/02/20 5:20,14.16204367,119.2528736,2051.610938,2050,15.7375001,112.2674999,52.49250011,18.50249996,398.6201935,15.164106,1795.227802,0.898536585,11.54166684,187.8014221,49.91307487,1.000928423,16.70174408,159.862417,87.61484394
29/02/20 5:30,13.79266839,119.2528736,2065.053821,2050,15.76250005,112.5350002,52.55749912,18.175,398.4497482,15.2147065,1801.587044,1.197073171,10.48306275,187.8014221,49.87352962,1.007343215,18.07264137,128.2524426,71.96829796
29/02/20 5:40,13.72170391,119.2528736,2018.341925,2050,15.69499993,112.5625004,52.52999954,18.20749979,398.9018982,15.13354728,1793.883425,0.895609756,10.65537595,191.4237449,49.90651493,0.984593055,16.9161911,128.6197876,89.38744869
29/02/20 5:50,14.17186313,119.2528736,2021.059705,2050,15.66750002,112.8974995,52.55749912,18.29500008,399.3766815,15.08407214,1790.437174,0.898536585,10.61969932,194.3868103,49.93216,0.986038186,16.23607826,142.3433214,90.07896538
29/02/20 6:00,13.82079058,119.2528736,2001.860535,2050,15.6249999,112.6449997,52.56999912,18.0749999,400.9270813,15.01265059,1779.95779,1.191219512,10.10525202,196.2008709,50.07834511,0.976503026,16.34524536,119.2929608,71.34849405
29/02/20 6:10,10.29142828,119.2528736,1662.937598,1854.742797,15.15999985,111.975,52.09750061,18.12750015,399.57845,14.86606286,1761.88405,0.725853659,3.438906244,243.5227643,49.9491148,0.877210228,17.01038361,98.58519449,53.68344965
29/02/20 6:20,9.240957737,119.2528736,1437.434338,1476.20225,14.78999982,108.05,50.94750004,17.53000021,397.9841827,14.64111324,1735.1017,0.626341463,1.29602014,258.0455627,49.8996954,0.895543771,13.29139233,136.8750102,52.79753871
29/02/20 6:30,9.168044138,119.2528736,1578.739059,1445.578538,14.3724999,104.95,50.75,17.26249962,398.3525452,15.04882059,1782.471188,0.889756098,0.62634535,258.0455627,49.94342957,1.001046197,15.12691784,104.3980499,42.51758637
29/02/20 6:40,8.438333702,119.2528736,1156.541174,1152.580146,13.87750006,101.2449993,49.6300005,17.08499985,398.3844254,13.97297806,1658.187429,0.477073171,0.302860873,258.0455627,50.04579945,0.896454169,12.1976862,119.5012482,52.34094524
29/02/20 6:50,9.271771526,119.2528736,1696.519305,1489.144041,13.45500011,97.68250084,49.61249962,16.43750024,398.9000687,15.03545746,1781.289625,0.728780488,1.005627311,258.0455627,49.92526474,1.049220613,13.57390785,127.5531548,60.25021601
29/02/20 7:00,7.773907661,119.2528736,1055.442992,903.4851589,13.17000008,96.01500092,49.15750008,16.02750015,402.4827789,13.71042649,1624.365383,0.702439024,0.161990527,258.0455627,50.01300983,1.00342223,14.55590439,130.1404597,39.89778004
29/02/20 7:10,6.049822628,119.2528736,408.5789658,403.6549476,12.95999985,90.52750015,48.7125,16.10500011,401.5181335,10.77963889,1281.239662,0.172682927,0,258.0455627,49.94523468,0.856329102,11.86316586,173.0521662,48.72444878
29/02/20 7:20,5.46920619,119.2528736,326.6810272,292.2723514,14.09999986,84.45750046,50.40750046,15.76499982,400.9163544,10.20134787,1211.214266,0.149268293,0.001,258.0455627,49.9629549,0.987972388,8.927847862,141.2578819,36.30833745
29/02/20 7:30,6.898555851,119.2528736,624.0288742,619.2331861,16.9625001,79.19749985,51.16499977,15.38750005,401.0077164,12.15967682,1444.195107,0.333658537,0,253.5354374,49.97723942,0.8524503,8.188494682,110.7507498,48.16619529
29/02/20 7:40,8.262101412,119.2528736,1153.303714,1082.792159,18.6625,75.77999878,53.35749989,15.23250022,400.2245834,14.16143471,1677.708487,0.506341463,0.010999983,236.9981086,49.9318943,0.945225391,10.02716923,76.60562267,37.8149765
29/02/20 7:50,6.666710174,119.2528736,810.7944138,560.3443842,17.49499989,74.20000153,51.84250031,14.98249993,399.964801,12.73876865,1510.12064,0.392195122,0.23190171,232.8015747,49.89689941,1.245411713,9.87534523,107.8731722,35.60031719
29/02/20 8:00,6.661494112,119.2528736,621.288063,559.0195045,19.725,70.77000084,53.33249931,14.71750007,400.8938705,12.17916839,1446.549768,0.339512195,0,232.8015747,49.97563419,0.957001953,8.711779594,83.56720867,27.65155935
29/02/20 8:10,8.045513988,119.2528736,1087.491278,997.0235391,18.99750004,68.17999992,53.61000023,14.33000007,399.3749161,14.38966727,1706.080124,0.453658537,0,232.8015747,49.88040485,0.958888647,7.239333153,71.15561771,37.75670929
29/02/20 8:20,8.308544683,119.2528736,1147.818475,1101.183695,16.64500027,67.21499901,51.91500053,14.03250012,398.892215,14.60388064,1731.101023,0.512195122,0,232.8015747,49.95247993,0.926720104,9.752092361,62.1278461,44.99644186
29/02/20 8:30,9.851459765,119.2528736,1579.714374,1732.613101,14.92500024,67.40000038,51.66750011,13.67749991,397.816066,15.14664875,1796.049036,0.889756098,0.138489804,232.8015747,49.98972492,0.881377507,9.73956871,78.4805583,47.97267084
29/02/20 8:40,9.144841027,119.2528736,1307.11077,1435.833231,12.92250009,68.53249855,50.85750046,13.61500001,402.3732651,14.89484011,1764.117125,0.591219512,0,232.8015747,49.94674988,0.833522825,10.01024342,73.67904186,40.7638154
29/02/20 8:50,8.89853518,119.2528736,1315.190634,1334.819931,12.26999989,68.02499962,49.95249958,13.38749981,401.1420685,14.905114,1766.835634,0.553170732,0.111994122,232.8015747,49.91765976,0.893243632,9.832724571,73.52458754,43.80993328
29/02/20 9:00,8.845112419,119.2528736,1324.265994,1313.664518,11.9750001,68.08999939,49.30999928,13.10250006,400.2975189,14.98939602,1777.433041,0.76097561,0.001,232.8015747,49.97280426,0.91251327,8.829612732,67.81849823,49.17054515
29/02/20 9:10,8.938203335,119.2528736,1398.0457,1350.528521,11.69250002,68.01000023,48.69750099,13.02249994,400.5353882,15.0179607,1779.378571,0.597073171,0.021499893,232.8015747,49.94482002,0.939497336,8.622493744,52.55144858,44.97513909
29/02/20 9:20,9.682875061,119.2528736,1473.639905,1661.807526,11.54000006,68.98249855,48.54500046,13.11249986,400.4177841,15.10638119,1791.063772,0.67902439,0.111997183,232.8015747,50.03577518,0.841961775,9.600876808,70.08474593,48.40555005
29/02/20 9:30,9.956088794,119.2528736,1651.252078,1776.557293,11.42368397,70.10526235,48.4394734,13.2500002,401.0342279,15.06851811,1786.465115,0.924878049,0.63206921,237.308522,50.08099486,0.908059817,9.520041466,99.94013937,41.18218683
29/02/20 9:40,9.428902972,119.2528736,1166.109079,1555.139248,11.64500012,70.27999992,47.42999973,13.0374999,399.713649,13.84003316,1644.066971,0.450731707,3.031445359,248.3175523,50.07527008,0.695233939,11.24881458,136.6341131,62.8453249
29/02/20 9:50,11.33816748,119.2528736,1916.963074,2013.526699,13.90749998,72.33999977,49.31000023,12.35999994,398.4021667,15.08187166,1790.769625,0.869268293,5.37733218,261.3382568,50.09534988,0.952406716,14.12312508,153.3989346,76.11649809
29/02/20 10:00,9.562107539,119.2528736,1629.530414,1611.085166,12.1474999,75.46000061,49.40749969,12.17000003,398.7727966,15.02900541,1781.159729,1.00097561,1.062967213,261.3382568,49.99176502,0.947345201,18.21501541,124.2576314,56.06839333
29/02/20 10:10,8.634929252,119.2528736,1226.007266,1230.431984,10.82000008,75.71749954,47.75250034,12.15750012,398.8668625,14.59156045,1730.169548,0.538536585,0.094498064,261.3382568,49.97675495,0.89618423,15.21205807,132.6065722,51.7548192
29/02/20 10:20,8.734591269,119.2528736,1380.419339,1269.898143,10.54750004,75.43250122,47.48249989,12.10499997,399.5460129,14.79803163,1755.220488,0.635121951,0.089997257,261.3382568,50.03059006,0.980773256,14.75393391,147.4789192,78.82362328
29/02/20 10:30,9.089108229,119.2528736,1491.863617,1412.425456,10.54999987,74.7166659,47.21944406,12.23055553,399.5745884,14.87523556,1762.737465,0.807804878,0.8783164,261.3382568,49.99776671,0.964503644,17.26718712,103.5143638,47.30302154
29/02/20 10:40,9.247132842,119.2528736,1614.898804,1478.795794,10.66333332,75.40999959,47.3899999,12.03000011,400.8307068,14.8734684,1762.729454,0.652682927,0.955725944,261.3382568,50.0568662,1.004622259,13.79879189,126.1375,56.25133222
29/02/20 10:50,8.542088312,119.2528736,1384.380267,1193.666972,11.02352945,75.49705864,47.44411783,12.22647067,400.6296117,14.42237251,1709.925748,0.582439024,0.707911152,261.3382568,50.07917068,1.03988644,14.48962021,169.5533461,63.44459034
29/02/20 11:00,10.09048901,119.2528736,1806.31889,1813.550246,12.76249995,76.53249931,48.95250072,12.72500005,401.6712006,15.16252841,1799.472433,1.047804878,1.813684705,261.3382568,50.07441044,0.976393937,15.50532055,105.6461665,59.71764584
29/02/20 11:10,11.14448638,119.2528736,1900.106097,2005.779455,12.25999999,78.7349987,49.31000004,13,399.0612976,15.16459049,1800.460218,0.822439024,4.120810164,252.0027004,50.06204987,0.949958767,16.50661469,109.5670211,58.66363859
29/02/20 11:20,11.16778231,119.2528736,1977.483368,2006.711292,11.61249995,81.80749969,49.62000027,13.02250009,399.494632,15.1011951,1792.322113,0.87804878,5.364331933,250.4725251,50.00781498,0.987897523,15.65709972,129.4523672,75.61662345
29/02/20 11:30,11.5654839,119.2528736,1979.907239,2022.619356,11.8750001,84.48999901,49.78500004,13.38999977,399.8978821,15.22225897,1806.728039,1.138536585,6.135712551,255.8504333,50.0916851,0.977778897,14.41458035,140.1830521,87.43024797
29/02/20 11:40,10.41169462,119.2528736,1804.133527,1879.397398,11.9875001,86.34750023,49.81250019,13.63249993,399.3736008,15.05841731,1786.467436,0.784390244,4.01302985,249.2079459,50.00095463,0.938149399,16.40268898,129.7508897,57.2678926
29/02/20 11:50,10.43461928,119.2528736,1945.267029,1884.096953,12.06750026,88.23749924,50.11499863,14.00500007,399.0039429,15.15276432,1795.248831,0.869268293,3.635507937,244.4347165,50.07791519,1.008802477,15.79038334,85.31466699,62.09817791
29/02/20 12:00,10.95457344,119.2528736,1899.431708,1990.687555,12.30249987,89.59500046,50.04249935,14.14499993,399.5109634,15.13530046,1793.261581,1.106341463,5.47213633,247.6554734,50.02488461,0.95617003,15.10123539,117.4837879,67.53892269
29/02/20 12:10,12.2011939,119.2528736,2031.690375,2042.011939,12.41749973,91.74500008,50.35750008,14.69499993,399.7156998,15.17535554,1798.243921,0.883902439,7.598331737,241.5820923,49.99613495,0.996908617,14.88643837,121.4766636,61.46863546
29/02/20 12:20,15.57173368,119.2528736,2047.914628,2050,12.5842108,93.7499996,50.50263174,14.48947369,400.4411027,15.20000404,1805.495802,0.901463415,11.95001037,241.5820923,49.94458891,0.999994354,13.96698093,133.3653825,73.29064058
29/02/20 12:30,15.30501094,119.2528736,2049.622986,2050,12.63250031,95.76750031,50.71000023,14.89750009,400.0923157,15.13215986,1791.454302,1.2,13.57998123,236.7571142,50.07200527,1.000481058,15.18144894,121.9900915,85.29594378
29/02/20 12:40,15.05467715,119.2528736,2047.194324,2050,12.62000041,97.61250076,50.81749954,14.94249992,399.49505,15.14272736,1797.273972,0.898536585,13.45106433,229.5088806,50.05117016,0.998990377,16.00304985,109.1212038,71.30325212
29/02/20 12:50,12.91239748,119.2528736,2022.779828,2049.123975,12.55500011,99.03999939,50.81000004,15.15749998,399.5649506,15.09600301,1786.559469,0.892682927,9.446156431,241.8683477,50.02087955,0.988142006,13.69652843,150.1299913,72.77065048
29/02/20 13:00,11.44022422,119.2528736,1917.228784,2017.608969,12.45999985,99.59000053,50.63250027,15.34250002,399.9408844,15.19789405,1803.270401,1.126829268,6.425940386,252.5577393,50.04675026,0.949417321,16.18923569,150.6730602,63.87577753
29/02/20 13:10,11.70102739,119.2528736,1847.405746,2028.041096,12.49749999,100.0974995,50.64499989,15.63250017,399.7704849,15.11415093,1792.989401,0.819512195,5.023885721,242.2822699,50.0001543,0.910804097,17.38139534,92.76922016,55.61690493
29/02/20 13:20,12.70020957,119.2528736,2053.68905,2047.002096,12.62000017,100.4950001,50.76249981,15.78500013,399.8747345,15.21261214,1803.018019,0.895609756,8.643855084,236.5849812,50.01689472,1.00473483,15.0814333,109.7926264,57.86642432
29/02/20 13:30,15.16083617,119.2528736,2061.034729,2050,12.96999998,101.697501,50.96499977,15.85250006,399.4315353,15.19312294,1801.261654,1.205853659,13.21297039,230.2770569,50.05566044,1.005874491,13.6689043,101.5567931,60.9792583
29/02/20 13:40,15.4376029,119.2528736,2052.417615,2050,13.05500021,102.8075001,51.05999908,15.63249998,399.559819,15.15518989,1797.180639,0.898536585,14.25735551,238.2893982,50.01867905,1.002007328,13.53353882,127.9976789,74.42658091
29/02/20 13:50,13.09885769,119.2528736,2046.057367,2050,12.8974999,103.6525005,51.09749908,15.57499995,401.5560181,15.14277747,1796.831812,0.895609756,8.165363847,238.2893982,50.07248993,0.998767206,14.223423,106.3940378,56.12963352
29/02/20 14:00,13.66800265,119.2528736,2043.58714,2050,13.10500002,104.2850006,51.13249989,15.99249988,400.6967834,15.15325065,1797.522743,1.194146341,9.995623069,238.2893982,49.95709991,0.996935928,14.78466225,114.2660944,62.29652967
29/02/20 14:10,15.82613774,119.2528736,2058.864977,2050,13.16842114,104.9184209,51.20000076,15.83421055,400.6732627,15.15912031,1795.820136,0.901463415,14.08969021,232.8708099,49.97395244,1.005731201,14.00186634,113.5150574,69.01741289
29/02/20 14:20,14.87566051,119.2528736,2039.47572,2050,13.15750012,105.6024998,51.23750114,16.1125,400.2440979,15.19574261,1800.444185,0.898536585,11.64950065,237.6899656,50.00180969,0.995249253,13.58116531,120.4741344,50.3881227
29/02/20 14:30,12.97615962,119.2528736,2053.01145,2049.761596,13.08250017,106.0175003,51.2525013,16.07499995,400.2083023,15.19238904,1802.694986,1.197073171,9.665339751,234.9967041,50.01199951,1.002462598,14.1405201,87.24172077,69.60631852
29/02/20 14:40,12.48154325,119.2528736,2033.993103,2044.815433,12.96749978,106.4000004,51.25500126,15.92999992,400.1136688,15.21798858,1805.853785,0.886829268,7.671893696,234.9967041,50.0662447,0.996593558,13.55517483,91.277707,60.02893476
29/02/20 14:50,14.08051691,119.2528736,2061.953485,2050,12.9349998,106.6099998,51.21250076,15.97499986,400.3658875,15.24608588,1804.508875,0.898536585,11.03258214,228.9139557,50.06333447,1.005847863,13.44028091,113.2806872,60.94046893
29/02/20 15:00,12.52362452,119.2528736,2046.271863,2045.236245,12.8849999,106.9574997,51.2100008,16.24249997,401.1370987,15.19259293,1796.24398,1.191219512,7.538982846,227.4771595,50.05310993,1.002347851,14.66926575,116.9556759,67.82057724
29/02/20 15:10,13.29686403,119.2528736,2023.80578,2050,12.88749995,107.2924995,51.18250046,15.95500002,400.9711517,15.08740903,1786.804201,0.898536585,10.1870449,229.3442519,50.06656933,0.987641793,14.5954771,123.9091505,59.94330158
29/02/20 15:20,14.23731456,119.2528736,2053.511932,2050,12.87750015,107.4925003,51.24750137,15.95249987,400.3976364,15.15424365,1796.762976,0.901463415,12.28834889,229.5088806,49.96854496,1.001972142,14.70369816,118.5887585,71.24166965
29/02/20 15:30,14.41819588,119.2528736,2060.560554,2050,12.85833322,107.71111,51.35555734,15.9305554,399.4738854,15.18911362,1804.180044,1.197073171,12.48991521,231.4568024,49.9475104,1.005691865,13.89337158,118.1117325,64.68436278
29/02/20 15:40,15.89630065,119.2528736,2015.705157,2050,12.6775002,107.8175007,51.26250095,15.89000015,398.8198105,15.2113148,1800.148785,0.889756098,11.65997023,232.0519651,49.93758011,0.984753443,14.00154018,116.9521953,71.01542206
29/02/20 15:50,16.04903312,119.2528736,2062.851953,2050,12.67750001,107.9750011,51.43750076,15.38999987,398.2265305,15.18227068,1798.799543,0.895609756,14.00692584,233.1812904,50.03523445,1.007945877,16.62229538,123.2572378,74.1309783
29/02/20 16:00,13.86370702,119.2528736,2052.963422,2050,12.20999994,108.0275002,51.36500149,15.41000009,398.5292297,15.13946445,1797.229099,1.2,10.90694049,225.1186218,50.06475468,1.001408676,14.5230732,119.0607626,67.65029335
29/02/20 16:10,13.49457316,119.2528736,2042.359448,2050,12.13000016,108.4274982,51.31250134,15.43750005,397.7581177,15.10295302,1792.839752,0.898536585,11.04142853,227.1435398,49.94098434,0.996430862,13.68829346,104.8174267,71.90902185
29/02/20 16:20,14.06832161,119.2528736,2025.726019,2050,12.12000022,108.5274994,51.23500137,15.53000007,398.5333008,15.07994136,1791.0653,0.886829268,10.36830902,226.2013864,49.93709488,0.988157056,15.87442684,118.6617343,66.38758588
29/02/20 16:30,14.91991334,119.2528736,2052.452844,2050,12.19249983,108.4750008,51.2525013,15.21749983,400.8818985,15.16469344,1798.501671,1.197073171,11.77530898,228.4113159,50.01099987,1.001549119,15.34325886,123.2765211,70.57285933
29/02/20 16:40,14.67379308,119.2528736,2059.196729,2050,12.06750011,108.502499,51.3000021,15.14250002,400.3164383,15.20745747,1798.907003,0.901463415,12.47542054,228.4113159,50.04353485,1.005023448,16.34666252,108.807077,73.46121399
29/02/20 16:50,13.17060194,119.2528736,2037.710754,2050,11.89249997,108.6475002,51.30000172,15.0499999,400.123436,15.15411852,1796.057276,0.895609756,8.858208126,224.9573356,50.02435913,0.994596734,15.4118824,124.8665461,75.3299736
29/02/20 17:00,11.11946421,119.2528736,1956.677716,2004.778568,11.54749999,108.5375008,51.28000183,15.08249993,399.4866501,15.17567115,1796.303507,1.164878049,5.42502939,218.5332336,50.0811552,0.979035903,15.26445103,98.93521833,60.89359665
29/02/20 17:10,11.41412535,119.2528736,2033.034357,2016.565014,11.46499987,108.2049995,51.21000099,14.875,398.7771439,15.15225112,1797.55232,0.889756098,6.015218738,218.5332336,50.05612049,1.007608964,12.92924023,96.4247035,55.93799067
29/02/20 17:20,12.32170177,119.2528736,1979.617493,2043.217018,11.4874999,107.889999,51.09249973,14.71749997,397.4410355,15.2684353,1807.323418,0.866341463,7.077662895,218.5332336,50.03186512,0.970752517,12.57695198,153.8507563,63.2415184
29/02/20 17:30,13.11866398,119.2528736,2055.732477,2050,11.50999994,107.6924988,51.1199995,14.54750004,400.224321,15.16873053,1801.193281,1.188292683,9.19632189,226.7953214,50.09327984,1.00346326,14.99462414,103.2836473,70.01707687
29/02/20 17:40,12.51235714,119.2528736,2037.594476,2045.123571,11.3974997,107.6200001,51.15750008,14.72500005,400.5983994,15.13041218,1792.007349,0.889756098,7.286065012,222.5500611,50.03705006,0.998176312,14.36886692,114.7793591,68.34040537
29/02/20 17:50,12.50663977,119.2528736,2051.939612,2045.066398,11.32750006,107.7399998,51.17500057,14.48500013,399.4185822,15.1616769,1797.69453,0.895609756,8.303517702,219.6307983,49.92045975,1.005244078,14.69860172,110.753414,62.83061619
29/02/20 18:00,10.99572654,119.2528736,1942.979773,1999.12394,11.05000019,107.6474987,51.15250034,14.43000011,399.2450134,15.14752083,1795.473347,1.15902439,5.35996972,219.6307983,49.94378414,0.976164419,15.31748581,129.4578972,72.05404439
29/02/20 18:10,11.10918064,119.2528736,1912.600903,2004.367226,10.93000002,107.0075024,50.92249966,14.5374999,399.8087646,15.16978253,1796.767874,0.848780488,4.317534871,219.6307983,49.90999947,0.957301179,15.39698792,137.8032484,63.47604618
29/02/20 18:20,10.80971179,119.2528736,1956.21087,1960.990917,10.6374999,106.5450012,50.48249969,14.45999999,400.548201,15.18076631,1798.843168,0.84,3.353133212,214.8006611,49.95165958,0.991645498,15.25925541,96.18208981,55.02917833
29/02/20 18:30,10.66626079,119.2528736,1935.145874,1931.583462,10.39499969,105.6675007,50.16249866,14.31000004,398.8291992,15.10438728,1790.343384,1.141463415,3.30489729,210.0688212,50.00596523,0.987814249,15.62831402,124.4466075,65.16318579
29/02/20 18:40,11.12286103,119.2528736,1981.222388,2004.914441,10.46999989,105.3650009,50.13999977,14.2125001,398.7399445,15.18826202,1803.031088,0.875121951,5.22327189,216.3381042,50.08836002,0.991207748,16.84474564,116.1729677,72.2143611
29/02/20 18:50,12.94545732,119.2528736,2011.555914,2049.454573,10.6000001,105.5099995,50.6925005,14.2750001,399.5966629,15.13497631,1792.786869,0.87804878,9.946805696,216.3381042,50.04729958,0.982431524,16.39407349,139.9201204,67.22796688
29/02/20 19:00,14.21206961,119.2528736,2044.029413,2050,10.82000008,105.7525002,51.02249947,14.35499992,399.5328125,15.15933569,1797.906715,1.194146341,11.81795754,216.3381042,49.92735977,0.997306507,15.35980511,128.082388,72.21826348
29/02/20 19:10,14.2961206,119.2528736,2044.933209,2050,10.87500005,106.1425003,51.08499889,14.42750001,400.2791336,15.1345,1797.709196,0.895609756,12.15979339,216.3381042,49.91591492,0.997876795,15.96497345,128.9099738,65.31079197
29/02/20 19:20,14.03479743,119.2528736,2048.854669,2050,10.95750003,106.3500019,51.11499901,14.10750022,401.6530701,15.16307755,1799.381269,0.898536585,11.82751434,216.3381042,49.97959442,0.999387657,15.89058113,142.0295843,83.15933886
29/02/20 19:30,14.7596633,119.2528736,2054.486682,2050,10.92000008,106.5150002,51.17500095,14.0625001,402.8651199,15.1782129,1798.528805,1.197073171,11.98137239,216.3381042,49.97178955,1.002660762,15.26478767,133.2032209,69.75824194
29/02/20 19:40,14.46960568,119.2528736,2008.696667,2050,10.99000006,106.7375,51.14500008,14.20999985,403.7044525,15.09493214,1789.175737,0.898536585,12.45666252,216.3381042,49.98349495,0.980456546,15.65468502,139.8029941,89.55803986
29/02/20 19:50,14.0766746,119.2528736,2035.706836,2050,10.93000007,106.6975006,51.2150013,13.94499993,403.8331482,15.15927967,1798.46521,0.895609756,12.11841641,216.3381042,50.04615993,0.993038523,15.11962032,120.2493171,58.56372013
29/02/20 20:00,13.36508126,119.2528736,2001.695135,2050,10.73000002,106.7925011,51.24250164,13.94250011,404.4941483,15.06824961,1786.748617,1.191219512,9.335324549,216.3381042,49.99986,0.976761782,15.00836658,141.7769783,79.79221606
29/02/20 20:10,13.17268085,119.2528736,2052.400531,2050,10.67749991,106.7824989,51.20750103,13.77750001,400.6660324,15.17730944,1803.676884,0.898536585,10.21455831,216.3381042,49.94493446,1.001763938,17.02486801,145.8604595,64.33473148
29/02/20 20:20,13.80807528,119.2528736,2046.379114,2050,10.7875,106.8849995,51.22500153,13.78250027,400.7808014,15.10254206,1788.976667,0.892682927,11.20073674,220.061724,50.08332481,0.99822565,16.03257179,145.5928377,86.67928619
29/02/20 20:30,14.4381608,119.2528736,2061.276935,2050,10.95,106.9900005,51.23250141,13.75749993,399.4142731,15.18363748,1798.94886,1.2,11.80868913,221.8259277,49.96478977,1.006072485,15.43929386,118.1946123,75.4529933
29/02/20 20:40,14.47736478,119.2528736,2063.716815,2050,10.98250012,107.2325001,51.21250095,13.91749997,402.0788528,15.18963853,1803.434458,0.901463415,12.11860695,221.8259277,50.01985989,1.007324256,14.38262081,128.9455061,72.18385496
29/02/20 20:50,13.81596432,119.2528736,2060.767413,2050,11.03500013,107.3224998,51.24000111,14.01749997,403.1171326,15.15491523,1797.444729,0.898536585,11.53506362,221.8259277,50.07299576,1.005240176,15.4839592,101.4024927,92.07264679
29/02/20 21:00,12.5699379,119.2528736,2048.972626,2045.699379,11.18000035,107.4100002,51.20500069,14.13499999,403.6417465,15.13642667,1796.034983,1.2,8.779076263,221.8259277,50.07727966,1.003344387,14.85209846,116.8263118,65.90661589
29/02/20 21:10,10.93822,119.2528736,1947.099176,1987.3351,11.04500017,106.9750004,51.13500099,14.11749997,404.110611,15.19390476,1799.938826,0.837073171,4.97745152,221.8259277,50.06769505,0.980935478,14.27457047,108.6577605,70.34501162
29/02/20 21:20,10.57985229,119.2528736,1904.166254,1913.86972,10.76750007,106.0974998,50.80249996,14.125,403.957695,15.11227892,1790.83148,0.845853659,3.750461549,221.8259277,49.99961948,0.976104312,14.93515587,98.03909445,67.70126228
29/02/20 21:30,11.38902888,119.2528736,1915.319806,2015.561155,10.70499983,105.3275013,50.61999989,13.98750005,403.1322327,15.18625304,1802.917402,1.147317073,4.215548354,221.8259277,50.05523987,0.950033682,14.49901772,115.2260968,55.73178234
29/02/20 21:40,12.78255267,119.2528736,2066.383386,2047.825527,10.74249997,105.2424995,51.0199995,13.84250007,403.3050507,15.22259085,1805.116505,0.898536585,9.316130699,220.5119194,50.01721992,1.010361659,14.81669235,115.2408907,70.92830057
29/02/20 21:50,12.48768773,119.2528736,2031.877631,2044.876877,10.78500013,105.6099995,51.09999866,13.91499991,403.9829193,15.17826135,1796.916372,0.892682927,9.264972749,213.0454102,50.04452,0.995525452,15.15277863,107.5788626,76.17501678
29/02/20 22:00,12.60847359,119.2528736,2037.109485,2046.084736,10.85250006,105.7674995,51.10499878,13.81500006,403.5374817,15.18548222,1800.04351,1.194146341,9.514067971,213.0454102,50.05182018,0.997265365,14.5172472,117.7995947,71.99441378
29/02/20 22:10,11.66703939,119.2528736,2039.803851,2026.681576,10.7224999,105.739999,51.14500008,13.8874999,404.2868286,15.1692097,1802.093731,0.87804878,5.75348409,214.0296946,50.02050972,1.006085319,14.59176922,112.9743078,58.7009192
29/02/20 22:20,11.23601811,119.2528736,1994.880292,2009.440724,10.73749995,105.5424995,51.11499958,13.85750008,403.9374512,15.13917209,1794.720629,0.889756098,5.68223974,222.9234924,50.02317467,0.994390641,13.28034782,82.46335936,63.92354717
29/02/20 22:30,8.644579737,119.2528736,1358.131033,1234.253576,10.62631572,103.6157885,49.55263138,13.98157898,400.5989653,14.73357416,1746.753827,0.834146341,0.203659993,222.8079833,49.97372617,0.98999934,14.30358791,127.6366292,53.37962808
29/02/20 22:40,8.101312947,119.2528736,1248.509573,1019.119927,10.30999994,98.94250107,48.04750061,13.80499997,400.9743652,14.68068261,1740.573589,0.51804878,0.024999746,215.2405396,50.02605476,1.079766429,15.82290745,126.9141527,63.11263437
29/02/20 22:50,10.67667425,119.2528736,1819.189313,1933.718221,9.952499819,96.24500008,48.32250042,13.64000006,401.4888809,15.20875745,1803.87719,0.769756098,2.184058062,215.2405396,50.09068489,0.928152798,15.60232544,123.3283312,57.41715393
29/02/20 23:00,10.97939157,119.2528736,2004.586865,1995.775273,9.849999619,96.78749962,48.90249996,13.53500004,399.0621643,15.18170808,1800.425085,1.176585366,5.000061701,215.2405396,50.07130051,1.007904637,15.71493149,105.8184978,50.42250471
29/02/20 23:10,12.00957327,119.2528736,2057.823889,2040.095733,9.909999657,97.92750015,49.57499962,13.08999996,399.4937653,15.22442982,1804.886295,0.895609756,7.420554506,215.2405396,50.07634487,1.010733448,14.55044174,128.8698076,51.37296772
29/02/20 23:20,12.51792569,119.2528736,2063.183282,2045.179257,9.9474998,99.30750046,50.13249912,13.04749999,400.591452,15.21356951,1803.075897,0.898536585,8.526563632,215.2405396,50.115765,1.010672215,13.51837349,108.9402256,66.37119207
29/02/20 23:30,11.98271327,119.2528736,2053.450543,2039.308531,9.984999943,100.3900002,50.36250019,13.12750001,401.1307663,15.19159698,1801.662844,1.197073171,6.964438012,215.2405396,50.04303989,1.008851608,13.74140835,102.8326087,57.2525691
29/02/20 23:40,10.45674574,119.2528736,1935.1224,1888.632877,9.964999866,101.1824997,50.24249954,13.10250006,401.8577652,15.14073001,1795.163132,0.860487805,4.072023825,215.2405396,50.11736984,1.000928178,13.65040493,96.52403269,57.26054101
29/02/20 23:50,9.636951518,119.2528736,1711.392581,1642.519638,9.85499959,100.4100006,49.31499958,13.29499993,402.6650833,15.11607921,1792.557587,0.749268293,2.549005315,215.2405396,50.054245,0.984247306,13.59693146,109.7095448,46.35300741